state,district,crop_type,season,land_area_hectares,soil_type,ndvi_current,ndvi_30day_avg,rainfall_mm,avg_temperature_c,past_yield_ton_per_hectare,agri_trust_score
Maharashtra,Pune,Sugarcane,Rabi,3.16,Loamy,0.746,0.618,473.5,17.5,3.3,60.73
Uttar Pradesh,Kanpur,Rice,Rabi,1.32,Alluvial,0.705,0.857,50.7,39.8,4.09,45.48
Maharashtra,Pune,Maize,Rabi,4.72,Red,0.628,0.298,327.5,24.2,3.28,54.6
Maharashtra,Nagpur,Rice,Rabi,7.27,Alluvial,0.802,0.676,478.0,15.3,5.71,72.02
Haryana,Karnal,Wheat,Rabi,3.85,Black,0.369,0.678,629.5,35.8,1.87,55.09
Maharashtra,Nagpur,Rice,Rabi,6.66,Loamy,0.346,0.597,79.7,36.1,3.25,31.07
Maharashtra,Pune,Cotton,Rabi,14.44,Alluvial,0.791,0.723,562.7,29.7,5.83,99.65
Punjab,Ludhiana,Maize,Kharif,12.13,Alluvial,0.252,0.891,783.6,20.0,1.03,59.42
Uttar Pradesh,Lucknow,Rice,Kharif,11.68,Loamy,0.252,0.451,160.1,36.6,4.12,31.5
Karnataka,Mysuru,Sugarcane,Rabi,9.07,Red,0.392,0.593,413.8,39.3,5.24,52.84
Uttar Pradesh,Lucknow,Sugarcane,Rabi,10.8,Loamy,0.278,0.508,241.6,37.4,3.38,32.61
Karnataka,Mysuru,Cotton,Rabi,9.26,Black,0.578,0.342,945.7,30.0,4.47,94.41
Karnataka,Belagavi,Rice,Kharif,9.68,Loamy,0.81,0.763,227.2,37.3,3.7,58.69
Punjab,Ludhiana,Maize,Kharif,13.65,Black,0.39,0.653,50.5,23.8,2.52,36.7
Karnataka,Mysuru,Wheat,Rabi,2.24,Alluvial,0.436,0.86,357.0,28.0,4.52,77.21
Haryana,Hisar,Rice,Rabi,4.08,Loamy,0.687,0.699,190.7,39.9,2.33,38.91
Karnataka,Belagavi,Cotton,Kharif,13.67,Red,0.368,0.301,515.0,39.6,2.21,34.0
Uttar Pradesh,Lucknow,Wheat,Kharif,11.06,Loamy,0.457,0.643,651.9,28.4,1.45,71.11
Uttar Pradesh,Kanpur,Cotton,Rabi,10.59,Red,0.801,0.428,259.2,32.8,5.05,67.34
Maharashtra,Pune,Rice,Kharif,10.52,Red,0.471,0.856,180.6,23.5,1.57,45.77
Maharashtra,Nagpur,Sugarcane,Rabi,12.35,Red,0.589,0.571,279.8,17.3,5.49,54.93
Punjab,Ludhiana,Maize,Kharif,5.56,Loamy,0.708,0.828,892.7,34.5,4.21,98.17
Maharashtra,Nagpur,Rice,Rabi,10.2,Black,0.606,0.461,943.1,39.3,2.42,69.39
Uttar Pradesh,Kanpur,Maize,Kharif,14.92,Loamy,0.323,0.213,519.2,19.5,2.83,39.74
Punjab,Amritsar,Maize,Kharif,1.86,Black,0.457,0.386,281.8,39.3,2.97,31.99
Karnataka,Belagavi,Wheat,Rabi,9.85,Alluvial,0.668,0.805,268.7,27.5,3.86,75.24
Maharashtra,Nagpur,Sugarcane,Kharif,7.31,Red,0.396,0.818,760.3,38.8,2.65,63.98
Maharashtra,Pune,Rice,Kharif,1.59,Black,0.414,0.334,305.1,27.1,2.86,50.59
Haryana,Karnal,Rice,Rabi,8.77,Alluvial,0.268,0.631,990.6,18.5,3.59,73.64
Punjab,Ludhiana,Sugarcane,Rabi,10.69,Black,0.452,0.406,818.9,35.3,5.34,79.02
Punjab,Amritsar,Cotton,Rabi,12.08,Black,0.655,0.691,806.0,37.3,2.69,75.35
Uttar Pradesh,Lucknow,Maize,Rabi,2.75,Alluvial,0.887,0.787,867.4,21.3,1.19,86.64
Punjab,Amritsar,Maize,Kharif,11.66,Loamy,0.351,0.636,131.1,16.3,3.66,29.64
Maharashtra,Nagpur,Rice,Kharif,14.65,Black,0.561,0.426,805.4,21.8,3.19,74.1
Karnataka,Belagavi,Wheat,Rabi,12.62,Alluvial,0.687,0.486,214.6,18.9,2.25,39.97
Karnataka,Mysuru,Maize,Kharif,14.35,Black,0.717,0.588,631.1,25.5,2.24,77.55
Punjab,Ludhiana,Rice,Rabi,2.18,Loamy,0.232,0.229,862.7,32.6,3.37,64.63
Karnataka,Mysuru,Cotton,Kharif,5.52,Black,0.525,0.655,95.7,38.7,5.43,45.28
Haryana,Karnal,Wheat,Rabi,7.8,Loamy,0.8,0.661,204.8,16.8,4.21,53.41
Uttar Pradesh,Kanpur,Maize,Kharif,8.84,Alluvial,0.472,0.65,485.3,28.6,5.71,84.38
Haryana,Karnal,Wheat,Rabi,3.34,Loamy,0.249,0.271,67.3,17.4,4.42,19.76
Karnataka,Belagavi,Maize,Kharif,10.38,Loamy,0.438,0.382,521.2,32.3,2.74,56.04
Maharashtra,Pune,Cotton,Rabi,12.15,Alluvial,0.397,0.324,763.1,35.2,5.95,75.5
Karnataka,Belagavi,Wheat,Rabi,6.72,Alluvial,0.726,0.728,148.0,37.6,3.53,49.46
Uttar Pradesh,Lucknow,Cotton,Kharif,6.14,Black,0.208,0.834,136.7,23.0,5.75,53.71
Karnataka,Mysuru,Sugarcane,Kharif,4.75,Black,0.43,0.671,764.8,34.8,4.95,81.22
Haryana,Karnal,Wheat,Rabi,14.94,Black,0.239,0.716,568.6,32.6,5.84,74.7
Maharashtra,Pune,Sugarcane,Kharif,1.97,Alluvial,0.259,0.691,119.1,35.5,4.53,39.94
Uttar Pradesh,Kanpur,Cotton,Kharif,5.93,Red,0.459,0.769,949.9,39.7,4.77,83.23
Karnataka,Belagavi,Cotton,Rabi,8.6,Black,0.497,0.834,155.6,27.3,1.06,49.93
Maharashtra,Nagpur,Cotton,Kharif,11.62,Alluvial,0.776,0.721,697.0,20.9,3.0,80.83
Punjab,Amritsar,Sugarcane,Kharif,6.83,Loamy,0.761,0.885,578.2,23.1,1.22,73.97
Karnataka,Belagavi,Sugarcane,Rabi,8.53,Black,0.879,0.566,647.9,32.4,3.27,84.86
Uttar Pradesh,Kanpur,Sugarcane,Rabi,11.19,Black,0.841,0.871,105.0,24.9,1.53,57.91
Maharashtra,Nagpur,Wheat,Kharif,7.22,Alluvial,0.447,0.609,123.8,39.4,5.93,43.91
Karnataka,Belagavi,Sugarcane,Kharif,9.24,Alluvial,0.39,0.293,122.4,38.5,3.08,21.49
Haryana,Hisar,Wheat,Kharif,14.02,Alluvial,0.806,0.232,75.0,24.4,5.05,55.81
Haryana,Karnal,Sugarcane,Rabi,6.2,Red,0.78,0.598,110.3,15.9,1.67,31.92
Maharashtra,Pune,Maize,Kharif,8.25,Alluvial,0.725,0.839,605.9,33.2,4.79,90.19
Punjab,Amritsar,Rice,Rabi,4.15,Black,0.392,0.345,884.3,33.9,1.23,60.91
Uttar Pradesh,Lucknow,Sugarcane,Kharif,4.96,Black,0.771,0.878,134.0,34.8,3.95,61.79
Haryana,Karnal,Maize,Kharif,3.59,Red,0.295,0.21,383.1,29.7,2.96,46.13
Haryana,Hisar,Sugarcane,Rabi,8.44,Black,0.516,0.837,333.1,28.1,4.49,77.89
Punjab,Amritsar,Maize,Rabi,11.65,Red,0.246,0.232,639.8,23.7,2.05,48.05
Uttar Pradesh,Lucknow,Wheat,Kharif,2.37,Loamy,0.29,0.306,181.9,31.0,1.91,30.44
Uttar Pradesh,Lucknow,Sugarcane,Rabi,10.18,Alluvial,0.321,0.335,88.8,19.2,2.39,18.4
Punjab,Ludhiana,Wheat,Kharif,7.18,Alluvial,0.344,0.455,528.2,32.3,1.2,47.23
Uttar Pradesh,Lucknow,Rice,Rabi,5.97,Red,0.202,0.808,130.3,29.9,5.93,59.64
Haryana,Karnal,Cotton,Kharif,1.4,Black,0.303,0.293,702.8,36.1,4.75,60.62
Haryana,Hisar,Rice,Rabi,8.22,Loamy,0.37,0.388,408.4,15.5,2.61,31.12
Punjab,Ludhiana,Rice,Kharif,5.47,Loamy,0.532,0.449,666.4,27.0,3.92,80.77
Punjab,Amritsar,Sugarcane,Rabi,2.35,Alluvial,0.399,0.454,663.6,29.3,2.78,69.79
Punjab,Ludhiana,Wheat,Kharif,0.61,Red,0.358,0.456,513.4,36.3,1.44,40.2
Uttar Pradesh,Lucknow,Wheat,Rabi,6.45,Loamy,0.888,0.278,428.0,39.2,5.33,63.68
Uttar Pradesh,Kanpur,Cotton,Kharif,13.98,Loamy,0.59,0.6,316.0,34.2,1.94,48.75
Punjab,Amritsar,Cotton,Kharif,4.01,Red,0.28,0.627,324.2,29.5,1.77,47.54
Uttar Pradesh,Lucknow,Cotton,Kharif,5.85,Red,0.518,0.584,571.5,20.0,4.42,67.41
Karnataka,Mysuru,Cotton,Rabi,11.52,Black,0.617,0.53,441.2,23.7,5.65,76.56
Karnataka,Belagavi,Sugarcane,Rabi,14.87,Red,0.344,0.465,930.1,33.0,1.24,66.37
Punjab,Ludhiana,Cotton,Kharif,3.42,Alluvial,0.315,0.315,823.8,31.6,3.62,70.99
Haryana,Karnal,Wheat,Kharif,10.4,Alluvial,0.516,0.7,904.7,30.6,3.7,94.09
Punjab,Ludhiana,Maize,Rabi,6.07,Black,0.58,0.835,643.0,17.9,5.7,81.62
Maharashtra,Pune,Sugarcane,Kharif,13.24,Red,0.547,0.719,594.5,39.9,4.76,66.85
Punjab,Amritsar,Cotton,Kharif,3.47,Loamy,0.7,0.546,766.9,17.6,3.68,74.09
Maharashtra,Nagpur,Maize,Kharif,7.78,Loamy,0.578,0.54,438.5,34.3,1.06,48.36
Maharashtra,Nagpur,Rice,Rabi,4.15,Red,0.442,0.327,913.0,29.6,3.0,81.09
Maharashtra,Nagpur,Cotton,Rabi,9.0,Loamy,0.554,0.628,67.2,36.8,5.66,49.15
Karnataka,Belagavi,Wheat,Rabi,0.83,Red,0.656,0.74,405.7,16.7,1.39,46.09
Punjab,Amritsar,Maize,Rabi,3.92,Red,0.316,0.33,845.6,23.3,2.56,64.99
Karnataka,Mysuru,Wheat,Rabi,1.29,Red,0.435,0.762,54.4,23.3,2.99,42.55
Haryana,Karnal,Wheat,Kharif,5.53,Loamy,0.716,0.517,263.4,26.3,1.7,56.26
Karnataka,Belagavi,Wheat,Rabi,5.02,Alluvial,0.746,0.394,259.1,20.3,3.58,51.41
Punjab,Amritsar,Maize,Kharif,6.51,Loamy,0.26,0.898,527.1,29.9,1.34,60.81
Uttar Pradesh,Kanpur,Maize,Kharif,3.47,Black,0.333,0.226,498.5,29.1,1.33,46.68
Haryana,Hisar,Maize,Rabi,6.89,Black,0.481,0.592,197.5,19.5,5.31,51.06
Haryana,Karnal,Wheat,Kharif,9.84,Red,0.486,0.218,198.3,32.9,4.29,44.02
Uttar Pradesh,Kanpur,Cotton,Kharif,3.34,Loamy,0.554,0.617,372.3,29.2,5.44,78.23
Haryana,Karnal,Sugarcane,Rabi,4.03,Red,0.706,0.799,838.7,24.9,4.34,100.0
Haryana,Karnal,Rice,Rabi,9.68,Alluvial,0.715,0.794,166.6,36.9,4.21,56.45
Karnataka,Belagavi,Wheat,Rabi,5.37,Alluvial,0.778,0.454,82.5,35.8,2.73,40.76
Maharashtra,Pune,Wheat,Rabi,14.25,Red,0.735,0.298,875.0,27.2,5.47,100.0
Punjab,Amritsar,Rice,Rabi,11.25,Alluvial,0.689,0.482,257.1,31.1,3.11,58.37
Karnataka,Belagavi,Wheat,Kharif,4.45,Alluvial,0.213,0.84,161.9,29.4,2.37,45.6
Haryana,Hisar,Cotton,Kharif,3.49,Alluvial,0.208,0.296,905.0,36.8,3.99,62.28
Karnataka,Mysuru,Maize,Kharif,8.81,Red,0.787,0.483,782.4,25.6,2.77,87.79
Karnataka,Belagavi,Maize,Rabi,11.68,Black,0.248,0.786,465.3,37.9,4.61,54.85
Karnataka,Belagavi,Sugarcane,Kharif,3.62,Black,0.222,0.384,615.3,16.3,3.48,42.13
Punjab,Amritsar,Wheat,Kharif,7.38,Red,0.441,0.446,442.2,32.6,3.99,59.45
Uttar Pradesh,Kanpur,Maize,Kharif,12.09,Alluvial,0.686,0.391,610.7,24.0,1.46,63.62
Punjab,Amritsar,Wheat,Kharif,10.51,Alluvial,0.565,0.261,960.3,34.0,4.19,83.27
Punjab,Amritsar,Wheat,Kharif,7.6,Black,0.355,0.891,946.9,16.0,4.53,80.69
Karnataka,Belagavi,Sugarcane,Rabi,13.77,Red,0.224,0.688,332.5,38.1,5.86,50.77
Maharashtra,Pune,Sugarcane,Rabi,7.1,Red,0.566,0.651,667.7,24.1,3.8,80.67
Karnataka,Mysuru,Wheat,Kharif,5.43,Black,0.707,0.246,349.5,28.5,4.95,72.12
Punjab,Amritsar,Sugarcane,Kharif,6.69,Black,0.814,0.492,488.8,39.8,1.0,46.63
Uttar Pradesh,Lucknow,Cotton,Kharif,14.97,Alluvial,0.445,0.737,431.8,27.0,4.14,74.29
Haryana,Hisar,Rice,Rabi,6.56,Black,0.495,0.716,276.8,17.8,2.77,42.51
Karnataka,Mysuru,Maize,Rabi,4.52,Alluvial,0.837,0.232,154.0,24.8,1.62,44.5
Karnataka,Mysuru,Wheat,Kharif,1.8,Loamy,0.492,0.815,947.5,26.7,4.07,100.0
Maharashtra,Pune,Wheat,Rabi,6.32,Alluvial,0.786,0.361,839.1,18.0,1.23,64.64
Punjab,Amritsar,Rice,Kharif,11.8,Alluvial,0.445,0.24,970.6,37.1,5.64,80.11
Uttar Pradesh,Kanpur,Sugarcane,Kharif,7.97,Alluvial,0.544,0.897,902.6,26.6,4.11,100.0
Punjab,Amritsar,Wheat,Rabi,8.91,Loamy,0.264,0.814,302.3,18.2,5.44,52.3
Haryana,Karnal,Maize,Kharif,5.27,Loamy,0.852,0.715,317.3,21.3,1.03,55.31
Haryana,Hisar,Sugarcane,Kharif,1.68,Black,0.354,0.678,122.3,36.3,3.48,36.26
Uttar Pradesh,Kanpur,Cotton,Kharif,10.1,Red,0.581,0.805,747.2,28.0,5.34,100.0
Uttar Pradesh,Kanpur,Sugarcane,Kharif,10.77,Alluvial,0.786,0.688,696.1,30.5,4.76,98.31
Haryana,Karnal,Cotton,Rabi,0.92,Black,0.778,0.29,368.4,33.6,1.8,50.7
Karnataka,Mysuru,Rice,Rabi,4.25,Loamy,0.335,0.259,360.1,29.0,1.58,42.11
Karnataka,Mysuru,Sugarcane,Kharif,2.36,Black,0.398,0.213,460.6,36.0,2.96,41.09
Maharashtra,Nagpur,Wheat,Rabi,10.47,Black,0.247,0.411,722.8,16.7,3.91,52.01
Uttar Pradesh,Kanpur,Sugarcane,Kharif,13.14,Alluvial,0.881,0.878,762.2,18.3,4.79,95.44
Uttar Pradesh,Lucknow,Sugarcane,Kharif,10.41,Red,0.512,0.392,997.3,25.7,3.26,89.28
Maharashtra,Nagpur,Cotton,Kharif,1.69,Alluvial,0.676,0.658,309.6,38.8,1.76,42.79
Karnataka,Mysuru,Rice,Kharif,14.49,Red,0.732,0.51,346.4,23.0,4.62,68.79
Punjab,Ludhiana,Sugarcane,Kharif,10.87,Loamy,0.594,0.53,566.1,19.0,2.02,54.44
Uttar Pradesh,Kanpur,Cotton,Rabi,8.19,Red,0.213,0.758,329.5,37.8,5.84,52.48
Punjab,Amritsar,Sugarcane,Kharif,2.2,Black,0.288,0.68,458.8,20.0,3.46,51.32
Uttar Pradesh,Kanpur,Maize,Kharif,7.1,Alluvial,0.208,0.251,422.9,27.0,4.0,52.7
Punjab,Amritsar,Cotton,Rabi,11.81,Alluvial,0.228,0.536,149.7,21.1,5.93,44.72
Haryana,Hisar,Cotton,Rabi,0.64,Black,0.429,0.562,133.5,23.8,1.17,33.19
Haryana,Hisar,Maize,Kharif,8.73,Red,0.683,0.76,240.1,19.2,1.52,44.91
Uttar Pradesh,Kanpur,Cotton,Rabi,9.12,Loamy,0.632,0.629,333.9,38.4,5.74,62.44
Uttar Pradesh,Lucknow,Wheat,Rabi,1.66,Black,0.826,0.583,826.4,26.3,4.22,100.0
Uttar Pradesh,Kanpur,Cotton,Kharif,1.38,Loamy,0.373,0.312,878.2,20.5,5.88,79.16
Karnataka,Mysuru,Wheat,Kharif,6.79,Red,0.231,0.313,69.8,31.3,2.66,26.1
Maharashtra,Nagpur,Sugarcane,Kharif,6.35,Black,0.354,0.493,243.4,36.0,1.87,30.23
Karnataka,Belagavi,Wheat,Rabi,6.67,Black,0.442,0.46,988.3,16.0,5.34,79.09
Karnataka,Belagavi,Sugarcane,Rabi,7.56,Red,0.811,0.83,450.6,21.9,3.96,79.27
Karnataka,Belagavi,Cotton,Rabi,9.66,Black,0.713,0.292,730.0,37.7,1.9,58.85
Haryana,Karnal,Wheat,Rabi,6.49,Black,0.248,0.506,142.5,25.1,3.96,42.45
Punjab,Ludhiana,Cotton,Kharif,5.03,Red,0.479,0.801,58.6,29.7,3.99,56.27
Uttar Pradesh,Kanpur,Cotton,Rabi,1.57,Red,0.319,0.564,370.2,35.7,3.15,44.12
Maharashtra,Pune,Wheat,Kharif,4.16,Loamy,0.451,0.466,625.3,23.9,3.67,68.85
Maharashtra,Nagpur,Sugarcane,Rabi,8.99,Black,0.808,0.344,156.3,21.7,1.29,38.55
Karnataka,Mysuru,Rice,Rabi,2.27,Alluvial,0.517,0.854,350.3,27.7,1.21,62.41
Haryana,Hisar,Maize,Rabi,10.45,Red,0.212,0.426,974.4,29.5,2.27,75.14
Maharashtra,Nagpur,Rice,Kharif,2.52,Alluvial,0.221,0.416,719.4,20.0,4.37,59.95
Karnataka,Belagavi,Rice,Rabi,3.9,Alluvial,0.874,0.379,678.6,39.5,2.87,65.34
Haryana,Hisar,Sugarcane,Rabi,13.04,Alluvial,0.738,0.279,805.7,38.0,4.0,73.09
Punjab,Amritsar,Sugarcane,Kharif,5.55,Alluvial,0.312,0.623,352.2,36.7,5.97,56.55
Karnataka,Mysuru,Rice,Kharif,11.21,Alluvial,0.815,0.483,360.7,31.7,5.04,76.44
Uttar Pradesh,Lucknow,Sugarcane,Kharif,12.36,Loamy,0.284,0.581,55.5,23.1,2.83,31.59
Karnataka,Mysuru,Rice,Rabi,9.15,Black,0.582,0.511,63.9,29.7,1.84,42.14
Punjab,Ludhiana,Sugarcane,Rabi,8.36,Loamy,0.866,0.793,918.5,35.3,1.54,89.16
Karnataka,Mysuru,Sugarcane,Kharif,8.24,Red,0.626,0.735,822.3,33.0,5.78,100.0
Uttar Pradesh,Lucknow,Sugarcane,Rabi,13.5,Red,0.25,0.868,672.0,24.5,1.99,67.0
Haryana,Hisar,Rice,Rabi,7.55,Black,0.38,0.399,341.9,35.1,3.7,44.67
Haryana,Hisar,Sugarcane,Kharif,4.45,Red,0.489,0.285,222.1,32.0,1.91,36.89
Punjab,Amritsar,Sugarcane,Rabi,3.19,Red,0.842,0.497,132.7,35.4,2.87,48.08
Uttar Pradesh,Lucknow,Rice,Kharif,9.22,Alluvial,0.773,0.819,266.7,20.3,4.05,65.72
Haryana,Hisar,Rice,Kharif,11.66,Black,0.59,0.379,337.0,33.3,5.26,62.68
Uttar Pradesh,Kanpur,Sugarcane,Kharif,2.67,Black,0.497,0.307,273.5,36.7,3.36,38.14
Karnataka,Mysuru,Wheat,Rabi,3.84,Loamy,0.344,0.647,294.0,30.8,1.29,43.76
Uttar Pradesh,Lucknow,Cotton,Rabi,10.58,Red,0.483,0.5,731.7,32.3,5.96,87.19
Maharashtra,Nagpur,Wheat,Rabi,5.39,Alluvial,0.834,0.741,301.7,31.1,3.98,76.5
Uttar Pradesh,Kanpur,Sugarcane,Rabi,5.65,Black,0.249,0.563,114.2,35.0,2.17,25.35
Haryana,Karnal,Wheat,Kharif,8.23,Black,0.427,0.433,686.0,39.9,4.31,57.82
Maharashtra,Nagpur,Rice,Rabi,8.92,Black,0.262,0.873,653.2,33.9,1.85,61.11
Punjab,Ludhiana,Cotton,Kharif,11.46,Loamy,0.443,0.665,805.7,38.2,2.17,62.87
Karnataka,Belagavi,Wheat,Kharif,13.94,Loamy,0.578,0.789,544.9,30.6,1.45,69.25
Maharashtra,Nagpur,Rice,Kharif,2.81,Alluvial,0.244,0.282,266.0,23.5,2.9,34.39
Punjab,Ludhiana,Maize,Kharif,4.93,Black,0.478,0.513,620.6,27.9,5.6,88.39
Maharashtra,Pune,Rice,Rabi,6.17,Black,0.551,0.478,562.7,30.7,4.37,75.82
Uttar Pradesh,Kanpur,Cotton,Rabi,3.57,Loamy,0.773,0.426,71.7,18.8,2.12,33.49
Haryana,Karnal,Sugarcane,Rabi,8.84,Red,0.536,0.42,626.1,18.5,5.49,69.02
Uttar Pradesh,Lucknow,Sugarcane,Rabi,12.47,Loamy,0.666,0.285,504.3,27.7,2.16,65.85
Maharashtra,Pune,Rice,Rabi,14.08,Red,0.813,0.394,858.9,15.0,1.09,60.7
Uttar Pradesh,Lucknow,Wheat,Kharif,1.39,Red,0.747,0.522,105.3,39.9,1.29,27.11
Punjab,Ludhiana,Cotton,Kharif,1.58,Loamy,0.748,0.386,218.9,32.3,4.09,58.62
Punjab,Ludhiana,Cotton,Kharif,9.42,Black,0.414,0.637,550.7,25.7,1.65,61.6
Karnataka,Mysuru,Rice,Rabi,5.83,Red,0.49,0.779,746.9,34.2,1.06,66.87
Karnataka,Belagavi,Rice,Rabi,11.96,Alluvial,0.608,0.677,230.2,30.5,2.62,57.81
Karnataka,Mysuru,Cotton,Rabi,12.12,Red,0.872,0.541,154.2,28.7,3.27,66.71
Karnataka,Belagavi,Sugarcane,Rabi,2.34,Black,0.805,0.37,669.1,35.3,4.07,76.63
Karnataka,Belagavi,Sugarcane,Kharif,13.44,Black,0.869,0.751,349.6,32.2,3.19,74.22
Haryana,Hisar,Wheat,Kharif,4.17,Alluvial,0.747,0.778,520.7,24.7,3.25,81.28
Maharashtra,Pune,Wheat,Kharif,8.02,Red,0.305,0.716,536.6,32.0,1.21,53.45
Punjab,Ludhiana,Cotton,Kharif,12.13,Loamy,0.274,0.225,533.2,24.7,3.31,51.83
Uttar Pradesh,Lucknow,Rice,Rabi,11.87,Red,0.448,0.488,572.1,35.8,1.34,47.59
Maharashtra,Pune,Cotton,Rabi,4.78,Alluvial,0.738,0.637,412.8,20.1,1.61,54.64
Punjab,Ludhiana,Sugarcane,Kharif,8.19,Loamy,0.229,0.878,808.8,22.3,5.9,88.5
Maharashtra,Nagpur,Cotton,Rabi,2.36,Alluvial,0.437,0.85,263.4,24.3,3.16,58.12
Haryana,Hisar,Rice,Rabi,4.47,Black,0.85,0.673,521.2,15.3,5.96,77.03
Punjab,Amritsar,Cotton,Rabi,13.82,Red,0.377,0.729,487.5,36.0,4.64,63.0
Uttar Pradesh,Lucknow,Maize,Kharif,14.09,Loamy,0.23,0.315,175.1,33.1,5.09,39.93
Maharashtra,Pune,Cotton,Kharif,6.49,Alluvial,0.731,0.72,631.3,17.6,1.76,63.15
Karnataka,Mysuru,Maize,Rabi,2.83,Loamy,0.591,0.768,754.6,37.0,2.39,71.56
Haryana,Hisar,Sugarcane,Kharif,3.46,Loamy,0.589,0.713,635.2,19.7,2.78,67.5
Maharashtra,Nagpur,Cotton,Kharif,12.8,Loamy,0.788,0.783,60.5,33.7,4.79,62.73
Uttar Pradesh,Lucknow,Maize,Rabi,4.93,Alluvial,0.814,0.897,399.9,26.2,4.61,90.36
Karnataka,Belagavi,Cotton,Kharif,10.59,Black,0.202,0.634,387.7,34.9,1.46,35.81
Uttar Pradesh,Kanpur,Maize,Kharif,2.01,Loamy,0.358,0.692,100.2,27.2,4.0,53.24
Maharashtra,Pune,Cotton,Rabi,7.72,Red,0.254,0.241,367.5,34.6,4.54,42.79
Karnataka,Belagavi,Maize,Kharif,2.27,Loamy,0.715,0.365,402.9,16.6,5.01,56.55
Karnataka,Mysuru,Maize,Kharif,6.61,Alluvial,0.645,0.75,162.4,25.2,5.2,69.84
Haryana,Hisar,Sugarcane,Rabi,3.44,Alluvial,0.596,0.886,207.0,32.5,3.93,64.01
Uttar Pradesh,Lucknow,Cotton,Kharif,11.85,Alluvial,0.239,0.797,264.3,24.4,3.31,50.86
Haryana,Hisar,Wheat,Rabi,7.5,Black,0.293,0.256,741.5,27.4,3.18,68.43
Punjab,Amritsar,Cotton,Rabi,3.77,Black,0.292,0.479,926.5,26.8,1.07,71.47
Maharashtra,Pune,Sugarcane,Rabi,4.08,Loamy,0.834,0.375,308.4,34.0,3.25,58.23
Punjab,Ludhiana,Maize,Kharif,12.87,Black,0.233,0.634,583.9,23.6,2.58,57.3
Haryana,Hisar,Wheat,Kharif,10.12,Black,0.874,0.592,940.0,16.3,3.09,84.44
Karnataka,Belagavi,Cotton,Kharif,2.6,Alluvial,0.708,0.334,371.3,22.7,5.74,69.79
Punjab,Ludhiana,Sugarcane,Kharif,2.69,Black,0.358,0.376,858.1,29.0,3.62,80.94
Maharashtra,Nagpur,Rice,Kharif,8.37,Alluvial,0.754,0.584,632.3,20.7,5.23,84.16
Haryana,Hisar,Cotton,Kharif,12.82,Black,0.668,0.524,441.2,31.3,3.73,70.59
Uttar Pradesh,Kanpur,Cotton,Rabi,12.01,Red,0.548,0.438,878.5,28.6,4.79,96.8
Karnataka,Mysuru,Rice,Kharif,13.25,Loamy,0.809,0.367,478.7,39.6,4.86,62.53
Uttar Pradesh,Kanpur,Maize,Kharif,4.6,Alluvial,0.474,0.759,403.3,26.3,2.99,67.28
Uttar Pradesh,Lucknow,Wheat,Kharif,3.45,Red,0.566,0.401,803.2,29.4,4.17,88.05
Haryana,Hisar,Maize,Rabi,6.99,Black,0.59,0.316,632.8,24.1,5.49,79.84
Punjab,Amritsar,Maize,Rabi,3.43,Alluvial,0.329,0.826,671.6,18.8,3.2,63.35
Maharashtra,Pune,Cotton,Rabi,7.83,Black,0.877,0.492,984.9,31.7,4.17,100.0
Haryana,Karnal,Rice,Rabi,10.01,Black,0.291,0.681,138.4,15.7,5.11,35.08
Karnataka,Mysuru,Maize,Rabi,3.22,Red,0.801,0.773,563.8,32.8,2.57,78.8
Maharashtra,Nagpur,Cotton,Rabi,5.05,Black,0.378,0.773,885.8,28.1,2.22,87.74
Punjab,Ludhiana,Wheat,Kharif,6.59,Loamy,0.834,0.718,231.7,30.3,3.18,70.03
Uttar Pradesh,Kanpur,Cotton,Kharif,14.7,Red,0.644,0.288,692.4,23.1,4.43,76.71
Punjab,Amritsar,Sugarcane,Kharif,3.79,Alluvial,0.786,0.395,660.7,32.4,3.56,79.42
Karnataka,Mysuru,Rice,Kharif,9.97,Alluvial,0.857,0.81,777.8,34.7,4.32,97.33
Uttar Pradesh,Lucknow,Maize,Kharif,8.63,Black,0.278,0.513,487.3,36.6,3.73,48.37
Uttar Pradesh,Kanpur,Maize,Kharif,0.76,Black,0.495,0.219,967.9,18.2,4.54,74.29
Uttar Pradesh,Lucknow,Maize,Kharif,12.67,Loamy,0.887,0.635,581.2,30.7,3.66,88.88
Karnataka,Mysuru,Sugarcane,Kharif,1.49,Alluvial,0.384,0.232,588.8,22.1,5.12,62.48
Uttar Pradesh,Kanpur,Wheat,Rabi,11.28,Red,0.234,0.832,859.7,31.7,3.97,84.43
Karnataka,Belagavi,Sugarcane,Rabi,12.02,Loamy,0.224,0.608,995.7,36.4,3.61,74.08
Karnataka,Mysuru,Wheat,Rabi,7.58,Alluvial,0.716,0.568,81.0,36.7,1.32,32.51
Maharashtra,Nagpur,Maize,Rabi,6.8,Loamy,0.742,0.621,897.9,26.1,4.04,100.0
Punjab,Ludhiana,Cotton,Rabi,9.77,Loamy,0.673,0.292,272.5,34.7,5.85,60.33
Haryana,Karnal,Cotton,Rabi,11.28,Black,0.554,0.644,117.4,21.4,2.81,42.21
Uttar Pradesh,Kanpur,Sugarcane,Rabi,3.96,Loamy,0.529,0.515,499.3,30.6,3.35,67.91
Punjab,Ludhiana,Sugarcane,Kharif,8.29,Alluvial,0.798,0.235,841.7,36.1,2.42,71.79
Haryana,Karnal,Maize,Kharif,1.14,Red,0.394,0.772,320.3,35.5,3.66,52.41
Punjab,Ludhiana,Cotton,Kharif,7.66,Loamy,0.692,0.895,174.9,21.9,2.97,57.99
Karnataka,Mysuru,Wheat,Kharif,4.24,Black,0.672,0.408,732.5,38.9,4.61,71.59
Karnataka,Mysuru,Rice,Kharif,1.36,Red,0.623,0.681,158.8,24.6,3.28,56.37
Maharashtra,Nagpur,Wheat,Rabi,11.39,Black,0.25,0.256,387.0,38.5,4.34,35.2
Uttar Pradesh,Lucknow,Maize,Kharif,9.18,Black,0.552,0.297,160.0,18.9,1.86,25.84
Karnataka,Belagavi,Sugarcane,Kharif,12.52,Black,0.894,0.774,710.1,28.3,3.24,100.0
Karnataka,Mysuru,Maize,Rabi,12.22,Loamy,0.351,0.527,825.9,16.7,2.94,58.85
Uttar Pradesh,Lucknow,Cotton,Rabi,4.49,Red,0.414,0.752,474.1,35.0,5.11,68.55
Punjab,Ludhiana,Rice,Rabi,1.93,Loamy,0.823,0.209,401.5,15.7,2.96,44.3
Karnataka,Mysuru,Cotton,Kharif,2.57,Red,0.823,0.442,196.7,15.6,4.23,46.04
Uttar Pradesh,Kanpur,Wheat,Kharif,9.14,Loamy,0.271,0.793,554.5,36.0,3.9,60.53
Punjab,Ludhiana,Maize,Rabi,14.59,Red,0.36,0.884,555.3,18.4,1.5,50.77
Haryana,Karnal,Rice,Rabi,0.84,Alluvial,0.729,0.521,324.8,37.5,1.58,43.68
Uttar Pradesh,Lucknow,Wheat,Kharif,6.94,Loamy,0.896,0.582,133.8,30.2,1.76,57.0
Maharashtra,Pune,Rice,Rabi,2.74,Loamy,0.588,0.579,773.8,35.8,3.2,74.15
Karnataka,Mysuru,Wheat,Rabi,3.07,Red,0.555,0.674,273.3,35.8,3.72,52.94
Karnataka,Mysuru,Wheat,Rabi,2.68,Black,0.772,0.345,793.3,33.4,2.5,77.01
Uttar Pradesh,Lucknow,Maize,Kharif,11.1,Black,0.304,0.797,725.3,37.7,1.66,55.73
Uttar Pradesh,Kanpur,Cotton,Kharif,8.23,Black,0.809,0.291,801.0,18.1,4.97,80.69
Haryana,Hisar,Rice,Rabi,14.56,Black,0.864,0.559,139.0,33.9,3.46,56.67
Uttar Pradesh,Lucknow,Sugarcane,Rabi,8.66,Red,0.509,0.624,922.8,24.1,4.63,94.91
Haryana,Hisar,Cotton,Kharif,12.5,Alluvial,0.735,0.601,958.2,20.0,1.55,80.41
Punjab,Ludhiana,Sugarcane,Kharif,4.83,Red,0.368,0.418,293.2,15.8,5.86,42.89
Haryana,Hisar,Cotton,Rabi,13.97,Alluvial,0.221,0.81,550.9,30.8,4.22,71.03
Uttar Pradesh,Kanpur,Maize,Kharif,8.16,Loamy,0.755,0.893,240.6,39.9,1.45,44.23
Punjab,Ludhiana,Cotton,Kharif,11.24,Black,0.3,0.727,780.5,31.5,4.83,84.85
Punjab,Amritsar,Cotton,Kharif,1.63,Alluvial,0.485,0.485,112.7,23.7,1.55,33.88
Haryana,Karnal,Cotton,Rabi,14.35,Black,0.566,0.41,123.0,27.5,4.97,60.06
Haryana,Karnal,Maize,Rabi,10.17,Alluvial,0.348,0.804,431.2,22.3,1.76,51.24
Karnataka,Mysuru,Wheat,Kharif,3.78,Red,0.648,0.885,623.3,23.9,4.24,88.97
Haryana,Hisar,Sugarcane,Rabi,12.41,Red,0.588,0.646,550.0,26.6,2.17,72.28
Maharashtra,Pune,Maize,Kharif,13.79,Loamy,0.704,0.481,200.7,37.0,5.12,54.3
Punjab,Ludhiana,Rice,Rabi,1.99,Alluvial,0.332,0.748,729.3,29.8,5.48,90.59
Karnataka,Belagavi,Cotton,Rabi,11.24,Loamy,0.421,0.271,392.2,21.8,5.21,54.77
Haryana,Karnal,Rice,Kharif,14.17,Alluvial,0.496,0.464,939.5,31.9,1.58,76.04
Maharashtra,Pune,Cotton,Kharif,12.74,Alluvial,0.673,0.297,291.5,36.9,1.91,37.31
Maharashtra,Pune,Cotton,Rabi,14.19,Alluvial,0.388,0.533,652.6,40.0,1.52,43.14
Uttar Pradesh,Lucknow,Sugarcane,Kharif,2.11,Loamy,0.644,0.74,52.7,36.5,1.93,36.32
Haryana,Hisar,Sugarcane,Rabi,5.88,Alluvial,0.809,0.711,665.3,34.9,4.77,89.41
Maharashtra,Nagpur,Sugarcane,Rabi,11.19,Red,0.882,0.237,698.1,26.7,3.9,88.6
Uttar Pradesh,Lucknow,Sugarcane,Rabi,1.34,Loamy,0.278,0.561,304.2,35.9,1.07,28.52
Haryana,Hisar,Cotton,Rabi,10.79,Alluvial,0.864,0.222,749.4,23.3,5.53,91.51
Uttar Pradesh,Lucknow,Cotton,Rabi,14.47,Loamy,0.563,0.674,346.3,34.3,4.86,65.57
Uttar Pradesh,Kanpur,Sugarcane,Kharif,0.75,Alluvial,0.739,0.765,164.2,21.6,1.09,45.85
Haryana,Karnal,Maize,Kharif,5.55,Loamy,0.46,0.201,334.8,31.2,5.87,60.82
Uttar Pradesh,Kanpur,Wheat,Kharif,11.86,Black,0.746,0.521,428.1,22.6,1.33,56.39
Haryana,Hisar,Cotton,Rabi,7.36,Red,0.242,0.67,603.1,39.8,2.2,42.78
Maharashtra,Nagpur,Sugarcane,Kharif,5.8,Red,0.358,0.337,183.8,30.6,4.91,49.49
Karnataka,Mysuru,Cotton,Kharif,8.15,Red,0.834,0.315,660.7,35.2,5.74,84.4
Punjab,Amritsar,Rice,Rabi,1.4,Red,0.303,0.205,649.4,26.2,1.67,52.95
Haryana,Karnal,Rice,Rabi,5.64,Alluvial,0.864,0.874,639.9,38.2,4.8,87.69
Uttar Pradesh,Kanpur,Rice,Kharif,13.03,Red,0.537,0.828,690.6,18.4,5.97,84.67
Maharashtra,Nagpur,Wheat,Rabi,14.43,Red,0.338,0.866,995.1,32.8,5.91,100.0
Karnataka,Mysuru,Sugarcane,Kharif,13.83,Alluvial,0.323,0.35,62.4,15.4,5.15,23.72
Haryana,Karnal,Cotton,Kharif,14.42,Black,0.565,0.884,769.4,19.0,3.38,79.25
Punjab,Ludhiana,Rice,Rabi,10.17,Alluvial,0.314,0.596,783.0,27.5,1.06,69.34
Maharashtra,Nagpur,Maize,Rabi,8.5,Alluvial,0.763,0.232,817.7,19.4,3.57,74.04
Uttar Pradesh,Lucknow,Rice,Kharif,6.34,Alluvial,0.826,0.2,906.3,18.8,5.95,90.57
Punjab,Ludhiana,Rice,Rabi,7.48,Alluvial,0.645,0.264,81.0,16.4,3.22,26.12
Haryana,Karnal,Sugarcane,Rabi,4.14,Loamy,0.595,0.451,673.8,21.0,1.96,61.59
Haryana,Karnal,Sugarcane,Rabi,3.7,Alluvial,0.227,0.225,216.5,36.7,2.41,19.04
Uttar Pradesh,Kanpur,Rice,Rabi,8.91,Alluvial,0.562,0.731,318.4,23.8,5.47,72.81
Karnataka,Belagavi,Maize,Rabi,11.82,Red,0.533,0.548,244.4,29.8,1.93,50.62
Maharashtra,Nagpur,Sugarcane,Rabi,1.53,Black,0.248,0.859,531.6,25.2,5.05,76.38
Karnataka,Belagavi,Sugarcane,Kharif,5.61,Red,0.777,0.561,490.1,16.1,2.45,54.17
Karnataka,Belagavi,Sugarcane,Kharif,8.21,Loamy,0.613,0.243,394.1,33.1,2.0,47.03
Uttar Pradesh,Kanpur,Sugarcane,Kharif,0.52,Red,0.711,0.877,263.1,31.6,4.71,76.31
Haryana,Hisar,Cotton,Kharif,13.49,Loamy,0.773,0.377,307.9,18.1,2.68,45.48
Karnataka,Belagavi,Wheat,Kharif,9.06,Red,0.663,0.255,567.3,32.7,1.84,57.74
Haryana,Hisar,Wheat,Kharif,4.35,Alluvial,0.621,0.408,728.7,34.0,1.51,63.92
Uttar Pradesh,Kanpur,Rice,Kharif,14.6,Alluvial,0.514,0.311,221.2,17.5,5.02,40.92
Punjab,Ludhiana,Wheat,Kharif,0.95,Alluvial,0.236,0.3,252.7,31.6,1.79,30.14
Maharashtra,Nagpur,Cotton,Rabi,8.65,Alluvial,0.863,0.547,411.5,19.1,4.93,71.31
Uttar Pradesh,Lucknow,Maize,Kharif,12.67,Red,0.208,0.693,971.7,25.9,2.17,79.84
Punjab,Ludhiana,Maize,Kharif,14.52,Loamy,0.236,0.553,732.5,36.6,1.9,51.01
Uttar Pradesh,Lucknow,Sugarcane,Rabi,13.05,Red,0.31,0.417,325.5,36.8,4.36,41.75
Uttar Pradesh,Kanpur,Sugarcane,Kharif,12.58,Alluvial,0.834,0.209,690.3,16.3,3.74,64.23
Uttar Pradesh,Kanpur,Rice,Rabi,9.51,Alluvial,0.434,0.713,434.3,16.7,4.92,56.73
Uttar Pradesh,Kanpur,Maize,Rabi,5.32,Black,0.24,0.462,947.2,31.0,4.36,83.11
Karnataka,Belagavi,Rice,Kharif,14.86,Black,0.428,0.859,919.0,15.3,3.25,73.25
Haryana,Karnal,Maize,Kharif,14.69,Black,0.589,0.333,603.1,20.1,3.6,61.3
Haryana,Karnal,Maize,Kharif,11.23,Red,0.641,0.585,705.3,18.6,3.98,73.42
Maharashtra,Pune,Maize,Rabi,6.74,Red,0.687,0.521,137.5,28.8,4.21,63.4
Uttar Pradesh,Kanpur,Cotton,Kharif,7.03,Red,0.67,0.608,549.5,21.2,1.01,57.58
Haryana,Karnal,Rice,Rabi,2.75,Alluvial,0.861,0.716,888.8,20.1,3.94,96.38
Karnataka,Belagavi,Wheat,Kharif,9.6,Black,0.47,0.855,564.9,38.5,2.1,55.57
Haryana,Hisar,Maize,Kharif,10.25,Red,0.884,0.271,57.9,25.8,1.46,43.51
Punjab,Amritsar,Maize,Kharif,12.99,Alluvial,0.772,0.559,466.5,39.9,2.15,51.27
Haryana,Hisar,Wheat,Kharif,10.85,Black,0.264,0.339,883.6,33.5,1.07,56.25
Karnataka,Mysuru,Rice,Rabi,4.09,Loamy,0.244,0.521,746.1,30.2,4.36,76.27
Haryana,Hisar,Wheat,Kharif,12.17,Loamy,0.776,0.853,567.0,20.0,4.08,81.23
Uttar Pradesh,Kanpur,Cotton,Rabi,4.73,Alluvial,0.74,0.499,245.9,35.0,2.67,50.02
Karnataka,Mysuru,Cotton,Rabi,1.01,Loamy,0.751,0.488,880.0,30.9,5.17,100.0
Uttar Pradesh,Lucknow,Sugarcane,Kharif,11.87,Black,0.494,0.55,795.8,30.0,2.01,76.88
Maharashtra,Nagpur,Sugarcane,Kharif,2.03,Alluvial,0.735,0.487,672.4,21.5,1.8,67.52
Haryana,Hisar,Cotton,Rabi,10.13,Loamy,0.817,0.77,700.9,17.8,2.45,74.74
Uttar Pradesh,Kanpur,Sugarcane,Rabi,8.52,Black,0.378,0.72,122.8,36.8,5.14,45.47
Haryana,Karnal,Maize,Kharif,7.83,Black,0.859,0.813,147.4,24.8,3.77,70.21
Punjab,Amritsar,Wheat,Kharif,12.02,Red,0.819,0.441,488.8,25.4,1.07,64.28
Karnataka,Mysuru,Rice,Kharif,3.1,Black,0.686,0.361,161.7,19.1,1.01,28.37
Maharashtra,Nagpur,Rice,Rabi,4.8,Red,0.579,0.442,443.5,33.3,5.41,69.94
Maharashtra,Pune,Maize,Rabi,3.72,Red,0.563,0.625,283.1,16.4,2.96,41.08
Maharashtra,Nagpur,Rice,Kharif,9.44,Alluvial,0.59,0.491,457.5,28.5,4.48,77.2
Haryana,Hisar,Sugarcane,Kharif,6.47,Red,0.809,0.642,555.9,17.9,4.03,72.11
Haryana,Karnal,Wheat,Rabi,3.49,Alluvial,0.474,0.827,244.1,27.7,3.1,64.37
Uttar Pradesh,Lucknow,Cotton,Kharif,10.26,Loamy,0.486,0.82,260.8,32.9,5.41,67.8
Punjab,Ludhiana,Maize,Kharif,12.41,Black,0.79,0.54,366.9,34.8,3.26,62.2
Punjab,Ludhiana,Rice,Rabi,7.52,Loamy,0.209,0.487,665.4,15.4,2.4,39.56
Maharashtra,Pune,Sugarcane,Rabi,8.36,Red,0.878,0.247,665.9,16.9,2.88,62.4
Maharashtra,Nagpur,Cotton,Kharif,14.17,Loamy,0.23,0.512,116.5,33.2,4.04,36.47
Maharashtra,Pune,Cotton,Kharif,10.02,Loamy,0.696,0.206,256.8,31.5,3.42,52.45
Haryana,Karnal,Rice,Rabi,2.0,Alluvial,0.234,0.607,454.8,28.7,3.61,62.76
Uttar Pradesh,Lucknow,Rice,Kharif,3.51,Loamy,0.699,0.471,679.4,23.7,2.95,76.36
Uttar Pradesh,Lucknow,Sugarcane,Kharif,9.98,Black,0.822,0.605,650.8,18.9,3.37,75.08
Uttar Pradesh,Lucknow,Wheat,Rabi,4.0,Black,0.35,0.497,912.4,27.7,1.94,79.4
Haryana,Hisar,Maize,Rabi,6.94,Red,0.516,0.871,459.5,28.7,3.67,79.76
Karnataka,Mysuru,Rice,Kharif,8.17,Alluvial,0.778,0.524,314.5,31.4,5.12,74.86
Maharashtra,Nagpur,Wheat,Kharif,11.53,Red,0.331,0.262,714.0,24.2,3.16,62.04
Karnataka,Mysuru,Maize,Rabi,13.38,Loamy,0.777,0.641,865.2,34.6,3.14,88.98
Karnataka,Mysuru,Maize,Rabi,14.94,Loamy,0.778,0.791,286.6,29.4,1.34,65.24
Uttar Pradesh,Lucknow,Sugarcane,Kharif,11.35,Alluvial,0.765,0.801,997.7,21.0,1.2,88.69
Uttar Pradesh,Kanpur,Rice,Kharif,13.43,Loamy,0.794,0.484,63.0,17.0,2.56,33.84
Maharashtra,Nagpur,Maize,Kharif,2.42,Loamy,0.558,0.204,941.5,25.4,3.01,81.55
Karnataka,Mysuru,Maize,Rabi,11.47,Black,0.51,0.695,419.8,20.7,3.98,61.52
Maharashtra,Pune,Wheat,Rabi,9.68,Red,0.528,0.51,519.4,36.5,3.31,56.75
Uttar Pradesh,Lucknow,Wheat,Kharif,10.28,Red,0.674,0.461,944.6,19.2,3.5,82.25
Punjab,Ludhiana,Rice,Kharif,1.51,Alluvial,0.588,0.723,819.7,25.3,2.02,84.34
Karnataka,Belagavi,Cotton,Rabi,2.96,Black,0.213,0.745,629.2,32.5,5.19,74.49
Uttar Pradesh,Kanpur,Rice,Kharif,7.58,Loamy,0.481,0.308,594.0,21.9,5.61,70.08
Maharashtra,Nagpur,Maize,Kharif,9.11,Loamy,0.692,0.247,269.3,37.9,4.08,44.46
Karnataka,Mysuru,Cotton,Kharif,13.35,Black,0.338,0.716,322.2,35.1,5.99,61.59
Punjab,Ludhiana,Sugarcane,Kharif,9.24,Loamy,0.633,0.859,787.1,18.2,2.74,77.09
Punjab,Ludhiana,Rice,Kharif,12.86,Loamy,0.857,0.26,416.3,16.8,2.05,45.16
Haryana,Hisar,Cotton,Rabi,14.16,Red,0.252,0.507,553.4,39.6,1.83,35.11
Uttar Pradesh,Kanpur,Sugarcane,Rabi,9.64,Loamy,0.354,0.214,835.3,24.1,2.77,65.55
Karnataka,Belagavi,Rice,Kharif,12.23,Red,0.303,0.44,871.4,18.9,1.41,54.02
Uttar Pradesh,Kanpur,Cotton,Rabi,9.45,Loamy,0.309,0.535,791.5,22.6,2.56,65.77
Punjab,Ludhiana,Sugarcane,Kharif,7.16,Loamy,0.415,0.776,104.1,25.5,3.29,50.58
Haryana,Karnal,Wheat,Rabi,14.88,Loamy,0.665,0.339,92.7,18.2,3.81,35.84
Haryana,Karnal,Wheat,Kharif,8.08,Loamy,0.53,0.659,581.6,32.2,4.29,77.16
Haryana,Hisar,Sugarcane,Rabi,5.26,Red,0.518,0.734,169.7,19.9,5.76,57.56
Karnataka,Mysuru,Maize,Rabi,7.94,Red,0.809,0.482,971.7,38.3,4.71,91.9
Maharashtra,Pune,Wheat,Rabi,4.54,Black,0.353,0.328,834.4,22.1,5.64,78.67
Uttar Pradesh,Kanpur,Wheat,Kharif,5.83,Alluvial,0.261,0.59,852.9,34.9,1.88,62.13
Karnataka,Belagavi,Cotton,Kharif,8.07,Alluvial,0.612,0.726,642.3,30.0,1.27,74.03
Maharashtra,Pune,Maize,Rabi,8.54,Red,0.34,0.406,275.2,38.7,5.72,43.01
Uttar Pradesh,Lucknow,Wheat,Rabi,7.29,Red,0.526,0.732,196.8,27.2,3.15,60.7
Karnataka,Belagavi,Wheat,Rabi,5.95,Red,0.696,0.533,690.7,34.1,1.23,66.17
Maharashtra,Pune,Cotton,Kharif,13.7,Black,0.557,0.551,97.7,15.9,3.76,32.75
Punjab,Amritsar,Wheat,Rabi,0.86,Loamy,0.514,0.366,97.1,33.1,1.56,29.59
Uttar Pradesh,Kanpur,Wheat,Rabi,10.59,Black,0.628,0.34,102.7,29.2,4.26,54.52
Karnataka,Mysuru,Wheat,Kharif,8.7,Red,0.85,0.471,112.9,15.5,5.13,47.82
Uttar Pradesh,Lucknow,Maize,Rabi,4.74,Black,0.433,0.406,89.4,30.9,3.99,43.93
Maharashtra,Nagpur,Sugarcane,Rabi,9.48,Black,0.62,0.554,382.9,37.8,2.7,48.59
Punjab,Ludhiana,Cotton,Kharif,5.53,Black,0.505,0.756,314.2,18.6,2.57,46.34
Haryana,Hisar,Wheat,Kharif,12.6,Loamy,0.855,0.33,403.9,38.2,1.31,44.52
Maharashtra,Pune,Rice,Kharif,2.68,Black,0.878,0.513,526.4,21.2,3.35,73.03
Maharashtra,Nagpur,Maize,Rabi,4.46,Alluvial,0.324,0.406,159.1,38.5,4.92,33.05
Karnataka,Belagavi,Wheat,Rabi,6.46,Alluvial,0.482,0.819,900.8,37.7,2.57,75.83
Haryana,Hisar,Cotton,Rabi,14.13,Alluvial,0.623,0.804,831.4,19.3,3.43,83.22
Haryana,Hisar,Maize,Rabi,2.49,Loamy,0.714,0.643,604.4,24.8,2.78,78.78
Maharashtra,Pune,Wheat,Rabi,14.01,Alluvial,0.775,0.597,674.2,37.5,3.0,71.76
Uttar Pradesh,Lucknow,Sugarcane,Kharif,11.81,Red,0.269,0.253,393.5,17.3,3.93,33.66
Haryana,Karnal,Sugarcane,Kharif,10.65,Black,0.632,0.804,261.9,36.8,4.95,62.47
Maharashtra,Nagpur,Wheat,Rabi,12.01,Alluvial,0.222,0.747,278.1,18.6,1.58,29.45
Karnataka,Mysuru,Maize,Kharif,8.83,Loamy,0.297,0.682,902.9,33.6,1.38,68.29
Punjab,Ludhiana,Sugarcane,Kharif,8.58,Black,0.309,0.784,390.4,37.8,3.83,49.48
Karnataka,Mysuru,Wheat,Rabi,11.83,Black,0.393,0.343,65.9,32.0,1.38,24.52
Karnataka,Belagavi,Sugarcane,Kharif,6.41,Loamy,0.313,0.659,972.6,29.1,4.57,96.71
Maharashtra,Pune,Maize,Rabi,7.93,Black,0.742,0.231,708.7,31.2,2.16,71.58
Maharashtra,Nagpur,Rice,Rabi,5.13,Black,0.507,0.829,964.1,26.1,4.75,100.0
Karnataka,Belagavi,Rice,Rabi,3.65,Loamy,0.402,0.589,77.7,37.7,1.78,22.18
Karnataka,Belagavi,Cotton,Kharif,8.58,Red,0.362,0.552,744.9,39.0,2.1,52.22
Haryana,Karnal,Cotton,Rabi,9.63,Red,0.482,0.727,554.7,31.9,3.14,70.68
Karnataka,Mysuru,Rice,Rabi,12.58,Red,0.578,0.791,459.7,24.5,5.58,83.89
Haryana,Hisar,Maize,Kharif,4.48,Loamy,0.831,0.351,890.1,29.0,5.14,100.0
Maharashtra,Pune,Cotton,Rabi,6.23,Loamy,0.71,0.442,687.5,35.1,5.73,84.72
Uttar Pradesh,Lucknow,Wheat,Kharif,14.86,Red,0.218,0.622,676.5,32.2,1.6,56.6
Haryana,Karnal,Wheat,Rabi,13.36,Black,0.494,0.548,921.1,34.4,1.65,72.5
Haryana,Karnal,Rice,Kharif,10.51,Red,0.438,0.763,99.8,19.0,2.68,34.8
Uttar Pradesh,Lucknow,Rice,Rabi,12.61,Black,0.882,0.295,269.9,36.7,5.63,62.49
Uttar Pradesh,Lucknow,Maize,Kharif,6.59,Red,0.207,0.801,744.6,38.7,4.91,67.65
Haryana,Hisar,Cotton,Rabi,5.78,Alluvial,0.596,0.204,108.8,28.4,3.83,49.75
Uttar Pradesh,Lucknow,Sugarcane,Kharif,3.72,Loamy,0.422,0.382,133.2,17.2,1.97,19.23
Karnataka,Belagavi,Cotton,Kharif,4.56,Black,0.432,0.664,877.1,34.0,4.64,86.78
Maharashtra,Pune,Cotton,Rabi,3.64,Black,0.346,0.407,915.3,28.7,4.67,90.0
Haryana,Karnal,Cotton,Rabi,12.5,Loamy,0.609,0.436,812.7,21.2,5.88,88.65
Maharashtra,Pune,Wheat,Rabi,4.81,Loamy,0.361,0.488,278.5,31.8,5.13,56.81
Haryana,Hisar,Sugarcane,Rabi,1.16,Alluvial,0.659,0.575,127.9,15.9,5.95,49.38
Haryana,Karnal,Maize,Kharif,14.83,Alluvial,0.884,0.756,676.5,29.4,5.33,100.0
Haryana,Karnal,Sugarcane,Kharif,6.46,Red,0.499,0.431,586.0,36.3,2.01,50.99
Punjab,Ludhiana,Cotton,Rabi,8.56,Alluvial,0.746,0.211,827.5,16.0,5.45,76.01
Maharashtra,Pune,Maize,Kharif,11.6,Alluvial,0.377,0.806,147.7,18.1,5.9,50.43
Uttar Pradesh,Kanpur,Cotton,Rabi,2.7,Loamy,0.823,0.861,777.5,15.1,1.01,68.45
Punjab,Amritsar,Sugarcane,Rabi,3.78,Loamy,0.685,0.363,644.1,33.7,2.09,64.3
Karnataka,Belagavi,Cotton,Rabi,2.27,Alluvial,0.691,0.279,997.1,19.6,3.97,84.07
Maharashtra,Nagpur,Cotton,Rabi,0.7,Loamy,0.257,0.381,76.5,30.8,3.13,32.4
Uttar Pradesh,Kanpur,Sugarcane,Rabi,10.13,Black,0.876,0.235,895.9,29.4,3.82,97.63
Karnataka,Belagavi,Sugarcane,Rabi,2.35,Loamy,0.76,0.804,193.2,36.3,5.96,69.56
Punjab,Amritsar,Maize,Kharif,10.31,Loamy,0.676,0.862,331.0,15.0,2.36,47.56
Karnataka,Belagavi,Sugarcane,Kharif,2.35,Black,0.51,0.23,700.4,37.6,5.19,65.37
Maharashtra,Pune,Maize,Rabi,12.56,Red,0.843,0.655,148.3,25.1,4.64,70.7
Uttar Pradesh,Lucknow,Sugarcane,Kharif,0.7,Loamy,0.426,0.588,190.8,17.3,5.08,43.15
Uttar Pradesh,Lucknow,Wheat,Rabi,7.96,Red,0.26,0.584,411.0,30.2,2.94,54.55
Punjab,Amritsar,Maize,Rabi,2.5,Black,0.257,0.781,978.0,25.1,1.44,78.82
Uttar Pradesh,Lucknow,Maize,Kharif,5.14,Red,0.534,0.423,514.6,36.5,3.96,57.8
Maharashtra,Pune,Maize,Rabi,10.17,Red,0.284,0.601,293.9,35.1,3.13,41.11
Karnataka,Mysuru,Maize,Rabi,3.21,Loamy,0.218,0.399,470.9,30.4,5.25,62.6
Haryana,Hisar,Maize,Rabi,2.07,Red,0.535,0.61,564.3,17.2,1.29,47.04
Uttar Pradesh,Kanpur,Wheat,Rabi,4.79,Loamy,0.853,0.566,308.2,25.0,3.99,73.36
Punjab,Ludhiana,Wheat,Rabi,12.24,Black,0.608,0.711,396.6,31.0,3.33,69.53
Maharashtra,Pune,Wheat,Rabi,14.15,Black,0.571,0.713,927.9,39.4,5.17,87.26
Maharashtra,Pune,Rice,Rabi,13.99,Red,0.673,0.415,401.5,28.8,4.95,77.16
Punjab,Amritsar,Maize,Rabi,12.33,Black,0.527,0.254,207.7,16.5,3.5,29.68
Maharashtra,Pune,Cotton,Rabi,13.15,Black,0.516,0.89,50.2,30.3,4.08,58.62
Punjab,Amritsar,Rice,Rabi,11.09,Red,0.295,0.338,221.5,21.6,3.63,35.2
Maharashtra,Pune,Wheat,Kharif,2.34,Black,0.474,0.314,747.6,20.2,1.29,52.67
Haryana,Karnal,Wheat,Rabi,1.93,Loamy,0.282,0.378,330.7,28.2,4.39,57.4
Maharashtra,Pune,Rice,Rabi,2.58,Red,0.306,0.503,615.9,17.0,5.7,60.58
Punjab,Amritsar,Sugarcane,Kharif,3.41,Red,0.421,0.754,920.0,24.0,2.53,84.23
Haryana,Hisar,Sugarcane,Rabi,14.58,Alluvial,0.324,0.705,88.3,25.1,3.58,45.48
Haryana,Karnal,Sugarcane,Kharif,2.66,Red,0.75,0.633,374.8,36.8,1.06,48.52
Karnataka,Mysuru,Sugarcane,Rabi,9.35,Alluvial,0.217,0.282,170.7,19.7,3.3,23.08
Maharashtra,Pune,Rice,Rabi,3.35,Red,0.509,0.34,301.2,27.6,1.34,47.28
Haryana,Karnal,Maize,Kharif,6.96,Alluvial,0.21,0.373,873.0,19.1,3.08,57.92
Punjab,Amritsar,Rice,Kharif,3.18,Red,0.242,0.623,775.5,28.1,2.13,73.27
Karnataka,Mysuru,Sugarcane,Kharif,2.87,Red,0.329,0.342,417.4,16.3,2.99,32.48
Uttar Pradesh,Kanpur,Sugarcane,Kharif,4.42,Loamy,0.336,0.532,57.0,15.6,3.77,21.96
Punjab,Amritsar,Wheat,Kharif,4.24,Loamy,0.279,0.842,788.9,35.6,5.51,82.61
Punjab,Amritsar,Rice,Rabi,14.22,Loamy,0.79,0.408,123.3,19.2,1.63,34.56
Punjab,Amritsar,Cotton,Rabi,5.69,Red,0.893,0.679,951.5,18.6,2.91,91.56
Maharashtra,Pune,Wheat,Rabi,10.22,Black,0.649,0.488,515.2,25.4,1.12,61.08
Punjab,Amritsar,Sugarcane,Kharif,1.1,Loamy,0.877,0.585,965.0,17.9,3.45,90.62
Haryana,Karnal,Wheat,Kharif,3.51,Red,0.611,0.279,365.4,34.5,3.19,49.58
Uttar Pradesh,Lucknow,Maize,Kharif,5.21,Black,0.681,0.873,743.7,27.2,4.15,100.0
Uttar Pradesh,Kanpur,Wheat,Kharif,12.25,Black,0.391,0.712,403.5,28.0,1.34,58.36
Uttar Pradesh,Kanpur,Cotton,Rabi,9.96,Red,0.522,0.673,637.7,29.2,1.3,71.08
Maharashtra,Pune,Wheat,Rabi,2.43,Red,0.311,0.864,885.6,37.7,5.96,87.16
Uttar Pradesh,Kanpur,Sugarcane,Kharif,11.1,Red,0.691,0.612,941.7,23.7,2.22,89.07
Uttar Pradesh,Lucknow,Maize,Rabi,3.76,Red,0.248,0.779,291.8,26.8,1.22,46.45
Punjab,Ludhiana,Sugarcane,Rabi,8.73,Alluvial,0.757,0.715,629.6,27.2,1.67,82.6
Maharashtra,Pune,Sugarcane,Kharif,10.56,Black,0.328,0.423,444.7,37.7,2.21,35.94
Haryana,Hisar,Sugarcane,Kharif,2.36,Black,0.602,0.243,79.4,32.9,2.81,35.37
Punjab,Amritsar,Maize,Kharif,4.5,Loamy,0.546,0.285,608.7,22.9,4.13,67.12
Uttar Pradesh,Lucknow,Sugarcane,Kharif,8.8,Black,0.327,0.388,238.7,21.2,2.53,32.13
Karnataka,Belagavi,Rice,Rabi,1.48,Loamy,0.782,0.324,736.9,34.3,4.57,82.56
Maharashtra,Pune,Maize,Kharif,12.27,Loamy,0.21,0.655,685.4,35.0,5.66,72.3
Karnataka,Mysuru,Sugarcane,Kharif,10.11,Alluvial,0.765,0.82,825.3,15.5,4.68,86.94
Uttar Pradesh,Kanpur,Cotton,Rabi,5.14,Alluvial,0.24,0.296,50.9,37.6,1.12,4.74
Maharashtra,Pune,Sugarcane,Kharif,3.97,Alluvial,0.731,0.732,347.0,25.3,2.05,66.09
Haryana,Karnal,Wheat,Kharif,13.35,Black,0.306,0.306,362.1,16.4,1.91,22.81
Maharashtra,Nagpur,Maize,Rabi,11.03,Red,0.457,0.303,246.3,22.8,4.18,46.38
Punjab,Amritsar,Maize,Kharif,12.03,Alluvial,0.427,0.736,186.0,31.4,4.21,56.89
Uttar Pradesh,Kanpur,Rice,Rabi,1.69,Loamy,0.62,0.54,568.6,38.2,5.36,70.03
Punjab,Amritsar,Rice,Kharif,10.51,Red,0.862,0.678,365.0,27.5,4.23,85.52
Haryana,Hisar,Maize,Rabi,12.13,Red,0.803,0.296,954.8,23.2,4.31,95.19
Maharashtra,Nagpur,Cotton,Kharif,5.04,Red,0.801,0.292,719.8,33.5,4.39,82.27
Uttar Pradesh,Kanpur,Maize,Kharif,4.95,Black,0.802,0.872,256.8,17.2,1.97,50.96
Karnataka,Mysuru,Maize,Rabi,3.24,Red,0.704,0.558,624.1,26.5,5.14,92.49
Uttar Pradesh,Kanpur,Rice,Rabi,7.3,Black,0.694,0.846,184.9,22.6,1.7,52.39
Haryana,Karnal,Sugarcane,Kharif,1.53,Black,0.445,0.804,271.4,32.4,4.15,61.2
Karnataka,Belagavi,Sugarcane,Rabi,14.93,Black,0.838,0.355,103.4,21.4,3.64,48.38
Karnataka,Mysuru,Wheat,Rabi,7.83,Black,0.555,0.297,983.6,21.2,1.37,69.28
Karnataka,Belagavi,Wheat,Rabi,6.62,Black,0.75,0.337,829.2,31.2,3.09,85.19
Haryana,Hisar,Maize,Kharif,7.94,Alluvial,0.425,0.617,995.9,25.9,5.6,100.0
Punjab,Ludhiana,Sugarcane,Rabi,13.0,Red,0.274,0.588,537.3,22.0,5.11,64.7
Punjab,Amritsar,Maize,Rabi,10.98,Alluvial,0.362,0.694,342.3,21.1,1.37,40.19
Maharashtra,Nagpur,Wheat,Kharif,2.1,Loamy,0.225,0.896,271.1,16.3,1.95,30.18
Haryana,Hisar,Maize,Rabi,5.45,Black,0.511,0.673,533.4,36.5,5.33,71.03
Haryana,Hisar,Cotton,Rabi,1.05,Alluvial,0.766,0.425,584.3,22.0,4.91,79.2
Maharashtra,Nagpur,Maize,Rabi,1.91,Loamy,0.694,0.442,56.6,25.1,2.17,43.22
Maharashtra,Nagpur,Wheat,Kharif,1.5,Loamy,0.894,0.866,180.2,28.4,1.92,70.75
Uttar Pradesh,Kanpur,Rice,Kharif,5.96,Black,0.813,0.834,518.3,23.3,1.53,73.47
Punjab,Amritsar,Cotton,Rabi,5.15,Red,0.315,0.748,166.4,30.9,1.62,40.35
Haryana,Karnal,Cotton,Kharif,1.12,Alluvial,0.805,0.283,213.3,26.9,4.69,67.17
Haryana,Hisar,Sugarcane,Kharif,2.18,Loamy,0.785,0.552,63.7,35.1,5.9,59.76
Haryana,Hisar,Wheat,Kharif,14.31,Loamy,0.728,0.512,612.6,32.5,1.97,69.76
Punjab,Amritsar,Rice,Kharif,10.12,Red,0.283,0.481,803.5,20.5,1.93,56.75
Maharashtra,Pune,Rice,Kharif,5.61,Loamy,0.23,0.325,422.6,38.7,1.71,24.45
Karnataka,Belagavi,Rice,Rabi,11.64,Red,0.64,0.643,477.8,28.3,4.73,85.41
Haryana,Karnal,Rice,Rabi,1.5,Loamy,0.434,0.42,653.9,23.9,1.74,58.89
Karnataka,Belagavi,Wheat,Rabi,4.01,Red,0.498,0.877,674.9,29.1,5.66,99.2
Uttar Pradesh,Kanpur,Wheat,Kharif,3.46,Loamy,0.528,0.761,221.2,17.7,5.42,55.06
Haryana,Karnal,Wheat,Kharif,12.88,Loamy,0.708,0.452,132.7,20.1,3.73,45.56
Karnataka,Mysuru,Rice,Kharif,0.59,Alluvial,0.539,0.286,342.3,38.2,1.81,31.78
Karnataka,Belagavi,Rice,Kharif,13.32,Alluvial,0.588,0.574,235.7,19.2,5.58,57.01
Punjab,Ludhiana,Maize,Kharif,5.41,Loamy,0.866,0.717,617.6,37.0,1.25,67.37
Karnataka,Mysuru,Sugarcane,Kharif,11.29,Black,0.843,0.497,375.0,39.0,3.22,54.78
Punjab,Amritsar,Rice,Kharif,8.53,Loamy,0.409,0.502,346.6,33.1,4.98,58.89
Maharashtra,Nagpur,Wheat,Kharif,14.14,Black,0.636,0.719,814.8,36.1,2.98,79.67
Haryana,Hisar,Rice,Rabi,11.36,Red,0.45,0.644,227.1,33.7,3.73,50.45
Punjab,Amritsar,Cotton,Rabi,0.89,Alluvial,0.466,0.274,554.8,24.9,4.07,65.05
Maharashtra,Nagpur,Cotton,Rabi,8.11,Black,0.695,0.377,474.4,18.1,2.03,47.82
Haryana,Karnal,Maize,Kharif,5.69,Loamy,0.434,0.471,181.4,33.5,5.28,51.43
Haryana,Hisar,Rice,Rabi,14.64,Loamy,0.601,0.439,666.0,16.7,5.49,70.16
Uttar Pradesh,Kanpur,Maize,Kharif,9.16,Loamy,0.476,0.531,861.8,23.5,5.35,90.78
Uttar Pradesh,Lucknow,Sugarcane,Rabi,3.14,Alluvial,0.501,0.316,721.3,28.4,4.18,81.6
Haryana,Karnal,Rice,Rabi,11.35,Black,0.786,0.693,932.2,33.5,2.53,93.09
Maharashtra,Pune,Cotton,Kharif,4.25,Loamy,0.237,0.708,165.2,22.6,3.66,41.76
Haryana,Karnal,Rice,Rabi,10.76,Black,0.698,0.829,603.6,18.1,1.61,63.58
Karnataka,Mysuru,Cotton,Rabi,7.56,Alluvial,0.217,0.374,437.5,22.0,1.68,35.22
Maharashtra,Nagpur,Sugarcane,Rabi,3.19,Black,0.259,0.505,675.4,25.9,2.38,63.16
Maharashtra,Nagpur,Rice,Kharif,6.12,Black,0.402,0.707,844.6,36.6,2.58,69.67
Haryana,Hisar,Sugarcane,Kharif,8.52,Black,0.718,0.54,131.1,39.3,3.59,40.54
Punjab,Ludhiana,Wheat,Rabi,11.85,Black,0.725,0.52,853.4,17.9,2.28,72.24
Haryana,Hisar,Wheat,Kharif,7.26,Black,0.754,0.482,453.7,24.6,4.6,77.33
Haryana,Karnal,Sugarcane,Rabi,6.61,Loamy,0.228,0.514,598.7,29.3,2.66,61.46
Karnataka,Belagavi,Wheat,Rabi,6.36,Black,0.895,0.808,586.4,27.9,2.42,92.75
Uttar Pradesh,Kanpur,Sugarcane,Kharif,7.11,Loamy,0.537,0.73,317.8,23.0,5.62,71.04
Haryana,Karnal,Rice,Rabi,8.44,Red,0.315,0.245,351.5,20.5,3.58,37.62
Maharashtra,Nagpur,Rice,Rabi,0.73,Loamy,0.875,0.464,623.1,17.0,4.42,73.48
Maharashtra,Nagpur,Cotton,Kharif,1.01,Alluvial,0.722,0.761,202.6,28.4,1.96,63.42
Karnataka,Belagavi,Cotton,Kharif,4.99,Black,0.341,0.836,772.4,31.9,2.5,76.16
Punjab,Amritsar,Maize,Kharif,3.77,Loamy,0.632,0.228,359.9,26.7,1.74,51.91
Karnataka,Mysuru,Cotton,Rabi,14.31,Black,0.439,0.89,846.7,35.2,2.59,78.5
Karnataka,Belagavi,Sugarcane,Rabi,13.34,Black,0.261,0.577,917.6,24.7,5.15,88.59
Haryana,Karnal,Wheat,Rabi,6.96,Alluvial,0.542,0.769,144.3,25.7,4.14,61.51
Uttar Pradesh,Kanpur,Cotton,Kharif,0.97,Black,0.365,0.417,429.2,21.1,2.02,40.96
Maharashtra,Pune,Wheat,Kharif,6.37,Black,0.367,0.64,658.4,36.3,4.7,68.67
Punjab,Amritsar,Sugarcane,Rabi,6.21,Black,0.626,0.511,755.3,20.7,1.29,64.3
Punjab,Ludhiana,Rice,Kharif,10.12,Black,0.283,0.868,872.3,29.4,4.37,94.27
Maharashtra,Pune,Maize,Kharif,4.59,Black,0.61,0.379,937.3,18.3,4.99,83.24
Punjab,Amritsar,Cotton,Kharif,5.72,Black,0.575,0.702,471.4,38.5,2.47,52.59
Punjab,Amritsar,Cotton,Kharif,13.02,Black,0.898,0.499,155.6,15.8,4.63,50.44
Karnataka,Belagavi,Sugarcane,Rabi,1.29,Black,0.88,0.559,326.3,26.7,5.29,84.94
Maharashtra,Nagpur,Rice,Kharif,10.87,Red,0.881,0.341,59.1,16.9,2.88,34.51
Haryana,Hisar,Maize,Kharif,7.54,Loamy,0.325,0.824,487.3,32.7,5.92,76.54
Punjab,Amritsar,Cotton,Kharif,14.44,Loamy,0.645,0.736,125.3,16.2,1.1,29.14
Uttar Pradesh,Lucknow,Cotton,Rabi,4.71,Loamy,0.593,0.278,629.0,29.2,4.96,81.56
Haryana,Karnal,Cotton,Rabi,13.37,Black,0.826,0.435,634.3,38.2,5.81,80.15
Punjab,Amritsar,Sugarcane,Kharif,4.31,Black,0.531,0.427,954.5,35.6,4.55,84.53
Karnataka,Mysuru,Sugarcane,Rabi,1.7,Alluvial,0.308,0.508,534.9,21.5,2.58,50.12
Uttar Pradesh,Lucknow,Rice,Rabi,8.78,Red,0.837,0.204,820.1,38.7,1.46,61.3
Maharashtra,Pune,Sugarcane,Rabi,0.71,Red,0.38,0.515,708.3,33.3,5.98,80.89
Punjab,Ludhiana,Wheat,Rabi,6.38,Red,0.318,0.884,860.7,27.5,4.02,95.37
Karnataka,Belagavi,Wheat,Kharif,1.81,Loamy,0.668,0.293,859.3,35.4,1.07,64.22
Maharashtra,Pune,Wheat,Kharif,11.84,Alluvial,0.539,0.756,597.7,23.6,5.05,84.1
Karnataka,Mysuru,Maize,Rabi,3.92,Black,0.3,0.33,223.0,27.8,5.22,55.6
Uttar Pradesh,Lucknow,Cotton,Rabi,13.15,Red,0.371,0.515,929.5,31.5,2.94,80.03
Punjab,Ludhiana,Cotton,Rabi,10.91,Alluvial,0.287,0.62,572.8,27.8,4.45,76.03
Maharashtra,Nagpur,Wheat,Kharif,2.83,Red,0.321,0.387,163.6,20.8,1.53,22.34
Punjab,Ludhiana,Rice,Kharif,7.62,Black,0.425,0.335,344.0,39.4,3.06,32.95
Maharashtra,Nagpur,Rice,Rabi,11.9,Black,0.484,0.202,857.4,24.5,3.48,75.26
Karnataka,Belagavi,Maize,Rabi,4.53,Black,0.477,0.681,824.1,25.4,2.55,82.47
Haryana,Karnal,Wheat,Rabi,1.55,Black,0.339,0.443,639.2,28.6,1.63,61.85
Uttar Pradesh,Lucknow,Maize,Kharif,10.97,Loamy,0.205,0.556,182.4,36.7,5.36,39.59
Punjab,Ludhiana,Sugarcane,Kharif,1.49,Black,0.422,0.387,530.6,34.4,5.29,64.62
Punjab,Amritsar,Maize,Kharif,5.04,Black,0.243,0.691,59.3,25.2,2.65,36.4
Uttar Pradesh,Lucknow,Wheat,Kharif,13.0,Alluvial,0.771,0.889,914.3,36.3,1.26,84.62
Maharashtra,Pune,Sugarcane,Rabi,13.77,Red,0.309,0.726,589.9,21.9,3.37,63.11
Karnataka,Belagavi,Wheat,Kharif,8.43,Loamy,0.7,0.511,75.7,26.2,2.48,49.86
Maharashtra,Pune,Maize,Rabi,1.26,Black,0.512,0.588,333.1,26.4,1.82,55.18
Haryana,Hisar,Rice,Kharif,11.63,Alluvial,0.28,0.651,842.6,29.4,4.23,86.56
Haryana,Hisar,Cotton,Rabi,1.74,Red,0.806,0.549,331.7,21.6,3.16,61.52
Punjab,Amritsar,Cotton,Kharif,2.01,Red,0.302,0.814,551.8,26.7,1.53,63.56
Karnataka,Belagavi,Sugarcane,Kharif,9.58,Black,0.253,0.279,96.8,21.4,1.68,15.87
Karnataka,Mysuru,Sugarcane,Rabi,12.41,Red,0.879,0.518,531.6,29.3,5.66,96.0
Maharashtra,Nagpur,Sugarcane,Kharif,4.32,Red,0.395,0.851,73.4,32.4,4.63,53.12
Haryana,Karnal,Wheat,Kharif,1.83,Red,0.677,0.816,538.5,28.5,2.28,81.42
Maharashtra,Pune,Rice,Rabi,3.58,Black,0.268,0.245,613.1,35.6,5.29,57.41
Karnataka,Mysuru,Rice,Kharif,9.8,Black,0.418,0.568,112.8,39.3,2.8,25.87
Haryana,Karnal,Wheat,Rabi,11.37,Alluvial,0.69,0.415,104.2,23.6,4.33,52.59
Uttar Pradesh,Kanpur,Rice,Rabi,10.88,Black,0.881,0.888,519.3,36.7,4.68,85.0
Uttar Pradesh,Kanpur,Maize,Rabi,12.66,Red,0.814,0.37,573.0,19.8,1.51,57.54
Karnataka,Belagavi,Rice,Rabi,10.95,Alluvial,0.56,0.624,650.3,28.2,3.91,86.87
Maharashtra,Nagpur,Sugarcane,Kharif,3.25,Alluvial,0.481,0.863,426.8,18.1,3.63,58.1
Punjab,Ludhiana,Sugarcane,Kharif,9.15,Black,0.392,0.219,748.5,30.6,3.9,70.92
Haryana,Hisar,Rice,Rabi,4.62,Alluvial,0.686,0.414,771.3,30.5,1.39,74.88
Karnataka,Mysuru,Sugarcane,Rabi,9.23,Red,0.426,0.744,117.3,31.5,5.05,57.62
Maharashtra,Pune,Maize,Rabi,0.78,Black,0.502,0.223,956.2,20.2,4.94,80.06
Maharashtra,Pune,Maize,Kharif,13.77,Red,0.348,0.301,771.0,27.5,5.56,85.05
Punjab,Amritsar,Rice,Rabi,9.11,Red,0.728,0.417,475.6,25.1,5.92,83.48
Punjab,Amritsar,Rice,Kharif,1.3,Red,0.783,0.52,296.0,37.0,1.98,47.11
Maharashtra,Nagpur,Cotton,Kharif,7.07,Red,0.862,0.674,336.5,19.7,2.52,59.84
Punjab,Amritsar,Sugarcane,Rabi,6.63,Loamy,0.757,0.299,173.8,31.1,1.99,46.41
Maharashtra,Nagpur,Cotton,Kharif,3.93,Red,0.315,0.287,397.6,20.7,2.09,33.93
Karnataka,Belagavi,Rice,Rabi,3.0,Loamy,0.502,0.557,183.6,25.6,2.71,49.43
Uttar Pradesh,Lucknow,Sugarcane,Rabi,14.79,Loamy,0.681,0.371,808.6,17.7,4.9,77.44
Maharashtra,Nagpur,Maize,Kharif,7.59,Alluvial,0.352,0.255,594.8,17.5,3.25,43.69
Karnataka,Belagavi,Wheat,Kharif,11.19,Black,0.377,0.247,304.6,37.8,4.17,35.85
Haryana,Karnal,Maize,Kharif,10.37,Black,0.41,0.52,140.8,37.5,5.68,43.79
Haryana,Hisar,Sugarcane,Rabi,1.17,Red,0.606,0.839,218.5,15.2,5.03,52.66
Punjab,Amritsar,Rice,Rabi,3.93,Alluvial,0.259,0.739,648.7,39.7,2.72,50.17
Uttar Pradesh,Kanpur,Maize,Rabi,3.59,Loamy,0.747,0.343,297.6,17.3,3.0,43.2
Punjab,Ludhiana,Cotton,Kharif,2.91,Black,0.89,0.775,317.4,16.8,1.28,50.4
Haryana,Karnal,Sugarcane,Rabi,12.72,Red,0.512,0.696,745.3,19.3,2.81,69.24
Uttar Pradesh,Lucknow,Cotton,Kharif,1.0,Loamy,0.644,0.801,377.5,24.8,5.46,82.34
Haryana,Karnal,Maize,Rabi,9.64,Black,0.492,0.301,138.9,15.4,5.37,33.34
Uttar Pradesh,Lucknow,Maize,Kharif,3.0,Red,0.635,0.817,961.1,19.8,4.59,97.25
Uttar Pradesh,Lucknow,Cotton,Kharif,14.21,Alluvial,0.642,0.505,548.9,20.0,4.75,70.29
Uttar Pradesh,Lucknow,Cotton,Kharif,11.12,Alluvial,0.363,0.769,609.0,20.3,2.18,57.88
Punjab,Amritsar,Sugarcane,Rabi,9.17,Black,0.717,0.22,564.2,16.3,4.51,57.95
Karnataka,Mysuru,Rice,Rabi,7.86,Black,0.509,0.291,326.4,36.7,5.52,51.61
Uttar Pradesh,Lucknow,Rice,Kharif,7.64,Loamy,0.335,0.525,283.5,37.9,2.68,32.62
Uttar Pradesh,Kanpur,Sugarcane,Kharif,8.37,Red,0.291,0.463,144.2,30.6,3.23,39.92
Punjab,Ludhiana,Rice,Rabi,7.29,Red,0.797,0.854,936.0,18.1,2.91,90.8
Punjab,Ludhiana,Sugarcane,Kharif,2.09,Red,0.876,0.322,665.6,21.1,4.59,81.14
Maharashtra,Pune,Cotton,Kharif,6.48,Red,0.27,0.556,73.4,25.2,2.1,31.92
Haryana,Hisar,Wheat,Rabi,12.76,Loamy,0.645,0.229,246.5,38.1,2.83,34.58
Uttar Pradesh,Kanpur,Wheat,Rabi,4.4,Alluvial,0.899,0.801,437.5,39.5,4.25,71.62
Karnataka,Mysuru,Maize,Rabi,9.68,Red,0.829,0.637,177.3,17.9,5.22,59.7
Maharashtra,Nagpur,Rice,Rabi,1.67,Black,0.671,0.682,374.4,20.4,5.07,69.41
Karnataka,Mysuru,Sugarcane,Kharif,14.14,Loamy,0.328,0.597,408.2,39.1,2.37,36.47
Maharashtra,Pune,Rice,Kharif,7.79,Loamy,0.38,0.691,63.7,16.2,4.0,30.16
Karnataka,Mysuru,Wheat,Kharif,7.16,Red,0.549,0.251,700.2,27.6,4.83,83.85
Punjab,Ludhiana,Sugarcane,Rabi,3.0,Black,0.811,0.629,199.3,39.1,3.59,49.83
Karnataka,Mysuru,Rice,Rabi,12.15,Loamy,0.772,0.885,526.8,26.4,4.77,96.13
Haryana,Hisar,Cotton,Kharif,6.56,Loamy,0.797,0.799,144.3,17.3,2.31,45.24
Haryana,Karnal,Wheat,Rabi,1.97,Loamy,0.636,0.449,799.5,20.8,4.2,80.06
Haryana,Karnal,Sugarcane,Kharif,6.08,Alluvial,0.493,0.231,324.7,26.3,1.58,43.77
Punjab,Ludhiana,Maize,Kharif,12.31,Red,0.855,0.559,952.8,28.4,2.97,100.0
Karnataka,Belagavi,Wheat,Kharif,7.61,Red,0.793,0.782,433.3,23.3,3.46,76.87
Uttar Pradesh,Kanpur,Rice,Kharif,7.55,Alluvial,0.434,0.275,276.9,38.7,2.53,27.16
Punjab,Amritsar,Maize,Rabi,10.5,Loamy,0.814,0.403,127.9,22.5,4.36,55.76
Punjab,Amritsar,Maize,Rabi,4.03,Black,0.52,0.732,245.7,32.7,1.11,44.93
Punjab,Ludhiana,Rice,Kharif,8.67,Loamy,0.343,0.719,99.7,36.3,1.99,28.31
Uttar Pradesh,Lucknow,Maize,Kharif,4.59,Red,0.387,0.563,272.7,18.1,1.62,29.55
Maharashtra,Nagpur,Maize,Rabi,2.34,Alluvial,0.84,0.545,480.9,16.0,4.64,66.27
Maharashtra,Pune,Maize,Kharif,6.06,Alluvial,0.786,0.806,622.7,33.2,1.58,76.3
Karnataka,Belagavi,Maize,Rabi,3.33,Red,0.419,0.634,656.4,32.5,1.56,62.13
Uttar Pradesh,Kanpur,Rice,Kharif,5.74,Alluvial,0.276,0.813,794.0,19.2,3.56,69.88
Uttar Pradesh,Lucknow,Sugarcane,Rabi,8.91,Red,0.578,0.235,109.8,19.7,1.16,20.79
Uttar Pradesh,Kanpur,Wheat,Kharif,12.62,Red,0.308,0.411,286.5,24.3,2.27,39.33
Uttar Pradesh,Lucknow,Maize,Rabi,9.92,Loamy,0.412,0.522,315.4,24.2,1.8,44.64
Maharashtra,Pune,Wheat,Rabi,5.31,Black,0.706,0.555,524.2,17.8,2.95,59.15
Uttar Pradesh,Kanpur,Maize,Rabi,2.47,Black,0.302,0.688,660.7,34.6,5.69,76.05
Punjab,Amritsar,Rice,Kharif,12.71,Loamy,0.347,0.251,718.1,25.1,5.6,76.53
Karnataka,Belagavi,Cotton,Kharif,4.25,Loamy,0.436,0.482,98.7,27.4,1.62,39.14
Karnataka,Mysuru,Cotton,Kharif,12.15,Black,0.307,0.457,404.7,18.8,4.99,48.96
Maharashtra,Pune,Cotton,Kharif,9.61,Red,0.285,0.89,791.6,24.8,3.89,84.85
Maharashtra,Pune,Sugarcane,Kharif,6.06,Black,0.88,0.311,386.4,25.5,2.95,67.65
Haryana,Hisar,Cotton,Kharif,11.07,Red,0.55,0.491,210.7,19.7,1.05,30.71
Uttar Pradesh,Kanpur,Rice,Kharif,2.18,Black,0.472,0.226,921.7,31.8,5.95,90.41
Uttar Pradesh,Lucknow,Sugarcane,Kharif,14.63,Black,0.79,0.551,982.4,17.4,2.52,81.95
Haryana,Karnal,Wheat,Kharif,10.13,Black,0.517,0.785,963.5,34.4,4.11,93.64
Maharashtra,Pune,Sugarcane,Kharif,12.49,Black,0.594,0.734,727.9,20.2,3.84,79.13
Punjab,Amritsar,Wheat,Kharif,7.06,Loamy,0.3,0.473,954.1,23.0,5.34,86.73
Haryana,Hisar,Sugarcane,Kharif,0.76,Loamy,0.692,0.215,649.6,19.1,3.83,63.42
Haryana,Hisar,Wheat,Rabi,9.22,Alluvial,0.794,0.822,509.7,33.2,2.58,76.32
Karnataka,Mysuru,Wheat,Kharif,8.87,Black,0.653,0.221,637.2,27.7,3.73,78.29
Haryana,Karnal,Cotton,Kharif,14.29,Alluvial,0.486,0.527,100.1,15.9,4.59,33.94
Haryana,Hisar,Sugarcane,Rabi,11.3,Red,0.318,0.333,487.7,22.2,2.24,43.44
Uttar Pradesh,Lucknow,Maize,Kharif,6.56,Loamy,0.251,0.392,981.0,29.9,4.55,86.58
Uttar Pradesh,Lucknow,Cotton,Kharif,11.75,Loamy,0.513,0.513,957.3,38.0,2.56,71.44
Maharashtra,Pune,Wheat,Rabi,8.35,Black,0.641,0.38,810.8,30.8,3.52,84.47
Maharashtra,Pune,Sugarcane,Rabi,5.41,Black,0.855,0.839,248.9,16.0,4.71,62.9
Uttar Pradesh,Kanpur,Maize,Rabi,9.21,Alluvial,0.571,0.219,284.3,26.5,4.14,57.38
Karnataka,Mysuru,Maize,Rabi,8.69,Loamy,0.262,0.49,762.7,32.3,5.95,80.71
Maharashtra,Nagpur,Sugarcane,Kharif,6.89,Alluvial,0.584,0.757,603.9,39.0,4.3,69.06
Maharashtra,Nagpur,Wheat,Kharif,3.52,Black,0.344,0.333,169.3,22.8,5.43,45.58
Haryana,Hisar,Wheat,Rabi,7.25,Black,0.241,0.384,464.3,18.9,5.74,51.75
Haryana,Hisar,Sugarcane,Kharif,10.96,Alluvial,0.859,0.817,539.4,34.4,3.81,83.71
Haryana,Karnal,Sugarcane,Rabi,13.18,Black,0.696,0.7,289.8,31.4,1.99,59.5
Uttar Pradesh,Kanpur,Wheat,Kharif,7.52,Red,0.245,0.586,849.0,39.9,3.15,57.62
Uttar Pradesh,Kanpur,Rice,Kharif,10.44,Loamy,0.887,0.684,889.0,38.7,3.43,88.34
Uttar Pradesh,Lucknow,Wheat,Rabi,4.29,Red,0.863,0.708,258.7,26.2,4.98,82.14
Haryana,Hisar,Maize,Rabi,8.0,Red,0.282,0.57,170.5,29.8,3.41,46.09
Haryana,Hisar,Wheat,Kharif,6.06,Loamy,0.497,0.7,623.6,22.5,3.05,70.32
Karnataka,Mysuru,Rice,Rabi,13.42,Red,0.488,0.302,548.1,39.1,4.04,50.03
Punjab,Amritsar,Wheat,Rabi,10.05,Black,0.401,0.592,315.4,23.7,5.62,64.1
Uttar Pradesh,Lucknow,Cotton,Kharif,12.89,Alluvial,0.641,0.723,248.9,28.4,4.69,75.61
Haryana,Karnal,Sugarcane,Kharif,3.21,Black,0.247,0.899,73.6,35.9,2.83,33.15
Punjab,Amritsar,Maize,Kharif,2.17,Black,0.428,0.354,929.0,36.7,3.5,70.38
Uttar Pradesh,Kanpur,Wheat,Kharif,3.23,Black,0.763,0.877,305.2,27.4,1.43,69.84
Haryana,Hisar,Maize,Kharif,6.91,Red,0.434,0.565,606.4,15.2,4.81,58.09
Karnataka,Belagavi,Cotton,Rabi,14.35,Loamy,0.368,0.426,224.6,29.4,1.77,40.81
Karnataka,Mysuru,Wheat,Kharif,10.01,Black,0.439,0.723,572.3,26.3,1.85,67.91
Maharashtra,Pune,Rice,Rabi,5.87,Black,0.598,0.817,944.8,33.5,1.43,84.74
Punjab,Ludhiana,Maize,Kharif,10.93,Alluvial,0.401,0.375,388.4,19.4,4.48,48.03
Uttar Pradesh,Kanpur,Cotton,Rabi,13.68,Red,0.22,0.738,906.8,26.2,3.75,86.64
Punjab,Ludhiana,Maize,Rabi,7.38,Alluvial,0.381,0.773,904.6,34.5,1.98,74.79
Karnataka,Mysuru,Maize,Rabi,1.03,Loamy,0.271,0.71,239.7,24.3,3.51,49.37
Karnataka,Belagavi,Rice,Rabi,7.53,Red,0.579,0.773,213.1,35.2,4.46,58.14
Uttar Pradesh,Kanpur,Sugarcane,Kharif,2.51,Black,0.666,0.567,657.4,23.4,5.53,88.8
Maharashtra,Nagpur,Cotton,Rabi,11.47,Black,0.756,0.546,900.0,21.7,3.05,87.76
Punjab,Amritsar,Maize,Rabi,6.75,Red,0.339,0.507,438.3,25.7,3.93,61.5
Haryana,Karnal,Cotton,Kharif,4.79,Loamy,0.601,0.509,379.4,33.7,5.47,68.68
Maharashtra,Nagpur,Sugarcane,Rabi,11.99,Loamy,0.395,0.652,879.6,16.0,5.15,75.86
Karnataka,Belagavi,Sugarcane,Kharif,13.18,Alluvial,0.23,0.383,882.0,33.8,1.09,55.58
Haryana,Hisar,Rice,Rabi,5.9,Loamy,0.446,0.58,119.1,34.8,2.09,32.92
Haryana,Hisar,Cotton,Kharif,10.93,Alluvial,0.451,0.627,413.4,22.6,1.12,46.93
Haryana,Hisar,Wheat,Rabi,12.36,Black,0.851,0.582,678.4,37.6,1.49,66.51
Haryana,Hisar,Wheat,Kharif,2.39,Alluvial,0.209,0.308,720.1,21.1,3.34,53.92
Uttar Pradesh,Kanpur,Cotton,Rabi,6.7,Black,0.617,0.263,370.5,17.2,5.81,54.15
Uttar Pradesh,Lucknow,Rice,Rabi,6.54,Alluvial,0.309,0.665,723.4,19.4,5.44,73.61
Haryana,Karnal,Maize,Kharif,11.95,Alluvial,0.648,0.797,750.5,37.1,3.17,77.78
Punjab,Amritsar,Rice,Kharif,8.59,Alluvial,0.413,0.261,51.4,26.2,5.18,45.85
Maharashtra,Pune,Cotton,Rabi,4.57,Alluvial,0.312,0.315,320.9,34.8,5.53,48.89
Haryana,Hisar,Rice,Kharif,2.14,Alluvial,0.809,0.645,206.5,25.7,2.44,62.37
Haryana,Hisar,Rice,Kharif,1.29,Alluvial,0.449,0.537,528.0,22.9,4.65,68.59
Haryana,Hisar,Sugarcane,Rabi,13.0,Red,0.595,0.487,366.3,18.1,1.53,39.17
Punjab,Amritsar,Rice,Rabi,14.44,Red,0.419,0.269,550.5,16.4,1.55,33.46
Karnataka,Mysuru,Wheat,Kharif,11.93,Loamy,0.773,0.871,833.1,29.1,1.9,97.78
Punjab,Amritsar,Rice,Rabi,2.4,Red,0.365,0.853,866.5,32.7,3.41,85.08
Haryana,Hisar,Rice,Kharif,11.34,Red,0.364,0.242,541.7,18.1,5.81,55.12
Karnataka,Belagavi,Cotton,Rabi,13.82,Alluvial,0.833,0.31,398.3,30.5,1.8,60.82
Haryana,Karnal,Sugarcane,Kharif,10.93,Black,0.722,0.56,364.4,35.9,2.55,54.44
Maharashtra,Nagpur,Wheat,Rabi,6.76,Red,0.47,0.683,622.3,17.7,3.54,61.74
Haryana,Hisar,Rice,Rabi,13.68,Loamy,0.87,0.254,555.7,22.6,2.96,68.58
Punjab,Amritsar,Rice,Rabi,4.33,Loamy,0.499,0.713,369.5,23.2,2.42,56.27
Haryana,Hisar,Cotton,Kharif,0.93,Alluvial,0.207,0.253,558.9,36.4,1.02,29.82
Uttar Pradesh,Kanpur,Rice,Rabi,10.06,Black,0.557,0.534,843.2,33.9,3.42,80.31
Haryana,Hisar,Cotton,Kharif,8.18,Black,0.537,0.676,865.9,30.7,4.81,97.64
Punjab,Amritsar,Maize,Kharif,12.13,Red,0.796,0.538,445.3,39.4,2.0,50.78
Uttar Pradesh,Kanpur,Sugarcane,Rabi,6.0,Loamy,0.838,0.631,441.3,38.4,1.24,52.57
Maharashtra,Nagpur,Rice,Kharif,8.47,Red,0.659,0.468,317.7,33.0,5.31,67.2
Maharashtra,Nagpur,Sugarcane,Rabi,2.37,Alluvial,0.863,0.533,351.4,34.2,3.49,66.15
Punjab,Amritsar,Maize,Kharif,10.26,Loamy,0.233,0.596,775.1,18.4,2.14,53.31
Haryana,Karnal,Sugarcane,Kharif,7.37,Red,0.513,0.205,828.4,24.0,3.7,75.0
Uttar Pradesh,Lucknow,Wheat,Kharif,8.2,Black,0.48,0.868,660.0,22.5,1.63,68.65
Maharashtra,Nagpur,Wheat,Rabi,9.22,Black,0.242,0.489,569.3,25.9,4.74,68.66
Punjab,Ludhiana,Sugarcane,Kharif,3.31,Loamy,0.576,0.854,843.2,36.1,2.52,80.07
Karnataka,Belagavi,Rice,Kharif,12.13,Black,0.444,0.686,201.7,37.4,3.02,39.08
Punjab,Ludhiana,Sugarcane,Kharif,9.51,Red,0.227,0.331,839.7,34.2,2.75,59.55
Karnataka,Mysuru,Maize,Kharif,4.0,Loamy,0.346,0.375,815.6,22.0,1.96,60.06
Punjab,Ludhiana,Wheat,Kharif,1.64,Loamy,0.449,0.723,573.2,35.4,5.8,76.65
Karnataka,Mysuru,Cotton,Rabi,1.08,Alluvial,0.889,0.468,194.6,31.7,2.42,57.25
Karnataka,Belagavi,Sugarcane,Kharif,13.02,Red,0.842,0.898,196.0,36.6,2.33,56.17
Punjab,Amritsar,Maize,Rabi,14.03,Alluvial,0.255,0.682,795.8,34.9,1.68,60.36
Karnataka,Mysuru,Wheat,Rabi,13.98,Black,0.539,0.543,163.8,35.1,2.23,37.58
Punjab,Amritsar,Rice,Rabi,0.72,Red,0.399,0.506,652.1,26.3,2.69,69.27
Haryana,Karnal,Cotton,Rabi,8.07,Red,0.209,0.214,974.3,20.5,5.03,71.53
Punjab,Ludhiana,Maize,Rabi,8.78,Alluvial,0.206,0.38,436.5,26.5,2.49,47.98
Uttar Pradesh,Lucknow,Cotton,Rabi,4.6,Red,0.227,0.896,507.9,33.9,3.26,60.24
Karnataka,Belagavi,Rice,Rabi,12.66,Loamy,0.658,0.393,969.4,23.0,5.99,100.0
Haryana,Karnal,Sugarcane,Rabi,4.05,Alluvial,0.817,0.491,734.3,38.0,3.04,72.78
Maharashtra,Nagpur,Maize,Rabi,5.24,Black,0.208,0.691,157.6,34.3,3.46,37.14
Punjab,Amritsar,Rice,Kharif,1.51,Alluvial,0.535,0.321,764.7,37.8,3.77,64.24
Karnataka,Mysuru,Rice,Rabi,14.77,Alluvial,0.715,0.742,673.4,26.8,3.86,94.15
Uttar Pradesh,Lucknow,Sugarcane,Rabi,11.43,Black,0.353,0.51,636.9,34.2,1.52,52.15
Uttar Pradesh,Lucknow,Sugarcane,Kharif,5.12,Red,0.712,0.401,750.2,16.8,5.32,76.66
Punjab,Amritsar,Cotton,Kharif,1.25,Red,0.802,0.521,299.3,21.0,3.42,59.16
Karnataka,Mysuru,Sugarcane,Kharif,5.67,Loamy,0.271,0.873,670.0,26.4,2.99,76.56
Maharashtra,Pune,Wheat,Rabi,11.81,Black,0.74,0.36,926.1,29.8,2.9,92.1
Uttar Pradesh,Lucknow,Maize,Kharif,7.55,Loamy,0.553,0.323,822.1,28.5,1.66,75.84
Haryana,Karnal,Maize,Kharif,5.85,Loamy,0.295,0.563,157.0,38.3,1.92,21.25
Haryana,Karnal,Maize,Kharif,7.12,Alluvial,0.32,0.387,533.7,18.7,4.06,49.26
Punjab,Amritsar,Cotton,Rabi,0.66,Alluvial,0.584,0.881,466.8,28.5,5.84,94.0
Punjab,Amritsar,Wheat,Kharif,2.1,Red,0.863,0.496,58.8,26.1,1.23,47.89
Maharashtra,Nagpur,Cotton,Rabi,2.57,Loamy,0.687,0.315,766.0,39.2,4.9,72.32
Uttar Pradesh,Lucknow,Wheat,Kharif,1.18,Black,0.668,0.804,204.8,35.3,5.27,65.47
Uttar Pradesh,Kanpur,Maize,Rabi,6.23,Alluvial,0.378,0.887,983.9,38.1,4.93,89.05
Karnataka,Belagavi,Sugarcane,Rabi,12.19,Loamy,0.255,0.334,416.9,27.1,2.77,50.17
Haryana,Hisar,Wheat,Rabi,0.84,Alluvial,0.501,0.813,336.4,17.4,4.79,57.43
Haryana,Karnal,Wheat,Rabi,2.54,Alluvial,0.636,0.345,528.9,28.6,2.42,68.23
Punjab,Ludhiana,Rice,Kharif,7.65,Loamy,0.312,0.885,200.6,27.2,2.82,55.58
Punjab,Amritsar,Rice,Rabi,4.75,Alluvial,0.461,0.669,118.4,21.4,4.57,48.43
Haryana,Karnal,Rice,Kharif,14.52,Loamy,0.569,0.412,394.5,16.7,5.95,57.09
Punjab,Amritsar,Sugarcane,Rabi,3.87,Red,0.625,0.482,247.5,35.3,4.71,55.25
Uttar Pradesh,Kanpur,Rice,Rabi,8.82,Red,0.351,0.803,945.1,28.0,2.76,93.41
Maharashtra,Pune,Wheat,Kharif,3.33,Red,0.872,0.3,533.6,35.7,2.75,63.05
Uttar Pradesh,Lucknow,Sugarcane,Rabi,9.48,Alluvial,0.673,0.744,578.8,31.1,1.07,70.24
Maharashtra,Pune,Cotton,Kharif,14.78,Alluvial,0.862,0.338,881.6,32.6,3.27,89.85
Haryana,Karnal,Rice,Rabi,11.11,Loamy,0.308,0.799,538.9,17.6,4.47,59.25
Uttar Pradesh,Kanpur,Wheat,Kharif,9.26,Alluvial,0.285,0.255,550.9,25.1,3.94,57.8
Haryana,Karnal,Sugarcane,Rabi,8.64,Black,0.681,0.428,140.0,39.4,2.43,30.88
Maharashtra,Pune,Cotton,Kharif,1.39,Black,0.314,0.827,701.7,21.2,1.33,59.8
Karnataka,Mysuru,Sugarcane,Rabi,3.64,Alluvial,0.669,0.879,216.9,29.9,3.12,68.04
Karnataka,Mysuru,Sugarcane,Rabi,7.54,Black,0.58,0.413,222.7,17.1,4.57,42.81
Maharashtra,Pune,Rice,Kharif,2.65,Red,0.588,0.569,747.5,16.4,5.44,76.18
Karnataka,Belagavi,Sugarcane,Kharif,3.55,Black,0.216,0.828,250.2,20.7,2.4,38.17
Haryana,Hisar,Cotton,Kharif,7.04,Alluvial,0.728,0.869,783.5,36.1,4.8,94.18
Uttar Pradesh,Lucknow,Cotton,Kharif,8.28,Alluvial,0.506,0.388,623.8,36.8,5.99,70.95
Maharashtra,Pune,Wheat,Kharif,5.15,Black,0.897,0.792,630.4,16.0,5.51,86.27
Punjab,Amritsar,Wheat,Rabi,9.94,Black,0.63,0.434,827.0,16.0,5.35,77.0
Punjab,Ludhiana,Wheat,Rabi,12.88,Red,0.298,0.581,57.6,17.4,1.27,12.98
Karnataka,Belagavi,Sugarcane,Kharif,4.12,Red,0.814,0.769,959.9,37.1,5.67,100.0
Maharashtra,Nagpur,Cotton,Rabi,3.58,Alluvial,0.623,0.553,873.7,38.8,3.02,72.82
Punjab,Ludhiana,Wheat,Rabi,2.38,Loamy,0.59,0.862,444.2,23.2,4.03,74.96
Karnataka,Mysuru,Rice,Kharif,0.83,Red,0.279,0.627,829.5,22.1,2.2,66.11
Maharashtra,Pune,Rice,Rabi,10.96,Alluvial,0.66,0.871,934.5,34.7,4.62,100.0
Karnataka,Belagavi,Sugarcane,Kharif,4.26,Loamy,0.259,0.283,263.4,27.5,5.2,54.31
Maharashtra,Nagpur,Rice,Kharif,6.37,Black,0.476,0.334,108.2,29.8,5.95,56.57
Punjab,Amritsar,Wheat,Kharif,3.96,Alluvial,0.859,0.623,150.0,29.3,3.5,68.04
Karnataka,Mysuru,Wheat,Kharif,3.24,Red,0.556,0.57,820.1,33.4,4.32,85.52
Karnataka,Belagavi,Wheat,Rabi,5.46,Loamy,0.783,0.392,746.5,17.4,5.76,82.13
Maharashtra,Pune,Wheat,Kharif,14.02,Red,0.542,0.641,747.6,24.3,4.6,87.97
Punjab,Amritsar,Sugarcane,Kharif,10.29,Loamy,0.492,0.711,545.8,16.9,1.96,49.89
Haryana,Karnal,Maize,Rabi,2.2,Black,0.893,0.347,61.2,39.9,2.41,31.24
Karnataka,Mysuru,Maize,Kharif,13.61,Red,0.424,0.669,228.5,30.6,2.68,51.19
Punjab,Amritsar,Wheat,Kharif,6.26,Loamy,0.372,0.514,354.5,33.6,5.86,61.7
Karnataka,Belagavi,Rice,Kharif,2.78,Red,0.683,0.559,668.1,37.2,3.2,68.88
Uttar Pradesh,Kanpur,Rice,Kharif,1.09,Alluvial,0.569,0.82,846.0,37.1,5.61,92.56
Uttar Pradesh,Kanpur,Wheat,Kharif,13.46,Black,0.882,0.232,388.0,20.3,4.78,64.57
Maharashtra,Pune,Maize,Kharif,5.13,Alluvial,0.614,0.251,190.1,16.8,5.06,40.17
Maharashtra,Nagpur,Sugarcane,Kharif,2.1,Black,0.705,0.309,857.4,33.2,5.21,90.92
Punjab,Amritsar,Sugarcane,Kharif,4.52,Black,0.65,0.685,877.4,23.6,4.85,99.2
Uttar Pradesh,Kanpur,Maize,Kharif,8.01,Red,0.605,0.725,966.5,16.8,1.27,71.57
Maharashtra,Pune,Wheat,Kharif,8.56,Black,0.718,0.549,308.7,19.2,4.1,57.19
Maharashtra,Pune,Cotton,Kharif,2.55,Loamy,0.818,0.608,170.5,26.5,5.22,75.45
Karnataka,Mysuru,Cotton,Rabi,1.95,Red,0.223,0.592,710.1,34.9,2.7,57.81
Punjab,Ludhiana,Rice,Rabi,5.24,Alluvial,0.506,0.396,602.8,16.4,1.72,43.15
Karnataka,Mysuru,Maize,Kharif,1.29,Red,0.485,0.324,154.2,29.2,5.64,58.58
Uttar Pradesh,Lucknow,Sugarcane,Kharif,12.19,Black,0.326,0.872,415.9,23.5,5.37,71.86
Uttar Pradesh,Lucknow,Rice,Kharif,10.15,Black,0.255,0.623,205.7,33.4,2.51,36.53
Punjab,Amritsar,Cotton,Rabi,11.25,Alluvial,0.412,0.664,200.4,32.2,1.64,40.84
Haryana,Karnal,Sugarcane,Kharif,10.21,Red,0.873,0.622,581.5,15.4,1.4,56.98
Maharashtra,Pune,Sugarcane,Rabi,10.06,Alluvial,0.637,0.398,409.1,17.6,4.6,54.9
Karnataka,Belagavi,Rice,Rabi,13.89,Black,0.361,0.725,649.0,33.7,3.19,67.76
Maharashtra,Pune,Sugarcane,Kharif,9.76,Red,0.401,0.406,429.6,36.3,3.5,46.57
Uttar Pradesh,Lucknow,Wheat,Rabi,3.68,Red,0.5,0.657,740.8,15.0,5.68,73.36
Punjab,Amritsar,Cotton,Rabi,12.11,Black,0.518,0.669,352.4,24.5,5.95,75.22
Maharashtra,Pune,Sugarcane,Kharif,0.8,Loamy,0.356,0.24,148.2,25.8,2.15,32.22
Haryana,Karnal,Sugarcane,Kharif,9.97,Black,0.249,0.642,955.6,28.5,4.58,94.44
Maharashtra,Pune,Sugarcane,Kharif,3.17,Red,0.506,0.475,435.0,18.1,5.07,56.89
Punjab,Ludhiana,Maize,Kharif,9.28,Black,0.684,0.468,875.6,29.2,3.2,93.02
Karnataka,Belagavi,Cotton,Rabi,3.81,Red,0.806,0.223,917.1,18.0,4.23,80.79
Uttar Pradesh,Lucknow,Rice,Kharif,6.61,Loamy,0.487,0.362,179.6,19.9,1.28,25.27
Maharashtra,Pune,Maize,Kharif,5.09,Alluvial,0.881,0.336,378.5,23.9,1.04,55.16
Uttar Pradesh,Lucknow,Rice,Kharif,8.27,Black,0.581,0.658,417.7,31.2,1.22,57.37
Punjab,Amritsar,Wheat,Kharif,13.37,Red,0.273,0.776,249.5,24.9,2.58,48.13
Uttar Pradesh,Kanpur,Maize,Rabi,10.76,Alluvial,0.538,0.828,983.5,25.0,3.08,98.1
Uttar Pradesh,Lucknow,Cotton,Kharif,4.4,Loamy,0.762,0.231,992.5,18.3,4.98,87.57
Uttar Pradesh,Kanpur,Sugarcane,Kharif,6.49,Alluvial,0.576,0.235,52.2,21.1,4.4,36.84
Maharashtra,Nagpur,Wheat,Rabi,9.89,Red,0.698,0.325,125.6,38.5,2.3,29.34
Karnataka,Mysuru,Wheat,Kharif,1.88,Red,0.266,0.71,357.9,39.4,1.19,28.11
Karnataka,Mysuru,Wheat,Kharif,14.97,Loamy,0.822,0.234,585.1,31.2,2.05,67.72
Maharashtra,Pune,Maize,Rabi,9.56,Red,0.71,0.852,314.9,38.8,1.32,46.9
Haryana,Karnal,Cotton,Rabi,12.56,Alluvial,0.305,0.227,884.9,22.9,1.64,58.59
Maharashtra,Pune,Sugarcane,Rabi,0.88,Red,0.682,0.623,939.0,20.9,1.42,79.3
Uttar Pradesh,Kanpur,Sugarcane,Kharif,7.99,Red,0.308,0.845,769.6,33.3,4.55,82.54
Uttar Pradesh,Lucknow,Sugarcane,Kharif,3.69,Alluvial,0.507,0.747,794.8,26.3,4.96,97.56
Karnataka,Belagavi,Rice,Rabi,9.32,Alluvial,0.592,0.873,646.0,21.5,2.46,74.14
Haryana,Hisar,Rice,Rabi,5.51,Red,0.894,0.271,434.4,16.6,5.11,62.53
Uttar Pradesh,Kanpur,Rice,Rabi,12.67,Red,0.514,0.646,260.2,31.9,4.86,63.65
Haryana,Hisar,Rice,Kharif,13.46,Loamy,0.549,0.789,811.3,25.3,2.15,84.85
Karnataka,Mysuru,Sugarcane,Rabi,8.1,Red,0.764,0.447,660.1,21.1,1.55,64.87
Haryana,Hisar,Maize,Rabi,12.9,Alluvial,0.443,0.881,980.7,21.7,1.2,79.97
Karnataka,Mysuru,Cotton,Kharif,4.44,Alluvial,0.53,0.698,467.1,17.8,4.53,61.61
Maharashtra,Pune,Cotton,Rabi,5.7,Red,0.328,0.65,361.4,36.5,1.61,36.85
Uttar Pradesh,Lucknow,Rice,Kharif,14.5,Black,0.21,0.537,366.7,26.2,3.85,54.76
Punjab,Amritsar,Rice,Kharif,1.5,Alluvial,0.432,0.398,577.4,33.3,3.66,61.64
Uttar Pradesh,Lucknow,Rice,Rabi,11.78,Loamy,0.717,0.825,475.5,28.3,3.08,84.29
Karnataka,Belagavi,Cotton,Rabi,3.84,Red,0.593,0.294,354.2,37.8,3.05,41.47
Punjab,Amritsar,Maize,Kharif,12.34,Black,0.892,0.472,95.0,35.0,4.02,53.87
Maharashtra,Nagpur,Cotton,Kharif,9.59,Black,0.679,0.288,797.2,15.5,3.41,62.88
Punjab,Amritsar,Cotton,Kharif,12.49,Red,0.616,0.756,989.9,32.0,5.92,100.0
Karnataka,Mysuru,Sugarcane,Rabi,14.04,Loamy,0.807,0.364,789.5,30.2,5.85,100.0
Karnataka,Mysuru,Maize,Rabi,6.25,Black,0.875,0.577,323.5,18.0,4.52,63.82
Punjab,Ludhiana,Sugarcane,Rabi,0.82,Loamy,0.413,0.845,354.9,21.3,3.67,58.27
Uttar Pradesh,Kanpur,Maize,Kharif,2.03,Red,0.695,0.55,876.4,18.2,4.39,84.25
Haryana,Karnal,Maize,Kharif,6.6,Red,0.537,0.463,395.0,16.3,4.43,48.87
Punjab,Amritsar,Wheat,Kharif,9.94,Red,0.339,0.368,676.4,37.7,5.91,65.03
Karnataka,Belagavi,Wheat,Rabi,1.87,Red,0.205,0.307,115.5,39.9,2.44,9.02
Punjab,Ludhiana,Rice,Kharif,5.35,Black,0.431,0.214,178.4,32.4,1.6,28.55
Karnataka,Mysuru,Rice,Kharif,10.49,Black,0.597,0.679,52.7,38.3,1.55,27.66
Punjab,Amritsar,Sugarcane,Rabi,14.23,Loamy,0.527,0.812,820.3,39.5,5.63,84.91
Punjab,Amritsar,Rice,Kharif,7.84,Alluvial,0.594,0.419,330.4,33.3,5.36,63.98
Uttar Pradesh,Lucknow,Sugarcane,Kharif,5.57,Alluvial,0.586,0.452,169.5,29.7,3.63,55.03
Karnataka,Mysuru,Maize,Kharif,2.11,Black,0.51,0.377,913.8,17.5,1.25,58.22
Haryana,Hisar,Maize,Rabi,0.85,Red,0.488,0.433,685.9,20.4,3.95,66.75
Maharashtra,Nagpur,Wheat,Rabi,14.69,Loamy,0.207,0.636,442.2,36.5,2.26,39.55
Karnataka,Belagavi,Cotton,Rabi,7.72,Alluvial,0.533,0.831,83.0,23.0,3.98,53.48
Punjab,Ludhiana,Rice,Kharif,1.41,Loamy,0.771,0.546,177.1,37.1,4.25,52.54
Punjab,Ludhiana,Maize,Kharif,9.33,Alluvial,0.326,0.358,73.9,33.1,5.05,39.1
Maharashtra,Pune,Sugarcane,Kharif,0.76,Alluvial,0.252,0.557,971.0,32.3,1.35,69.45
Maharashtra,Nagpur,Sugarcane,Rabi,12.54,Alluvial,0.869,0.689,247.4,15.5,3.4,52.01
Maharashtra,Nagpur,Sugarcane,Rabi,3.09,Black,0.436,0.493,533.1,26.9,2.35,63.79
Uttar Pradesh,Kanpur,Wheat,Rabi,13.98,Loamy,0.467,0.255,213.3,16.5,1.53,18.04
Punjab,Amritsar,Sugarcane,Rabi,10.82,Alluvial,0.348,0.671,719.0,29.0,5.52,90.5
Karnataka,Belagavi,Maize,Rabi,11.89,Loamy,0.524,0.859,512.1,26.6,4.93,87.27
Karnataka,Mysuru,Rice,Rabi,0.89,Alluvial,0.209,0.816,92.8,33.3,5.36,48.56
Uttar Pradesh,Kanpur,Maize,Kharif,12.86,Alluvial,0.584,0.338,351.4,22.0,3.65,52.71
Punjab,Amritsar,Maize,Kharif,3.88,Alluvial,0.517,0.562,775.4,26.2,4.95,92.06
Maharashtra,Pune,Maize,Kharif,6.25,Loamy,0.72,0.607,418.7,19.3,2.13,54.56
Uttar Pradesh,Kanpur,Cotton,Rabi,5.2,Alluvial,0.611,0.247,838.2,29.1,4.35,89.02
Punjab,Amritsar,Maize,Rabi,1.81,Black,0.624,0.263,961.3,32.9,4.94,91.38
Uttar Pradesh,Lucknow,Sugarcane,Rabi,12.95,Black,0.87,0.549,935.0,29.6,3.69,100.0
Karnataka,Mysuru,Maize,Rabi,1.46,Black,0.201,0.566,376.9,39.9,4.86,40.53
Maharashtra,Pune,Rice,Kharif,11.74,Black,0.599,0.732,192.4,29.3,2.27,57.63
Uttar Pradesh,Kanpur,Maize,Kharif,4.98,Loamy,0.282,0.89,343.2,18.3,2.0,39.88
Punjab,Amritsar,Maize,Kharif,7.71,Alluvial,0.494,0.334,367.1,33.2,4.35,55.34
Punjab,Amritsar,Rice,Kharif,6.54,Red,0.326,0.682,586.8,36.5,1.59,48.75
Punjab,Ludhiana,Sugarcane,Kharif,11.09,Alluvial,0.843,0.838,752.0,19.9,5.22,97.95
Punjab,Amritsar,Wheat,Rabi,12.15,Black,0.897,0.377,464.9,28.0,2.47,76.41
Maharashtra,Nagpur,Sugarcane,Rabi,2.98,Alluvial,0.811,0.693,130.9,31.3,4.27,67.0
Karnataka,Belagavi,Rice,Rabi,13.95,Loamy,0.852,0.704,777.5,17.3,3.57,82.75
Maharashtra,Pune,Sugarcane,Kharif,2.46,Red,0.528,0.857,226.5,39.4,5.97,58.28
Punjab,Ludhiana,Sugarcane,Kharif,13.1,Alluvial,0.588,0.626,930.6,31.6,4.45,97.81
Maharashtra,Nagpur,Cotton,Rabi,14.54,Alluvial,0.846,0.819,479.5,36.4,1.24,63.46
Punjab,Ludhiana,Rice,Rabi,13.89,Loamy,0.52,0.792,479.7,25.6,1.78,66.08
Punjab,Ludhiana,Wheat,Kharif,11.83,Alluvial,0.676,0.645,914.1,15.5,3.79,79.44
Haryana,Karnal,Maize,Rabi,3.06,Red,0.4,0.869,747.4,31.5,5.08,91.5
Maharashtra,Nagpur,Maize,Rabi,12.33,Alluvial,0.762,0.792,159.7,39.2,5.8,61.05
Karnataka,Mysuru,Sugarcane,Rabi,6.38,Red,0.676,0.247,614.0,34.3,5.14,73.64
Punjab,Ludhiana,Wheat,Rabi,10.42,Loamy,0.754,0.405,125.2,27.2,2.57,54.02
Punjab,Amritsar,Cotton,Kharif,3.03,Alluvial,0.339,0.396,999.4,21.7,2.64,72.34
Maharashtra,Nagpur,Rice,Kharif,4.41,Alluvial,0.738,0.82,260.5,26.6,3.35,73.31
Karnataka,Mysuru,Maize,Kharif,10.23,Alluvial,0.793,0.207,432.7,37.7,4.7,58.66
Punjab,Ludhiana,Cotton,Kharif,5.82,Loamy,0.482,0.201,522.2,33.8,5.12,62.01
Uttar Pradesh,Lucknow,Maize,Rabi,7.58,Black,0.308,0.459,362.8,25.6,3.86,54.9
Maharashtra,Nagpur,Maize,Rabi,1.92,Loamy,0.21,0.313,996.2,19.5,3.51,65.53
Maharashtra,Nagpur,Sugarcane,Kharif,12.1,Black,0.442,0.382,459.0,26.7,2.2,56.37
Karnataka,Belagavi,Sugarcane,Rabi,12.25,Alluvial,0.589,0.863,529.6,37.2,2.79,64.22
Maharashtra,Pune,Sugarcane,Kharif,8.53,Loamy,0.547,0.414,930.8,29.7,3.04,87.84
Uttar Pradesh,Kanpur,Rice,Kharif,3.8,Black,0.609,0.46,476.5,28.4,2.02,65.94
Uttar Pradesh,Lucknow,Rice,Rabi,6.48,Red,0.225,0.549,576.5,29.0,4.54,71.12
Maharashtra,Nagpur,Cotton,Kharif,2.47,Loamy,0.548,0.35,107.1,23.1,1.72,32.09
Uttar Pradesh,Lucknow,Maize,Rabi,13.61,Black,0.899,0.891,887.6,24.9,4.43,100.0
Karnataka,Mysuru,Wheat,Rabi,3.23,Red,0.5,0.661,300.6,15.3,3.59,41.61
Maharashtra,Nagpur,Cotton,Kharif,7.33,Alluvial,0.601,0.85,837.0,23.1,2.19,85.29
Uttar Pradesh,Kanpur,Sugarcane,Kharif,7.8,Black,0.247,0.707,815.7,22.2,4.32,77.11
Uttar Pradesh,Kanpur,Rice,Kharif,1.43,Loamy,0.222,0.381,905.6,35.6,4.41,69.42
Punjab,Amritsar,Sugarcane,Kharif,13.05,Loamy,0.707,0.483,254.0,23.9,2.42,53.42
Haryana,Hisar,Sugarcane,Kharif,7.9,Red,0.884,0.397,506.6,26.2,1.6,70.59
Maharashtra,Pune,Maize,Kharif,6.57,Red,0.502,0.238,540.7,27.6,1.75,58.51
Punjab,Ludhiana,Maize,Rabi,10.76,Black,0.724,0.338,788.4,35.8,2.81,71.66
Punjab,Amritsar,Sugarcane,Kharif,7.63,Alluvial,0.214,0.67,547.0,37.5,1.82,41.69
Karnataka,Mysuru,Sugarcane,Rabi,6.28,Black,0.319,0.378,300.1,28.9,3.06,49.12
Karnataka,Mysuru,Sugarcane,Kharif,4.54,Red,0.74,0.446,821.4,23.0,1.82,77.22
Karnataka,Belagavi,Cotton,Rabi,11.12,Loamy,0.261,0.668,901.0,16.4,1.7,56.18
Haryana,Hisar,Rice,Rabi,7.85,Black,0.289,0.534,775.4,21.5,3.4,66.23
Maharashtra,Nagpur,Cotton,Kharif,3.67,Alluvial,0.565,0.309,683.3,30.1,1.44,64.67
Maharashtra,Nagpur,Rice,Rabi,9.0,Red,0.45,0.604,375.2,17.1,5.96,57.61
Karnataka,Mysuru,Sugarcane,Kharif,6.18,Loamy,0.383,0.44,440.2,33.0,3.56,54.22
Karnataka,Mysuru,Rice,Rabi,12.07,Loamy,0.748,0.447,334.0,29.0,1.04,57.26
Haryana,Karnal,Wheat,Kharif,14.03,Loamy,0.66,0.507,92.6,38.0,3.35,37.16
Maharashtra,Nagpur,Rice,Rabi,2.3,Loamy,0.35,0.245,595.6,30.6,3.53,60.61
Maharashtra,Nagpur,Sugarcane,Rabi,10.99,Red,0.783,0.341,479.4,32.3,4.19,72.25
Haryana,Karnal,Wheat,Kharif,13.79,Black,0.592,0.308,803.8,37.9,1.85,58.06
Punjab,Ludhiana,Cotton,Rabi,13.76,Loamy,0.582,0.449,56.9,16.5,3.14,27.14
Maharashtra,Nagpur,Wheat,Kharif,12.56,Alluvial,0.886,0.546,59.2,18.5,2.61,41.67
Maharashtra,Pune,Sugarcane,Rabi,2.79,Loamy,0.437,0.214,395.4,28.3,5.36,66.62
Punjab,Amritsar,Wheat,Kharif,14.8,Alluvial,0.713,0.744,878.8,20.4,1.42,79.39
Maharashtra,Pune,Maize,Kharif,11.16,Black,0.277,0.803,847.2,31.3,3.51,83.08
Punjab,Ludhiana,Rice,Rabi,5.68,Loamy,0.276,0.495,740.7,17.7,2.03,48.62
Karnataka,Belagavi,Sugarcane,Kharif,6.14,Red,0.419,0.524,420.6,36.6,5.65,59.84
Karnataka,Mysuru,Sugarcane,Kharif,14.81,Loamy,0.59,0.395,428.6,19.3,4.81,58.6
Haryana,Hisar,Maize,Rabi,8.65,Alluvial,0.35,0.439,795.7,19.8,4.19,67.56
Punjab,Ludhiana,Sugarcane,Kharif,10.09,Alluvial,0.614,0.715,592.8,16.7,1.58,54.3
Karnataka,Belagavi,Wheat,Kharif,2.94,Loamy,0.686,0.652,703.0,24.3,2.31,79.61
Haryana,Karnal,Maize,Kharif,9.37,Alluvial,0.461,0.691,843.9,32.2,3.56,85.0
Uttar Pradesh,Kanpur,Sugarcane,Rabi,5.44,Black,0.534,0.407,539.2,19.1,5.89,67.48
Karnataka,Belagavi,Cotton,Kharif,8.12,Red,0.707,0.505,648.5,23.5,2.51,73.34
Karnataka,Mysuru,Maize,Rabi,11.53,Alluvial,0.849,0.521,676.5,37.9,1.45,64.02
Uttar Pradesh,Lucknow,Rice,Rabi,10.42,Loamy,0.756,0.279,556.8,17.5,5.36,67.07
Karnataka,Mysuru,Wheat,Rabi,5.55,Alluvial,0.697,0.455,841.6,26.4,4.6,97.65
Maharashtra,Nagpur,Rice,Kharif,14.78,Black,0.297,0.501,453.6,25.4,4.32,62.0
Maharashtra,Nagpur,Wheat,Kharif,14.88,Black,0.849,0.415,156.0,36.0,5.99,61.84
Uttar Pradesh,Lucknow,Sugarcane,Rabi,14.19,Red,0.768,0.719,750.1,19.5,5.12,90.96
Uttar Pradesh,Lucknow,Rice,Rabi,12.94,Loamy,0.386,0.56,151.5,31.5,5.18,53.98
Punjab,Ludhiana,Wheat,Kharif,10.73,Black,0.722,0.756,760.4,26.0,4.67,100.0
Karnataka,Belagavi,Sugarcane,Kharif,3.78,Loamy,0.629,0.503,117.5,27.2,4.51,61.41
Maharashtra,Pune,Rice,Kharif,1.75,Black,0.856,0.465,597.6,34.8,2.62,70.97
Haryana,Hisar,Maize,Rabi,2.6,Alluvial,0.768,0.356,731.5,38.6,3.64,69.36
Uttar Pradesh,Kanpur,Wheat,Kharif,8.66,Alluvial,0.481,0.651,573.1,21.3,2.99,63.32
Punjab,Amritsar,Sugarcane,Rabi,14.45,Red,0.491,0.621,724.3,38.8,2.22,58.43
Maharashtra,Nagpur,Cotton,Rabi,11.76,Black,0.587,0.663,356.8,27.0,4.09,73.41
Haryana,Karnal,Rice,Rabi,0.95,Red,0.319,0.643,448.9,27.7,1.31,55.64
Punjab,Amritsar,Sugarcane,Kharif,7.71,Alluvial,0.294,0.547,210.6,18.2,5.66,43.2
Maharashtra,Pune,Rice,Kharif,8.58,Red,0.276,0.853,366.8,20.5,3.48,51.72
Uttar Pradesh,Kanpur,Sugarcane,Rabi,4.43,Red,0.4,0.39,862.6,15.8,1.38,49.38
Karnataka,Belagavi,Rice,Kharif,9.06,Loamy,0.854,0.206,95.4,19.8,1.84,32.61
Haryana,Karnal,Cotton,Kharif,10.95,Loamy,0.71,0.2,956.2,35.4,5.52,90.46
Haryana,Hisar,Rice,Kharif,7.47,Red,0.344,0.78,560.9,18.8,3.53,58.84
Maharashtra,Nagpur,Maize,Rabi,13.19,Black,0.559,0.483,203.9,32.5,5.63,60.98
Karnataka,Belagavi,Maize,Rabi,14.16,Loamy,0.245,0.482,72.3,23.2,3.68,33.04
Karnataka,Belagavi,Cotton,Kharif,1.85,Black,0.612,0.572,303.1,37.5,5.64,60.08
Maharashtra,Pune,Maize,Rabi,11.18,Black,0.533,0.286,931.5,26.4,4.67,92.53
Maharashtra,Pune,Cotton,Kharif,5.41,Black,0.289,0.49,64.1,36.0,3.57,27.42
Haryana,Karnal,Cotton,Kharif,7.59,Red,0.515,0.34,342.3,16.1,4.17,40.69
Uttar Pradesh,Kanpur,Maize,Rabi,4.01,Red,0.318,0.742,173.2,26.3,3.53,52.59
Punjab,Amritsar,Sugarcane,Rabi,11.9,Alluvial,0.597,0.87,352.3,20.5,4.39,67.21
Maharashtra,Nagpur,Wheat,Rabi,9.85,Black,0.395,0.898,898.6,27.8,5.13,100.0
Punjab,Amritsar,Rice,Kharif,9.83,Alluvial,0.627,0.527,645.2,34.9,5.85,82.83
Punjab,Ludhiana,Maize,Kharif,13.2,Loamy,0.761,0.86,143.6,21.6,3.48,59.92
Karnataka,Belagavi,Maize,Kharif,2.51,Alluvial,0.377,0.712,206.5,23.8,2.32,44.52
Haryana,Hisar,Maize,Rabi,9.23,Loamy,0.545,0.75,950.2,23.9,2.25,88.39
Haryana,Karnal,Wheat,Kharif,6.72,Red,0.328,0.86,767.3,20.2,2.69,69.19
Karnataka,Belagavi,Cotton,Rabi,6.1,Alluvial,0.348,0.643,977.2,22.8,3.3,83.22
Uttar Pradesh,Lucknow,Maize,Rabi,7.35,Red,0.468,0.376,624.0,37.0,2.62,52.08
Haryana,Hisar,Rice,Kharif,13.21,Black,0.341,0.255,798.7,35.9,1.81,51.5
Uttar Pradesh,Lucknow,Sugarcane,Rabi,12.54,Black,0.493,0.336,320.6,27.6,3.66,59.19
Maharashtra,Nagpur,Maize,Rabi,9.67,Red,0.804,0.256,789.1,27.3,3.82,91.69
Haryana,Karnal,Cotton,Kharif,4.82,Loamy,0.208,0.41,599.2,24.4,3.67,58.64
Uttar Pradesh,Lucknow,Wheat,Rabi,7.2,Red,0.584,0.864,998.7,20.9,4.63,100.0
Punjab,Amritsar,Rice,Kharif,7.58,Black,0.216,0.681,329.3,29.0,2.5,51.55
Punjab,Ludhiana,Sugarcane,Rabi,1.29,Alluvial,0.618,0.261,716.6,16.3,1.3,47.09
Karnataka,Mysuru,Wheat,Kharif,11.67,Black,0.299,0.784,57.7,20.3,4.08,37.95
Punjab,Ludhiana,Maize,Kharif,14.98,Alluvial,0.637,0.591,106.5,21.8,5.62,58.1
Uttar Pradesh,Kanpur,Rice,Kharif,4.81,Black,0.407,0.708,268.3,15.0,4.58,42.26
Maharashtra,Pune,Maize,Rabi,1.15,Loamy,0.879,0.701,357.0,23.0,3.24,72.34
Karnataka,Belagavi,Cotton,Kharif,10.26,Loamy,0.778,0.413,990.7,16.9,4.31,86.44
Maharashtra,Nagpur,Sugarcane,Rabi,12.29,Loamy,0.868,0.848,913.8,27.8,2.8,100.0
Punjab,Ludhiana,Rice,Kharif,5.08,Red,0.616,0.652,426.5,16.9,2.87,51.33
Maharashtra,Nagpur,Sugarcane,Rabi,0.61,Loamy,0.727,0.274,128.2,15.1,3.16,28.7
Maharashtra,Nagpur,Maize,Kharif,10.8,Black,0.319,0.782,593.3,29.6,2.05,67.43
Karnataka,Belagavi,Rice,Kharif,7.99,Black,0.715,0.59,932.6,24.4,3.32,95.8
Uttar Pradesh,Lucknow,Cotton,Rabi,1.39,Alluvial,0.871,0.299,339.5,35.6,2.09,50.18
Haryana,Karnal,Rice,Rabi,3.65,Alluvial,0.378,0.543,967.8,35.8,2.42,71.7
Maharashtra,Nagpur,Maize,Kharif,1.87,Loamy,0.892,0.864,124.4,38.3,2.82,52.54
Punjab,Ludhiana,Cotton,Rabi,9.26,Black,0.669,0.622,117.8,16.7,2.05,32.51
Haryana,Hisar,Maize,Kharif,2.06,Black,0.302,0.223,496.7,38.9,1.58,27.08
Haryana,Hisar,Rice,Kharif,14.02,Loamy,0.374,0.65,311.4,27.7,4.93,68.96
Punjab,Ludhiana,Wheat,Kharif,4.11,Red,0.663,0.697,60.2,26.0,5.22,65.74
Haryana,Karnal,Wheat,Rabi,1.98,Black,0.243,0.236,411.1,23.4,4.59,48.71
Uttar Pradesh,Kanpur,Cotton,Rabi,14.32,Red,0.484,0.436,63.5,18.8,3.11,28.16
Maharashtra,Nagpur,Rice,Kharif,11.62,Black,0.662,0.512,263.4,33.2,4.54,61.44
Haryana,Hisar,Wheat,Kharif,3.22,Red,0.837,0.564,798.5,20.7,3.45,85.97
Haryana,Hisar,Maize,Kharif,7.66,Alluvial,0.344,0.716,714.7,21.2,5.52,79.67
Haryana,Karnal,Maize,Rabi,10.74,Alluvial,0.403,0.316,925.4,25.6,2.39,75.42
Karnataka,Mysuru,Maize,Rabi,6.1,Alluvial,0.431,0.617,878.6,16.2,2.93,65.49
Haryana,Karnal,Rice,Kharif,4.78,Loamy,0.839,0.393,810.8,38.0,4.02,79.83
Punjab,Amritsar,Sugarcane,Kharif,5.16,Alluvial,0.293,0.463,688.6,34.6,3.65,61.31
Punjab,Amritsar,Rice,Kharif,14.34,Black,0.535,0.689,925.7,24.3,5.51,100.0
Karnataka,Mysuru,Maize,Kharif,4.2,Loamy,0.384,0.227,340.2,33.6,1.24,31.12
Karnataka,Mysuru,Cotton,Rabi,7.1,Red,0.689,0.472,201.9,25.0,3.9,59.51
Maharashtra,Nagpur,Rice,Rabi,5.22,Loamy,0.705,0.252,918.7,15.5,5.81,80.96
Uttar Pradesh,Lucknow,Maize,Kharif,12.62,Loamy,0.877,0.507,423.7,36.2,3.13,63.8
Maharashtra,Nagpur,Maize,Kharif,2.16,Black,0.481,0.345,239.7,27.7,4.36,58.65
Maharashtra,Pune,Rice,Kharif,13.04,Black,0.55,0.299,257.0,31.2,3.11,48.73
Karnataka,Belagavi,Rice,Rabi,3.62,Alluvial,0.39,0.319,732.5,34.3,3.31,62.2
Karnataka,Belagavi,Cotton,Rabi,5.38,Black,0.588,0.603,174.3,26.4,2.34,52.87
Karnataka,Belagavi,Cotton,Rabi,6.71,Loamy,0.709,0.557,640.9,24.9,4.84,88.78
Punjab,Ludhiana,Sugarcane,Rabi,4.35,Loamy,0.682,0.755,341.5,15.9,5.66,63.92
Haryana,Karnal,Wheat,Kharif,11.8,Alluvial,0.603,0.89,285.1,17.0,1.35,42.36
Punjab,Ludhiana,Sugarcane,Rabi,2.63,Red,0.88,0.863,890.3,20.4,4.17,100.0
Uttar Pradesh,Kanpur,Cotton,Kharif,11.61,Loamy,0.437,0.323,450.3,34.8,3.32,48.89
Uttar Pradesh,Kanpur,Cotton,Kharif,5.8,Red,0.475,0.687,941.0,28.6,4.84,100.0
Punjab,Ludhiana,Cotton,Kharif,1.64,Loamy,0.734,0.609,86.2,27.2,4.56,66.42
Punjab,Ludhiana,Cotton,Kharif,6.51,Black,0.851,0.749,240.0,18.3,4.38,63.01
Uttar Pradesh,Lucknow,Maize,Rabi,4.22,Black,0.616,0.211,296.6,31.5,1.16,40.47
Karnataka,Mysuru,Sugarcane,Rabi,11.59,Black,0.216,0.551,311.0,31.2,4.61,53.54
Uttar Pradesh,Lucknow,Cotton,Kharif,11.98,Alluvial,0.533,0.576,782.6,31.5,3.05,80.44
Haryana,Hisar,Maize,Kharif,2.22,Black,0.21,0.823,282.7,33.2,5.06,56.96
Maharashtra,Nagpur,Rice,Rabi,10.8,Red,0.281,0.485,855.6,24.2,3.96,76.94
Punjab,Amritsar,Sugarcane,Kharif,8.15,Black,0.715,0.787,952.1,36.7,3.42,92.0
Karnataka,Mysuru,Sugarcane,Rabi,5.81,Red,0.592,0.666,979.4,33.2,4.22,97.04
Karnataka,Mysuru,Sugarcane,Kharif,3.03,Alluvial,0.4,0.562,300.2,20.2,4.0,47.46
Maharashtra,Nagpur,Maize,Rabi,11.79,Alluvial,0.714,0.602,831.2,29.1,5.82,100.0
Haryana,Karnal,Cotton,Rabi,12.16,Loamy,0.329,0.407,731.2,17.1,5.06,61.75
Maharashtra,Nagpur,Maize,Rabi,14.55,Alluvial,0.601,0.354,869.1,33.6,3.07,77.49
Haryana,Karnal,Wheat,Rabi,5.48,Black,0.874,0.837,649.0,29.5,2.85,95.22
Uttar Pradesh,Kanpur,Sugarcane,Kharif,7.05,Alluvial,0.857,0.286,251.4,15.7,3.17,40.96
Punjab,Ludhiana,Cotton,Rabi,9.74,Alluvial,0.364,0.605,664.8,32.2,4.88,77.1
Punjab,Ludhiana,Sugarcane,Rabi,3.8,Alluvial,0.202,0.412,153.2,26.8,4.39,44.58
Maharashtra,Pune,Rice,Rabi,1.66,Black,0.786,0.255,136.8,25.7,1.67,44.48
Haryana,Karnal,Rice,Rabi,7.93,Alluvial,0.671,0.471,288.7,19.2,2.75,45.85
Karnataka,Mysuru,Cotton,Kharif,3.89,Alluvial,0.612,0.599,510.1,28.7,3.46,77.8
Haryana,Karnal,Wheat,Kharif,3.07,Red,0.413,0.436,589.4,35.8,5.66,67.53
Maharashtra,Nagpur,Cotton,Rabi,7.54,Red,0.781,0.865,652.5,23.8,4.02,93.28
Punjab,Ludhiana,Maize,Rabi,9.32,Alluvial,0.354,0.535,691.6,23.1,1.4,57.55
Haryana,Karnal,Cotton,Rabi,12.37,Alluvial,0.287,0.8,902.6,38.7,2.99,68.72
Uttar Pradesh,Lucknow,Cotton,Kharif,14.03,Loamy,0.422,0.858,400.1,16.3,4.81,56.88
Uttar Pradesh,Kanpur,Rice,Kharif,7.8,Loamy,0.21,0.205,278.1,17.5,2.3,16.88
Maharashtra,Nagpur,Wheat,Kharif,0.67,Alluvial,0.224,0.692,315.1,29.5,2.01,47.95
Uttar Pradesh,Kanpur,Sugarcane,Rabi,9.44,Black,0.855,0.872,247.7,22.8,4.85,77.96
Karnataka,Mysuru,Maize,Kharif,2.54,Loamy,0.357,0.591,775.9,30.5,2.16,71.86
Uttar Pradesh,Kanpur,Rice,Kharif,13.44,Black,0.819,0.69,492.5,27.8,1.68,78.54
Haryana,Karnal,Sugarcane,Rabi,5.09,Black,0.381,0.226,604.0,20.7,1.74,43.28
Maharashtra,Pune,Cotton,Rabi,11.27,Red,0.83,0.773,990.9,19.8,1.43,88.67
Maharashtra,Nagpur,Wheat,Rabi,6.91,Loamy,0.24,0.885,609.0,28.9,4.28,80.58
Uttar Pradesh,Kanpur,Wheat,Kharif,3.79,Black,0.355,0.313,403.4,36.2,5.14,49.72
Punjab,Ludhiana,Cotton,Rabi,4.0,Red,0.318,0.88,636.7,39.5,2.69,55.41
Maharashtra,Pune,Maize,Kharif,7.92,Black,0.424,0.317,299.7,15.9,4.52,36.15
Haryana,Karnal,Maize,Kharif,10.2,Red,0.723,0.841,960.2,15.3,5.95,98.69
Karnataka,Belagavi,Wheat,Kharif,7.65,Loamy,0.793,0.621,697.7,39.8,2.16,65.37
Punjab,Amritsar,Sugarcane,Rabi,7.55,Loamy,0.638,0.779,694.7,16.6,2.54,66.44
Karnataka,Belagavi,Sugarcane,Rabi,5.87,Red,0.25,0.826,893.8,36.4,5.23,83.44
Karnataka,Belagavi,Wheat,Kharif,7.67,Red,0.543,0.577,294.8,24.2,3.17,56.42
Maharashtra,Pune,Wheat,Rabi,9.43,Loamy,0.532,0.474,919.7,18.1,3.09,72.11
Punjab,Amritsar,Rice,Kharif,0.81,Loamy,0.359,0.533,453.2,36.5,3.71,50.1
Haryana,Karnal,Cotton,Rabi,6.46,Red,0.577,0.375,896.5,23.3,1.74,73.69
Punjab,Ludhiana,Cotton,Kharif,3.22,Alluvial,0.215,0.564,696.0,17.1,3.3,51.12
Karnataka,Mysuru,Sugarcane,Rabi,3.42,Alluvial,0.364,0.565,213.5,22.6,2.61,39.79
Uttar Pradesh,Kanpur,Rice,Rabi,2.92,Alluvial,0.22,0.641,977.2,23.3,1.59,71.13
Karnataka,Belagavi,Sugarcane,Kharif,7.78,Loamy,0.316,0.694,327.0,22.1,2.19,43.91
Karnataka,Mysuru,Maize,Kharif,7.36,Red,0.67,0.625,444.9,24.5,2.91,68.87
Uttar Pradesh,Kanpur,Rice,Kharif,14.55,Red,0.259,0.443,448.1,15.4,2.82,31.45
Maharashtra,Pune,Rice,Rabi,5.11,Alluvial,0.387,0.877,202.1,34.7,5.92,61.77
Punjab,Amritsar,Maize,Kharif,1.09,Red,0.482,0.855,61.2,29.7,3.51,55.46
Punjab,Amritsar,Sugarcane,Kharif,4.91,Black,0.56,0.699,929.9,17.2,5.77,90.82
Haryana,Hisar,Rice,Kharif,7.04,Loamy,0.469,0.503,980.3,17.2,5.61,84.46
Punjab,Amritsar,Wheat,Kharif,9.25,Alluvial,0.76,0.609,997.2,26.4,4.74,100.0
Punjab,Amritsar,Sugarcane,Kharif,6.7,Loamy,0.269,0.633,186.5,28.1,1.04,39.56
Haryana,Karnal,Maize,Rabi,14.68,Black,0.812,0.451,93.2,36.1,5.56,55.95
Haryana,Hisar,Rice,Kharif,10.85,Alluvial,0.203,0.233,54.1,31.1,3.09,24.88
Karnataka,Belagavi,Sugarcane,Rabi,1.28,Alluvial,0.696,0.572,504.0,20.6,4.53,71.71
Punjab,Amritsar,Cotton,Kharif,14.36,Black,0.22,0.34,280.2,25.4,2.16,35.81
Maharashtra,Nagpur,Cotton,Rabi,5.63,Red,0.434,0.227,189.6,37.9,5.99,40.5
Haryana,Hisar,Rice,Rabi,14.54,Loamy,0.519,0.781,976.3,36.8,2.14,79.61
Punjab,Ludhiana,Cotton,Kharif,4.63,Black,0.736,0.529,351.5,30.6,4.26,72.66
Uttar Pradesh,Lucknow,Cotton,Kharif,11.77,Loamy,0.468,0.431,475.7,23.7,2.69,55.79
Punjab,Amritsar,Rice,Kharif,7.8,Loamy,0.525,0.898,518.8,19.5,3.57,67.61
Haryana,Karnal,Sugarcane,Kharif,12.9,Alluvial,0.661,0.504,379.1,15.5,5.13,55.34
Maharashtra,Nagpur,Rice,Kharif,13.45,Alluvial,0.82,0.579,664.1,28.6,1.26,81.48
Punjab,Amritsar,Wheat,Rabi,6.64,Red,0.638,0.401,970.8,30.2,3.0,91.5
Haryana,Karnal,Wheat,Rabi,8.73,Loamy,0.229,0.324,871.7,29.1,5.75,86.25
Maharashtra,Nagpur,Maize,Rabi,8.53,Black,0.468,0.31,660.6,28.4,2.37,68.21
Karnataka,Mysuru,Maize,Kharif,4.75,Loamy,0.442,0.723,854.6,24.4,2.48,81.48
Punjab,Amritsar,Sugarcane,Rabi,7.34,Black,0.836,0.454,322.8,27.5,3.28,72.15
Uttar Pradesh,Kanpur,Wheat,Rabi,5.48,Black,0.308,0.386,292.6,30.3,5.73,59.11
Maharashtra,Pune,Wheat,Kharif,4.62,Alluvial,0.816,0.429,325.3,21.7,1.72,51.55
Karnataka,Mysuru,Wheat,Rabi,8.12,Red,0.882,0.838,203.6,24.2,3.12,70.0
Uttar Pradesh,Kanpur,Rice,Kharif,6.82,Black,0.636,0.788,698.5,20.2,3.31,77.84
Maharashtra,Pune,Wheat,Kharif,7.57,Loamy,0.449,0.376,709.9,34.2,2.22,59.31
Haryana,Hisar,Sugarcane,Kharif,14.09,Black,0.639,0.425,284.2,15.2,2.18,32.5
Uttar Pradesh,Lucknow,Wheat,Kharif,7.89,Red,0.723,0.524,621.3,34.7,2.08,66.47
Maharashtra,Pune,Rice,Kharif,6.76,Red,0.517,0.559,727.4,21.8,1.61,64.09
Karnataka,Mysuru,Cotton,Rabi,11.81,Red,0.431,0.426,579.9,36.5,2.12,48.33
Uttar Pradesh,Kanpur,Sugarcane,Rabi,1.8,Alluvial,0.289,0.779,871.5,26.1,4.57,92.22
Maharashtra,Nagpur,Rice,Kharif,12.88,Red,0.479,0.412,805.9,23.4,1.02,63.26
Karnataka,Belagavi,Sugarcane,Kharif,2.02,Alluvial,0.629,0.717,778.9,37.6,3.05,74.93
Uttar Pradesh,Lucknow,Maize,Rabi,6.04,Black,0.581,0.528,170.9,31.2,1.37,42.53
Punjab,Amritsar,Wheat,Kharif,8.76,Loamy,0.434,0.206,230.9,38.5,3.61,28.94
Punjab,Ludhiana,Cotton,Kharif,6.79,Loamy,0.85,0.613,648.5,36.1,2.48,73.7
Uttar Pradesh,Kanpur,Rice,Kharif,9.97,Loamy,0.799,0.401,224.5,24.5,5.47,69.56
Karnataka,Mysuru,Maize,Kharif,5.17,Red,0.253,0.827,812.5,18.5,4.88,75.55
Haryana,Karnal,Sugarcane,Rabi,7.69,Black,0.213,0.434,224.7,32.0,1.28,27.94
Punjab,Amritsar,Sugarcane,Kharif,5.37,Red,0.428,0.846,446.5,39.1,1.12,41.85
Uttar Pradesh,Lucknow,Rice,Kharif,13.99,Red,0.616,0.761,427.3,20.3,5.56,74.35
Maharashtra,Nagpur,Cotton,Rabi,4.72,Loamy,0.63,0.832,964.2,31.3,5.19,100.0
Karnataka,Belagavi,Maize,Kharif,5.84,Black,0.455,0.872,471.7,33.9,4.75,73.26
Karnataka,Mysuru,Rice,Kharif,7.39,Alluvial,0.862,0.35,120.5,37.3,5.24,52.55
Uttar Pradesh,Kanpur,Rice,Rabi,5.75,Black,0.423,0.826,521.9,30.0,1.9,67.05
Karnataka,Belagavi,Rice,Rabi,12.57,Black,0.7,0.711,536.9,32.8,3.11,75.07
Punjab,Amritsar,Cotton,Kharif,1.94,Red,0.836,0.351,244.4,19.5,1.07,38.6
Maharashtra,Nagpur,Wheat,Rabi,3.23,Black,0.4,0.533,956.6,21.2,4.66,84.85
Haryana,Hisar,Maize,Rabi,3.78,Loamy,0.793,0.416,992.3,16.0,1.64,71.97
Karnataka,Mysuru,Maize,Kharif,1.54,Alluvial,0.223,0.721,176.7,18.3,1.11,20.81
Karnataka,Mysuru,Rice,Rabi,9.58,Alluvial,0.577,0.664,160.4,28.9,2.44,55.22
Haryana,Hisar,Wheat,Rabi,1.04,Alluvial,0.4,0.337,60.6,21.1,4.39,33.61
Maharashtra,Nagpur,Wheat,Rabi,4.38,Alluvial,0.796,0.316,744.8,28.1,5.9,100.0
Haryana,Hisar,Wheat,Kharif,2.61,Alluvial,0.759,0.8,508.0,34.6,1.73,67.41
Uttar Pradesh,Kanpur,Wheat,Kharif,1.14,Alluvial,0.726,0.255,673.6,15.5,5.16,66.27
Haryana,Hisar,Maize,Kharif,5.16,Alluvial,0.707,0.399,764.8,15.8,2.42,60.66
Punjab,Amritsar,Wheat,Kharif,1.19,Alluvial,0.486,0.694,265.5,34.9,4.15,54.59
Haryana,Hisar,Sugarcane,Rabi,9.16,Loamy,0.531,0.689,462.0,20.1,2.07,53.46
Karnataka,Belagavi,Rice,Rabi,3.44,Black,0.871,0.552,921.1,32.7,4.61,100.0
Punjab,Amritsar,Wheat,Kharif,13.51,Black,0.804,0.556,461.6,24.4,4.54,80.62
Punjab,Amritsar,Maize,Rabi,6.42,Red,0.444,0.735,142.1,23.8,5.19,58.57
Haryana,Karnal,Maize,Kharif,4.72,Black,0.461,0.743,616.1,31.1,4.79,83.27
Karnataka,Belagavi,Cotton,Rabi,14.26,Red,0.645,0.309,736.1,33.1,4.33,78.55
Maharashtra,Nagpur,Sugarcane,Kharif,2.36,Black,0.688,0.554,74.4,38.1,5.26,47.75
Karnataka,Mysuru,Sugarcane,Kharif,5.77,Loamy,0.379,0.555,968.1,29.4,5.45,100.0
Haryana,Hisar,Rice,Rabi,7.33,Black,0.808,0.404,172.4,36.4,3.94,49.9
Haryana,Karnal,Cotton,Kharif,5.94,Red,0.638,0.756,316.6,28.9,4.54,77.96
Haryana,Hisar,Sugarcane,Rabi,5.42,Black,0.276,0.555,131.5,39.2,1.19,13.66
Haryana,Hisar,Sugarcane,Rabi,11.04,Red,0.9,0.893,757.1,33.5,2.24,91.88
Maharashtra,Pune,Maize,Rabi,5.93,Loamy,0.257,0.471,620.2,27.8,4.47,73.73
Punjab,Amritsar,Cotton,Kharif,11.11,Alluvial,0.38,0.323,706.1,36.1,3.41,57.53
Punjab,Amritsar,Cotton,Rabi,3.63,Black,0.289,0.419,538.7,29.7,4.95,68.88
Maharashtra,Pune,Cotton,Rabi,2.83,Alluvial,0.653,0.851,195.9,19.5,3.17,52.77
Haryana,Karnal,Rice,Kharif,1.61,Loamy,0.274,0.547,628.8,21.9,4.58,65.4
Karnataka,Belagavi,Maize,Rabi,3.61,Loamy,0.784,0.494,598.2,36.8,5.32,78.7
Uttar Pradesh,Kanpur,Rice,Kharif,6.78,Black,0.334,0.833,238.2,15.6,1.1,25.12
Punjab,Ludhiana,Maize,Kharif,14.51,Red,0.838,0.864,834.5,23.8,5.53,100.0
Maharashtra,Nagpur,Rice,Rabi,11.69,Black,0.356,0.257,881.2,36.5,3.02,61.05
Haryana,Hisar,Rice,Rabi,10.08,Black,0.476,0.721,902.2,38.2,2.89,73.84
Maharashtra,Nagpur,Rice,Rabi,2.54,Red,0.473,0.488,200.8,38.1,1.01,23.64
Maharashtra,Nagpur,Cotton,Kharif,7.14,Red,0.599,0.685,612.6,37.0,2.78,64.62
Haryana,Karnal,Maize,Kharif,4.18,Alluvial,0.761,0.249,704.5,19.4,3.98,70.78
Uttar Pradesh,Lucknow,Rice,Kharif,8.68,Red,0.573,0.297,611.7,22.9,1.26,54.17
Uttar Pradesh,Kanpur,Rice,Kharif,10.3,Red,0.45,0.559,692.0,39.0,2.27,53.68
Maharashtra,Pune,Cotton,Kharif,14.0,Alluvial,0.479,0.867,717.6,16.1,5.53,78.17
Karnataka,Belagavi,Maize,Kharif,12.72,Black,0.526,0.265,721.5,27.2,1.95,69.26
Maharashtra,Nagpur,Maize,Rabi,12.08,Loamy,0.862,0.626,291.9,38.1,4.88,64.61
Karnataka,Belagavi,Wheat,Rabi,14.16,Alluvial,0.523,0.418,515.8,34.3,1.84,51.15
Karnataka,Belagavi,Sugarcane,Rabi,9.99,Loamy,0.762,0.892,379.0,30.0,5.69,92.37
Punjab,Ludhiana,Sugarcane,Kharif,4.15,Red,0.39,0.704,96.1,31.3,2.11,40.0
Haryana,Karnal,Rice,Rabi,8.5,Red,0.45,0.876,965.4,26.1,4.98,100.0
Punjab,Ludhiana,Cotton,Kharif,2.4,Loamy,0.773,0.897,363.1,24.5,4.09,81.09
Uttar Pradesh,Kanpur,Maize,Kharif,2.03,Red,0.738,0.682,754.6,33.4,3.35,86.56
Maharashtra,Nagpur,Wheat,Kharif,12.48,Black,0.712,0.893,308.9,36.9,4.83,69.04
Uttar Pradesh,Lucknow,Wheat,Rabi,6.44,Red,0.644,0.217,902.9,28.0,3.33,89.76
Karnataka,Belagavi,Cotton,Kharif,8.76,Red,0.814,0.85,552.4,33.8,3.2,81.76
Maharashtra,Pune,Wheat,Rabi,9.87,Black,0.224,0.822,659.5,31.1,5.51,82.71
Uttar Pradesh,Lucknow,Rice,Kharif,14.26,Black,0.858,0.468,474.6,21.4,4.3,73.76
Maharashtra,Pune,Wheat,Kharif,3.46,Loamy,0.259,0.634,190.0,19.0,1.07,21.77
Maharashtra,Pune,Sugarcane,Rabi,5.83,Alluvial,0.491,0.782,344.3,38.6,1.9,42.25
Maharashtra,Nagpur,Wheat,Kharif,8.9,Red,0.832,0.208,523.6,23.8,3.9,71.6
Haryana,Karnal,Maize,Rabi,9.53,Loamy,0.347,0.437,583.6,29.8,2.86,62.95
Karnataka,Mysuru,Maize,Kharif,0.95,Loamy,0.707,0.834,805.8,29.6,4.36,100.0
Haryana,Hisar,Cotton,Rabi,10.44,Red,0.721,0.784,384.1,16.6,4.11,61.79
Maharashtra,Pune,Rice,Rabi,5.24,Alluvial,0.542,0.859,265.8,24.7,4.03,67.29
Uttar Pradesh,Kanpur,Sugarcane,Rabi,3.81,Red,0.217,0.469,184.5,32.8,4.31,40.5
Karnataka,Mysuru,Rice,Rabi,1.33,Red,0.237,0.499,935.2,22.1,3.14,71.43
Maharashtra,Nagpur,Maize,Kharif,4.43,Alluvial,0.408,0.789,59.8,30.9,2.97,46.05
Karnataka,Mysuru,Maize,Rabi,8.6,Alluvial,0.222,0.523,489.6,28.6,4.35,65.88
Punjab,Amritsar,Wheat,Kharif,5.48,Red,0.668,0.36,351.5,39.1,2.74,41.45
Punjab,Ludhiana,Sugarcane,Rabi,8.91,Red,0.201,0.83,591.7,24.1,5.15,75.32
Punjab,Ludhiana,Sugarcane,Rabi,9.38,Loamy,0.507,0.709,900.2,31.9,2.02,82.78
Maharashtra,Pune,Rice,Rabi,2.15,Black,0.297,0.41,317.6,30.1,5.08,57.73
Uttar Pradesh,Kanpur,Cotton,Rabi,14.5,Red,0.206,0.816,239.7,38.7,2.71,31.74
Karnataka,Mysuru,Wheat,Rabi,7.39,Alluvial,0.357,0.797,291.3,22.7,5.17,62.24
Haryana,Hisar,Wheat,Rabi,2.19,Loamy,0.227,0.707,662.9,22.1,2.48,59.36
Karnataka,Mysuru,Wheat,Rabi,2.07,Red,0.556,0.525,954.0,38.6,4.9,83.58
Karnataka,Mysuru,Rice,Kharif,14.23,Red,0.622,0.605,270.3,16.2,5.73,55.46
Uttar Pradesh,Lucknow,Wheat,Kharif,11.61,Loamy,0.248,0.778,298.8,32.2,5.62,62.77
Haryana,Hisar,Cotton,Kharif,5.03,Loamy,0.325,0.801,433.3,25.0,1.85,56.32
Uttar Pradesh,Lucknow,Cotton,Rabi,2.17,Red,0.507,0.79,616.8,33.1,1.93,67.78
Uttar Pradesh,Lucknow,Rice,Rabi,12.09,Loamy,0.293,0.277,926.0,33.8,3.95,71.63
Uttar Pradesh,Kanpur,Rice,Rabi,11.41,Black,0.856,0.261,580.0,21.3,1.7,60.59
Haryana,Hisar,Rice,Rabi,6.8,Black,0.295,0.391,231.2,37.1,4.54,36.16
Haryana,Karnal,Cotton,Rabi,11.45,Red,0.624,0.682,318.2,27.0,1.22,58.9
Haryana,Karnal,Rice,Kharif,9.4,Red,0.418,0.893,472.9,30.9,1.63,62.95
Maharashtra,Pune,Sugarcane,Rabi,8.41,Alluvial,0.303,0.517,887.1,25.5,5.2,88.89
Punjab,Ludhiana,Sugarcane,Rabi,12.76,Red,0.408,0.754,144.5,35.6,4.38,47.05
Punjab,Ludhiana,Rice,Kharif,9.12,Red,0.404,0.387,774.4,21.4,3.23,65.48
Punjab,Ludhiana,Rice,Kharif,10.27,Alluvial,0.205,0.533,233.2,30.7,5.9,56.26
Punjab,Amritsar,Sugarcane,Rabi,13.36,Red,0.498,0.433,905.7,17.5,1.59,60.49
Uttar Pradesh,Lucknow,Sugarcane,Rabi,7.52,Loamy,0.782,0.827,443.9,15.4,5.31,71.59
Punjab,Ludhiana,Wheat,Rabi,6.75,Red,0.654,0.455,269.0,26.7,3.8,64.12
Maharashtra,Nagpur,Maize,Rabi,9.59,Loamy,0.435,0.67,80.5,18.3,4.43,38.75
Uttar Pradesh,Kanpur,Sugarcane,Rabi,14.98,Alluvial,0.503,0.692,223.5,30.2,4.63,64.83
Maharashtra,Nagpur,Sugarcane,Rabi,4.31,Alluvial,0.25,0.58,894.7,31.9,2.25,71.44
Haryana,Karnal,Maize,Kharif,10.5,Black,0.878,0.759,179.8,23.7,5.83,79.24
Karnataka,Mysuru,Wheat,Rabi,14.96,Alluvial,0.427,0.56,885.7,23.9,1.55,72.78
Uttar Pradesh,Lucknow,Maize,Kharif,9.51,Red,0.202,0.852,393.4,24.9,1.87,51.19
Maharashtra,Pune,Wheat,Rabi,10.79,Black,0.798,0.68,67.0,20.4,1.35,39.83
Uttar Pradesh,Kanpur,Sugarcane,Rabi,8.86,Red,0.875,0.34,140.5,18.0,4.92,50.75
Haryana,Hisar,Rice,Kharif,9.86,Loamy,0.583,0.721,372.1,26.3,1.51,61.18
Punjab,Amritsar,Wheat,Kharif,6.65,Loamy,0.556,0.862,570.8,38.8,1.9,57.45
Punjab,Ludhiana,Sugarcane,Rabi,3.73,Red,0.436,0.543,351.0,23.4,2.69,50.63
Maharashtra,Pune,Wheat,Rabi,4.32,Red,0.203,0.547,145.2,33.9,2.38,28.14
Maharashtra,Pune,Rice,Rabi,13.61,Black,0.289,0.864,593.3,22.6,3.48,67.98
Karnataka,Mysuru,Sugarcane,Kharif,7.9,Black,0.371,0.435,869.9,28.1,3.64,85.36
Punjab,Ludhiana,Wheat,Kharif,13.16,Red,0.758,0.56,174.2,20.4,4.28,55.44
Haryana,Karnal,Cotton,Rabi,5.97,Black,0.752,0.446,208.7,15.8,2.93,38.15
Karnataka,Belagavi,Wheat,Kharif,14.56,Alluvial,0.218,0.75,355.3,15.9,5.59,47.89
Maharashtra,Nagpur,Rice,Rabi,1.22,Black,0.281,0.25,772.5,27.1,2.71,66.46
Uttar Pradesh,Kanpur,Maize,Rabi,5.13,Loamy,0.467,0.63,642.4,27.0,3.0,77.22
Haryana,Karnal,Sugarcane,Kharif,6.05,Loamy,0.568,0.675,321.9,21.3,2.91,54.0
Haryana,Karnal,Cotton,Kharif,13.4,Alluvial,0.626,0.865,998.8,24.3,2.49,98.53
Maharashtra,Pune,Maize,Kharif,13.75,Black,0.351,0.231,340.1,32.4,5.76,55.07
Punjab,Ludhiana,Wheat,Kharif,2.59,Black,0.363,0.834,85.0,20.5,2.55,35.55
Punjab,Ludhiana,Rice,Rabi,2.88,Alluvial,0.366,0.552,307.6,38.7,3.32,37.19
Punjab,Ludhiana,Sugarcane,Kharif,6.98,Red,0.714,0.321,321.4,36.6,5.43,59.03
Maharashtra,Pune,Rice,Kharif,13.57,Loamy,0.263,0.292,520.7,17.7,2.73,35.59
Maharashtra,Nagpur,Maize,Kharif,1.51,Alluvial,0.379,0.338,65.1,28.4,3.81,43.22
Punjab,Ludhiana,Maize,Rabi,1.6,Black,0.687,0.377,345.8,18.0,5.32,57.36
Maharashtra,Nagpur,Cotton,Kharif,14.62,Alluvial,0.335,0.775,583.8,21.6,1.65,55.74
Karnataka,Mysuru,Maize,Rabi,13.61,Red,0.764,0.392,885.0,35.8,5.65,93.44
Punjab,Ludhiana,Wheat,Rabi,5.0,Loamy,0.896,0.227,204.2,37.3,1.3,35.15
Karnataka,Belagavi,Rice,Kharif,11.18,Loamy,0.351,0.48,532.5,35.3,5.2,62.31
Karnataka,Mysuru,Cotton,Kharif,2.12,Red,0.596,0.374,460.1,30.9,2.28,58.82
Maharashtra,Pune,Sugarcane,Rabi,7.96,Loamy,0.759,0.875,193.7,15.5,5.34,59.83
Karnataka,Belagavi,Sugarcane,Rabi,6.07,Loamy,0.353,0.414,976.5,32.6,4.56,85.13
Punjab,Amritsar,Maize,Kharif,8.89,Alluvial,0.501,0.649,827.3,15.1,5.96,79.12
Maharashtra,Nagpur,Sugarcane,Rabi,3.76,Black,0.534,0.293,425.3,19.4,2.82,44.18
Karnataka,Mysuru,Cotton,Rabi,2.83,Loamy,0.701,0.692,968.6,22.5,4.78,100.0
Haryana,Karnal,Cotton,Rabi,8.76,Red,0.355,0.73,344.1,38.1,4.28,49.08
Karnataka,Mysuru,Rice,Rabi,4.71,Black,0.438,0.855,206.5,16.1,3.27,39.58
Haryana,Hisar,Rice,Rabi,12.67,Alluvial,0.718,0.81,652.3,36.1,2.31,73.34
Punjab,Amritsar,Sugarcane,Rabi,5.74,Loamy,0.638,0.221,971.4,38.1,5.68,84.62
Haryana,Karnal,Rice,Rabi,6.41,Loamy,0.595,0.755,309.4,30.7,5.14,75.47
Karnataka,Mysuru,Cotton,Rabi,11.94,Red,0.291,0.257,69.8,30.7,4.15,35.45
Punjab,Ludhiana,Rice,Kharif,7.28,Loamy,0.223,0.369,196.8,37.2,2.37,20.32
Haryana,Karnal,Cotton,Kharif,3.64,Black,0.319,0.2,732.3,17.8,2.22,43.48
Haryana,Hisar,Sugarcane,Kharif,9.2,Loamy,0.445,0.511,111.1,34.9,2.2,31.11
Maharashtra,Pune,Maize,Kharif,10.53,Red,0.285,0.246,976.1,32.0,3.09,72.38
Maharashtra,Nagpur,Rice,Rabi,7.43,Loamy,0.501,0.208,930.2,30.1,2.02,75.14
Uttar Pradesh,Lucknow,Cotton,Rabi,1.2,Black,0.597,0.37,747.7,32.2,2.59,72.08
Karnataka,Belagavi,Sugarcane,Rabi,7.03,Red,0.426,0.8,613.9,28.0,4.72,89.2
Karnataka,Belagavi,Sugarcane,Kharif,8.01,Black,0.693,0.823,920.1,21.9,1.94,88.33
Maharashtra,Nagpur,Sugarcane,Kharif,12.48,Loamy,0.434,0.391,571.7,33.0,5.97,73.4
Uttar Pradesh,Lucknow,Maize,Kharif,12.57,Alluvial,0.792,0.675,956.3,27.8,5.57,100.0
Uttar Pradesh,Lucknow,Sugarcane,Rabi,9.04,Alluvial,0.829,0.755,569.2,25.6,4.09,92.0
Punjab,Amritsar,Sugarcane,Rabi,5.15,Alluvial,0.471,0.636,200.2,36.5,3.24,41.59
Karnataka,Mysuru,Maize,Kharif,10.12,Alluvial,0.306,0.272,594.2,25.0,3.15,56.97
Maharashtra,Nagpur,Rice,Rabi,0.99,Black,0.679,0.786,722.3,25.1,1.16,79.53
Punjab,Amritsar,Rice,Rabi,9.99,Loamy,0.256,0.37,785.0,28.2,5.64,85.26
Karnataka,Mysuru,Maize,Kharif,14.7,Loamy,0.872,0.43,891.6,36.2,2.05,79.7
Uttar Pradesh,Lucknow,Maize,Rabi,3.03,Red,0.25,0.48,598.1,36.4,5.87,63.2
Maharashtra,Nagpur,Sugarcane,Kharif,8.7,Black,0.514,0.416,527.3,23.5,4.79,69.7
Uttar Pradesh,Kanpur,Maize,Kharif,11.9,Black,0.727,0.346,237.0,31.1,3.29,56.2
Uttar Pradesh,Kanpur,Rice,Kharif,1.89,Red,0.477,0.888,818.0,19.0,2.39,73.75
Haryana,Hisar,Rice,Rabi,11.37,Alluvial,0.557,0.768,465.2,18.1,3.82,61.26
Uttar Pradesh,Kanpur,Wheat,Rabi,2.32,Black,0.333,0.222,690.5,25.0,3.81,64.78
Karnataka,Mysuru,Wheat,Kharif,6.56,Loamy,0.372,0.534,924.4,33.1,4.31,83.94
Haryana,Karnal,Sugarcane,Kharif,9.57,Black,0.236,0.348,120.6,22.2,4.14,32.09
Karnataka,Belagavi,Sugarcane,Kharif,11.31,Red,0.644,0.741,358.4,33.5,5.31,74.53
Haryana,Karnal,Maize,Kharif,11.27,Loamy,0.662,0.485,298.9,39.5,4.99,52.19
Haryana,Hisar,Wheat,Rabi,12.82,Alluvial,0.506,0.878,956.4,34.3,5.66,100.0
Haryana,Hisar,Wheat,Kharif,11.42,Red,0.497,0.786,883.8,22.5,5.12,95.84
Haryana,Karnal,Wheat,Rabi,3.78,Black,0.605,0.605,246.6,34.9,4.16,55.63
Punjab,Ludhiana,Rice,Rabi,12.62,Loamy,0.361,0.225,814.3,30.4,1.5,61.67
Haryana,Hisar,Wheat,Rabi,3.04,Alluvial,0.532,0.654,76.9,15.4,1.65,21.86
Uttar Pradesh,Kanpur,Wheat,Kharif,4.77,Red,0.21,0.254,422.1,18.8,2.88,30.8
Maharashtra,Nagpur,Wheat,Rabi,5.49,Red,0.63,0.803,765.6,28.8,2.81,92.85
Karnataka,Belagavi,Maize,Kharif,1.05,Black,0.624,0.539,150.5,21.9,5.45,57.89
Karnataka,Mysuru,Wheat,Rabi,12.43,Black,0.847,0.647,829.7,16.5,5.53,91.95
Punjab,Amritsar,Rice,Kharif,9.04,Loamy,0.418,0.515,815.4,19.0,2.46,62.57
Punjab,Ludhiana,Maize,Rabi,2.39,Alluvial,0.734,0.248,62.0,37.5,3.91,35.54
Haryana,Karnal,Wheat,Rabi,8.06,Black,0.803,0.544,171.4,15.1,4.39,46.42
Punjab,Amritsar,Wheat,Kharif,3.34,Black,0.54,0.749,511.2,23.4,1.41,61.03
Punjab,Amritsar,Sugarcane,Kharif,3.83,Black,0.323,0.426,114.2,15.8,4.03,23.42
Maharashtra,Nagpur,Wheat,Kharif,14.07,Red,0.267,0.672,176.7,37.0,3.55,34.73
Punjab,Ludhiana,Cotton,Kharif,14.57,Red,0.668,0.745,787.3,28.4,4.99,100.0
Maharashtra,Pune,Wheat,Rabi,14.74,Black,0.488,0.734,144.8,34.4,2.86,44.17
Haryana,Karnal,Wheat,Kharif,2.23,Loamy,0.847,0.254,933.5,32.7,2.65,86.52
Punjab,Ludhiana,Cotton,Rabi,14.2,Loamy,0.653,0.351,742.2,31.1,5.93,92.19
Haryana,Hisar,Rice,Rabi,4.74,Red,0.257,0.208,456.1,25.3,5.94,61.3
Haryana,Karnal,Maize,Rabi,7.62,Red,0.619,0.267,413.8,38.6,3.95,47.58
Maharashtra,Nagpur,Sugarcane,Rabi,13.39,Red,0.43,0.496,686.0,15.4,5.1,62.05
Karnataka,Mysuru,Cotton,Rabi,6.29,Black,0.522,0.835,899.3,39.2,5.43,88.86
Uttar Pradesh,Kanpur,Wheat,Kharif,10.66,Red,0.658,0.234,148.4,18.2,1.46,24.0
Maharashtra,Pune,Maize,Kharif,3.23,Alluvial,0.55,0.755,192.6,31.5,2.62,53.86
Uttar Pradesh,Kanpur,Wheat,Kharif,12.27,Black,0.309,0.753,111.0,19.9,4.28,40.39
Punjab,Amritsar,Rice,Rabi,14.35,Red,0.548,0.476,509.1,34.8,3.39,59.89
Punjab,Amritsar,Sugarcane,Kharif,9.68,Loamy,0.235,0.626,195.0,35.8,2.78,31.93
Uttar Pradesh,Lucknow,Cotton,Kharif,12.82,Black,0.866,0.598,207.1,38.4,5.34,61.52
Punjab,Ludhiana,Wheat,Rabi,13.56,Alluvial,0.419,0.602,525.7,27.2,3.28,70.8
Punjab,Amritsar,Wheat,Kharif,13.24,Loamy,0.677,0.579,962.7,18.0,4.69,89.76
Karnataka,Belagavi,Wheat,Kharif,9.2,Black,0.309,0.575,268.9,33.6,3.64,45.63
Haryana,Hisar,Maize,Kharif,3.25,Loamy,0.331,0.604,701.2,18.0,1.61,49.8
Maharashtra,Nagpur,Sugarcane,Kharif,14.59,Alluvial,0.3,0.271,156.6,29.3,4.9,47.0
Karnataka,Mysuru,Rice,Rabi,14.07,Red,0.666,0.386,592.0,26.1,3.78,77.66
Haryana,Karnal,Rice,Rabi,13.35,Black,0.594,0.376,957.1,27.1,2.66,89.55
Karnataka,Belagavi,Cotton,Kharif,2.38,Red,0.558,0.308,635.5,18.9,3.88,60.2
Haryana,Hisar,Wheat,Kharif,13.21,Black,0.747,0.211,826.0,22.5,1.75,70.47
Haryana,Hisar,Rice,Rabi,4.69,Alluvial,0.321,0.734,990.6,34.4,2.48,78.72
Uttar Pradesh,Lucknow,Maize,Rabi,8.49,Loamy,0.624,0.694,696.2,22.3,2.65,75.85
Punjab,Ludhiana,Rice,Rabi,6.75,Loamy,0.24,0.518,805.7,24.7,2.92,69.64
Uttar Pradesh,Kanpur,Rice,Rabi,8.77,Black,0.555,0.788,602.7,23.1,3.58,77.36
Maharashtra,Nagpur,Cotton,Rabi,4.84,Alluvial,0.639,0.775,536.2,32.9,2.56,71.55
Haryana,Hisar,Maize,Rabi,14.09,Alluvial,0.357,0.528,288.0,17.0,3.02,33.2
Punjab,Ludhiana,Cotton,Kharif,7.99,Black,0.755,0.503,494.7,39.7,3.13,55.98
Karnataka,Mysuru,Sugarcane,Kharif,7.24,Black,0.827,0.391,919.7,35.7,5.9,98.8
Punjab,Amritsar,Sugarcane,Kharif,14.34,Loamy,0.433,0.596,433.5,24.9,1.97,55.38
Maharashtra,Pune,Sugarcane,Kharif,1.64,Alluvial,0.498,0.862,256.8,21.4,1.5,46.12
Karnataka,Belagavi,Rice,Rabi,0.78,Black,0.713,0.492,549.1,17.9,5.96,74.31
Uttar Pradesh,Lucknow,Maize,Kharif,9.74,Loamy,0.817,0.61,789.7,21.2,4.39,91.68
Maharashtra,Nagpur,Maize,Rabi,11.01,Red,0.242,0.607,173.7,39.2,5.06,35.23
Karnataka,Mysuru,Cotton,Rabi,5.86,Loamy,0.269,0.6,141.0,19.0,1.43,20.61
Uttar Pradesh,Lucknow,Rice,Kharif,4.32,Alluvial,0.346,0.736,950.5,32.9,5.41,95.29
Haryana,Hisar,Maize,Rabi,1.59,Red,0.222,0.687,466.5,28.8,3.79,65.62
Maharashtra,Nagpur,Maize,Kharif,2.34,Red,0.47,0.571,618.9,38.4,4.89,65.32
Punjab,Amritsar,Cotton,Rabi,13.69,Black,0.654,0.257,178.6,18.9,4.15,40.79
Punjab,Amritsar,Sugarcane,Rabi,10.98,Red,0.494,0.268,88.0,27.0,4.0,46.39
Haryana,Karnal,Sugarcane,Kharif,8.66,Alluvial,0.395,0.267,206.6,19.3,5.21,39.48
Haryana,Hisar,Rice,Kharif,10.34,Loamy,0.735,0.894,378.1,25.3,1.83,70.73
Haryana,Hisar,Wheat,Kharif,1.51,Red,0.233,0.243,944.8,36.2,5.22,71.17
Haryana,Karnal,Cotton,Rabi,12.01,Alluvial,0.386,0.622,685.5,31.4,3.23,72.69
Uttar Pradesh,Lucknow,Cotton,Rabi,2.81,Black,0.539,0.353,622.8,29.0,2.9,71.33
Maharashtra,Pune,Sugarcane,Rabi,4.77,Red,0.734,0.722,283.5,33.2,4.74,71.21
Punjab,Amritsar,Rice,Rabi,12.77,Loamy,0.632,0.726,253.3,32.9,2.14,53.84
Punjab,Ludhiana,Wheat,Rabi,10.97,Red,0.631,0.306,844.2,38.4,1.68,59.55
Haryana,Hisar,Cotton,Rabi,1.16,Loamy,0.341,0.754,755.6,26.9,1.25,72.61
Haryana,Karnal,Rice,Rabi,8.48,Alluvial,0.285,0.279,118.7,33.6,4.56,34.48
Karnataka,Mysuru,Wheat,Rabi,3.0,Black,0.215,0.222,532.0,33.4,1.6,36.88
Haryana,Hisar,Rice,Kharif,3.66,Loamy,0.429,0.64,214.0,21.5,3.34,45.42
Karnataka,Mysuru,Rice,Rabi,1.71,Loamy,0.204,0.221,585.2,34.1,2.84,43.92
Maharashtra,Pune,Sugarcane,Rabi,2.11,Black,0.768,0.781,811.8,33.2,4.97,100.0
Haryana,Karnal,Cotton,Rabi,3.59,Loamy,0.428,0.306,639.5,25.5,4.07,69.96
Uttar Pradesh,Kanpur,Maize,Kharif,4.25,Black,0.417,0.313,831.8,29.7,4.07,80.96
Haryana,Hisar,Cotton,Kharif,11.12,Alluvial,0.63,0.344,187.8,18.0,4.14,40.74
Punjab,Ludhiana,Sugarcane,Rabi,10.52,Alluvial,0.687,0.501,706.5,28.0,5.88,100.0
Punjab,Ludhiana,Wheat,Kharif,14.31,Black,0.777,0.537,690.3,25.9,3.79,89.89
Karnataka,Belagavi,Sugarcane,Rabi,12.35,Red,0.777,0.366,357.5,27.0,3.98,72.12
Maharashtra,Pune,Rice,Rabi,7.85,Loamy,0.897,0.325,983.3,24.4,2.0,91.48
Punjab,Amritsar,Rice,Kharif,9.36,Loamy,0.853,0.337,776.3,15.6,2.88,66.7
Karnataka,Mysuru,Maize,Kharif,5.91,Loamy,0.492,0.41,673.8,38.0,3.0,56.16
Haryana,Karnal,Sugarcane,Kharif,8.79,Black,0.519,0.305,477.2,22.0,5.72,66.25
Maharashtra,Nagpur,Maize,Rabi,7.63,Red,0.762,0.669,170.3,23.7,2.7,56.81
Punjab,Ludhiana,Sugarcane,Kharif,12.84,Red,0.852,0.881,792.1,18.5,5.27,98.8
Karnataka,Mysuru,Maize,Kharif,12.51,Alluvial,0.498,0.243,579.0,19.3,5.83,64.21
Punjab,Amritsar,Cotton,Kharif,10.16,Black,0.583,0.344,767.4,35.1,3.76,71.97
Punjab,Amritsar,Rice,Kharif,4.39,Loamy,0.256,0.726,183.8,17.5,3.81,34.35
Maharashtra,Pune,Rice,Rabi,2.05,Alluvial,0.546,0.812,892.9,15.3,5.43,85.81
Maharashtra,Pune,Cotton,Kharif,9.15,Black,0.602,0.769,797.0,37.3,3.76,80.34
Haryana,Karnal,Sugarcane,Rabi,12.82,Alluvial,0.55,0.471,632.4,16.4,3.53,57.09
Karnataka,Belagavi,Wheat,Kharif,4.1,Black,0.629,0.48,61.3,18.1,2.62,30.38
Maharashtra,Nagpur,Cotton,Kharif,1.57,Red,0.4,0.457,640.6,16.6,3.65,52.91
Maharashtra,Pune,Maize,Kharif,10.38,Loamy,0.345,0.277,838.0,32.4,3.88,71.5
Karnataka,Belagavi,Wheat,Kharif,4.74,Loamy,0.495,0.695,974.6,37.3,2.71,78.38
Karnataka,Belagavi,Sugarcane,Kharif,1.22,Red,0.326,0.653,179.5,29.7,3.84,52.51
Punjab,Ludhiana,Sugarcane,Kharif,2.15,Loamy,0.808,0.29,651.3,33.0,1.8,67.09
Uttar Pradesh,Lucknow,Cotton,Rabi,11.05,Alluvial,0.329,0.558,138.6,38.0,2.72,26.0
Punjab,Ludhiana,Wheat,Rabi,5.0,Red,0.745,0.58,840.7,17.8,5.6,90.21
Haryana,Hisar,Rice,Rabi,14.85,Black,0.538,0.6,635.1,34.7,5.06,77.48
Uttar Pradesh,Lucknow,Cotton,Kharif,9.46,Alluvial,0.896,0.715,255.0,36.2,3.07,60.93
Punjab,Amritsar,Maize,Kharif,12.78,Black,0.578,0.49,978.3,29.6,5.33,100.0
Maharashtra,Nagpur,Sugarcane,Kharif,4.01,Loamy,0.503,0.379,890.2,17.8,4.4,73.19
Punjab,Ludhiana,Maize,Rabi,1.11,Alluvial,0.672,0.576,471.9,30.9,5.14,81.42
Karnataka,Belagavi,Maize,Kharif,9.85,Black,0.324,0.592,982.3,28.0,5.64,100.0
Haryana,Karnal,Sugarcane,Rabi,9.01,Loamy,0.392,0.223,829.8,21.9,4.98,73.48
Punjab,Amritsar,Wheat,Kharif,3.88,Loamy,0.741,0.261,412.5,27.7,2.34,64.19
Haryana,Hisar,Cotton,Rabi,1.96,Red,0.39,0.885,306.9,32.3,2.27,53.87
Haryana,Hisar,Wheat,Kharif,13.3,Loamy,0.408,0.777,390.3,17.5,4.79,56.17
Maharashtra,Pune,Sugarcane,Kharif,13.01,Alluvial,0.767,0.29,767.4,20.4,5.89,86.71
Maharashtra,Nagpur,Maize,Kharif,4.87,Red,0.341,0.742,726.9,30.9,2.94,75.73
Karnataka,Mysuru,Cotton,Kharif,0.96,Black,0.232,0.441,133.4,27.0,4.64,47.02
Maharashtra,Nagpur,Wheat,Rabi,14.4,Red,0.344,0.658,91.2,16.7,3.76,29.25
Maharashtra,Nagpur,Rice,Rabi,13.07,Alluvial,0.476,0.847,855.4,24.4,3.87,92.75
Punjab,Amritsar,Maize,Kharif,10.33,Loamy,0.447,0.766,274.0,26.5,3.36,62.3
Haryana,Hisar,Wheat,Kharif,2.81,Black,0.461,0.671,928.3,35.4,2.5,77.03
Haryana,Hisar,Maize,Rabi,1.4,Alluvial,0.326,0.287,919.1,18.5,3.69,63.99
Karnataka,Belagavi,Maize,Kharif,1.24,Red,0.477,0.332,583.6,32.3,3.66,63.88
Karnataka,Belagavi,Wheat,Kharif,11.96,Loamy,0.402,0.471,645.4,28.8,5.81,85.56
Haryana,Karnal,Maize,Kharif,7.81,Alluvial,0.794,0.365,938.4,38.9,5.79,90.99
Maharashtra,Pune,Sugarcane,Kharif,8.6,Loamy,0.795,0.897,532.7,23.6,1.93,77.73
Punjab,Ludhiana,Rice,Kharif,7.82,Alluvial,0.842,0.64,848.3,18.7,5.28,95.69
Punjab,Ludhiana,Wheat,Rabi,9.66,Loamy,0.255,0.54,249.3,20.0,5.7,47.39
Karnataka,Belagavi,Rice,Rabi,2.22,Black,0.81,0.204,418.7,21.9,3.85,61.44
Maharashtra,Nagpur,Wheat,Kharif,9.25,Loamy,0.302,0.709,247.1,25.8,4.23,57.4
Haryana,Hisar,Maize,Kharif,14.45,Black,0.364,0.27,190.9,32.6,4.63,42.98
Karnataka,Belagavi,Rice,Rabi,2.26,Black,0.391,0.555,349.8,39.8,3.16,37.25
Maharashtra,Pune,Rice,Kharif,1.88,Loamy,0.443,0.226,227.1,33.7,2.63,34.26
Uttar Pradesh,Lucknow,Wheat,Kharif,0.81,Loamy,0.717,0.871,869.2,19.2,2.63,85.88
Haryana,Karnal,Sugarcane,Kharif,5.1,Black,0.578,0.684,450.3,36.4,4.86,67.34
Maharashtra,Pune,Rice,Rabi,11.96,Red,0.762,0.704,71.0,29.1,4.74,69.32
Uttar Pradesh,Kanpur,Rice,Kharif,9.75,Black,0.244,0.657,916.0,24.5,5.19,89.72
Punjab,Ludhiana,Rice,Kharif,3.59,Red,0.576,0.785,635.0,30.8,3.71,84.48
Maharashtra,Pune,Rice,Kharif,4.93,Red,0.522,0.331,654.5,27.5,1.52,65.87
Punjab,Ludhiana,Rice,Kharif,11.12,Black,0.678,0.396,690.1,38.2,2.74,61.44
Uttar Pradesh,Lucknow,Wheat,Kharif,4.79,Alluvial,0.428,0.873,223.6,22.8,3.55,55.34
Karnataka,Belagavi,Wheat,Kharif,14.11,Loamy,0.746,0.845,340.8,21.2,2.92,65.28
Maharashtra,Nagpur,Rice,Kharif,12.45,Red,0.588,0.407,237.8,24.1,4.33,56.49
Uttar Pradesh,Lucknow,Rice,Kharif,9.84,Black,0.214,0.707,83.8,39.9,5.36,32.36
Karnataka,Mysuru,Sugarcane,Kharif,5.66,Alluvial,0.461,0.423,640.1,19.1,5.23,67.07
Haryana,Hisar,Sugarcane,Kharif,11.9,Alluvial,0.589,0.8,271.0,35.1,1.9,49.46
Punjab,Amritsar,Cotton,Rabi,8.18,Black,0.661,0.256,519.4,24.0,5.36,74.31
Uttar Pradesh,Kanpur,Maize,Kharif,3.02,Black,0.245,0.431,269.6,37.2,1.27,20.78
Punjab,Amritsar,Wheat,Rabi,5.88,Loamy,0.711,0.487,315.7,30.2,4.43,70.59
Punjab,Amritsar,Sugarcane,Kharif,9.91,Alluvial,0.818,0.329,848.3,18.0,2.07,69.62
Karnataka,Belagavi,Sugarcane,Rabi,1.54,Alluvial,0.708,0.558,717.1,26.9,2.56,85.19
Haryana,Karnal,Wheat,Rabi,10.5,Black,0.809,0.758,379.2,34.4,2.31,64.98
Punjab,Ludhiana,Wheat,Kharif,4.72,Red,0.564,0.474,961.9,23.4,4.89,94.93
Haryana,Hisar,Rice,Rabi,3.5,Alluvial,0.464,0.206,770.7,30.6,5.09,80.17
Maharashtra,Nagpur,Maize,Rabi,0.55,Loamy,0.378,0.546,637.8,16.6,4.53,58.62
Maharashtra,Pune,Wheat,Rabi,4.57,Black,0.883,0.328,393.0,33.8,4.29,68.61
Maharashtra,Nagpur,Rice,Rabi,1.25,Alluvial,0.41,0.569,492.4,40.0,2.94,43.89
Karnataka,Mysuru,Rice,Rabi,1.83,Black,0.68,0.5,871.6,32.4,1.04,76.28
Uttar Pradesh,Kanpur,Sugarcane,Rabi,2.11,Red,0.351,0.396,279.0,27.4,5.72,63.53
Punjab,Ludhiana,Maize,Rabi,13.14,Loamy,0.224,0.483,795.5,35.4,5.64,73.09
Punjab,Amritsar,Cotton,Rabi,0.97,Black,0.653,0.588,683.5,38.3,4.44,73.33
Maharashtra,Pune,Wheat,Rabi,3.32,Loamy,0.313,0.345,533.4,18.1,5.69,54.9
Maharashtra,Pune,Cotton,Kharif,14.22,Loamy,0.898,0.86,687.4,32.5,1.61,86.35
Maharashtra,Pune,Sugarcane,Kharif,1.71,Black,0.841,0.483,424.0,22.6,3.3,68.41
Uttar Pradesh,Lucknow,Wheat,Rabi,6.03,Black,0.384,0.231,304.6,16.3,5.62,39.15
Uttar Pradesh,Kanpur,Rice,Kharif,8.95,Red,0.587,0.802,146.5,23.7,3.69,57.77
Punjab,Ludhiana,Sugarcane,Rabi,6.29,Black,0.332,0.731,136.4,27.9,1.32,43.11
Karnataka,Belagavi,Cotton,Rabi,7.52,Loamy,0.77,0.868,268.8,21.3,5.7,77.19
Uttar Pradesh,Lucknow,Cotton,Rabi,14.04,Loamy,0.569,0.576,791.7,22.9,3.41,80.75
Maharashtra,Nagpur,Wheat,Kharif,13.34,Loamy,0.496,0.742,973.2,24.0,3.03,91.72
Uttar Pradesh,Lucknow,Maize,Kharif,3.94,Loamy,0.365,0.495,924.4,37.0,3.28,69.77
Karnataka,Mysuru,Wheat,Kharif,1.33,Alluvial,0.648,0.599,157.3,37.7,1.99,36.07
Karnataka,Mysuru,Cotton,Rabi,4.08,Alluvial,0.416,0.82,333.3,33.7,5.95,70.07
Maharashtra,Pune,Cotton,Rabi,2.09,Black,0.497,0.212,81.9,27.1,2.49,37.44
Haryana,Hisar,Cotton,Rabi,1.09,Alluvial,0.825,0.899,222.4,18.0,1.72,51.07
Haryana,Karnal,Rice,Rabi,9.39,Loamy,0.682,0.559,501.9,31.1,3.79,75.69
Haryana,Hisar,Sugarcane,Rabi,9.82,Alluvial,0.564,0.677,477.0,21.0,1.01,51.56
Maharashtra,Nagpur,Sugarcane,Rabi,5.74,Black,0.476,0.341,117.0,34.3,2.25,29.69
Haryana,Hisar,Wheat,Kharif,8.02,Black,0.577,0.378,118.7,33.6,4.79,48.33
Punjab,Amritsar,Maize,Kharif,14.6,Loamy,0.591,0.461,894.3,26.3,2.58,86.42
Haryana,Karnal,Rice,Kharif,8.25,Alluvial,0.411,0.399,420.2,15.0,3.33,36.02
Punjab,Amritsar,Sugarcane,Kharif,5.77,Alluvial,0.896,0.6,499.0,27.4,5.05,95.36
Maharashtra,Pune,Wheat,Kharif,10.82,Loamy,0.719,0.55,501.0,17.8,3.8,62.57
Uttar Pradesh,Kanpur,Cotton,Rabi,13.47,Red,0.418,0.418,266.7,22.9,2.07,38.56
Haryana,Hisar,Sugarcane,Rabi,7.24,Black,0.724,0.355,258.9,38.7,5.77,54.61
Punjab,Amritsar,Maize,Kharif,13.92,Red,0.591,0.375,246.0,18.4,3.12,38.76
Haryana,Karnal,Cotton,Rabi,4.45,Loamy,0.257,0.66,671.1,17.4,2.59,50.8
Karnataka,Belagavi,Rice,Kharif,2.4,Black,0.428,0.604,692.6,34.1,2.59,65.46
Maharashtra,Pune,Wheat,Rabi,1.89,Black,0.546,0.773,785.8,38.4,1.71,65.48
Karnataka,Belagavi,Cotton,Kharif,9.09,Red,0.731,0.334,589.8,35.4,4.84,72.83
Uttar Pradesh,Kanpur,Rice,Rabi,5.4,Black,0.275,0.688,247.0,38.2,2.08,29.17
Punjab,Ludhiana,Cotton,Kharif,10.78,Black,0.259,0.719,708.8,21.3,2.26,60.38
Maharashtra,Pune,Cotton,Rabi,14.49,Alluvial,0.607,0.836,818.1,37.4,1.06,69.55
Haryana,Karnal,Maize,Rabi,6.24,Alluvial,0.39,0.404,167.1,35.1,1.05,23.16
Haryana,Hisar,Cotton,Kharif,2.27,Loamy,0.328,0.866,850.3,24.7,4.19,90.0
Haryana,Hisar,Wheat,Kharif,2.57,Black,0.331,0.824,57.0,35.4,3.58,38.14
Punjab,Ludhiana,Maize,Kharif,9.56,Alluvial,0.874,0.782,490.4,33.4,1.64,72.06
Haryana,Hisar,Sugarcane,Kharif,0.87,Red,0.709,0.782,168.8,18.4,5.11,59.15
Haryana,Karnal,Maize,Kharif,1.9,Red,0.4,0.809,118.7,36.9,3.62,40.46
Karnataka,Mysuru,Maize,Rabi,13.75,Loamy,0.783,0.378,364.7,27.5,1.07,59.44
Uttar Pradesh,Lucknow,Wheat,Kharif,11.85,Black,0.416,0.65,888.1,25.1,1.33,76.07
Uttar Pradesh,Kanpur,Rice,Rabi,4.57,Loamy,0.489,0.298,531.9,31.6,4.93,68.61
Maharashtra,Pune,Cotton,Rabi,0.69,Loamy,0.343,0.678,776.2,36.0,2.46,64.07
Punjab,Ludhiana,Sugarcane,Rabi,9.15,Alluvial,0.286,0.874,166.7,21.4,5.07,52.34
Karnataka,Belagavi,Maize,Rabi,7.04,Alluvial,0.566,0.561,707.0,16.2,4.55,68.34
Maharashtra,Pune,Maize,Rabi,7.37,Alluvial,0.723,0.763,749.7,38.1,3.23,77.81
Haryana,Karnal,Rice,Kharif,8.59,Loamy,0.329,0.227,84.2,35.8,3.96,25.6
Punjab,Ludhiana,Wheat,Rabi,10.6,Alluvial,0.417,0.811,370.1,30.5,2.43,60.53
Uttar Pradesh,Lucknow,Rice,Kharif,4.54,Loamy,0.265,0.348,276.8,37.9,1.39,18.97
Punjab,Amritsar,Wheat,Kharif,14.97,Alluvial,0.727,0.88,797.7,39.1,4.54,87.83
Punjab,Ludhiana,Wheat,Rabi,5.76,Loamy,0.555,0.453,794.3,39.4,3.92,67.27
Uttar Pradesh,Kanpur,Wheat,Kharif,11.55,Black,0.564,0.343,568.0,34.1,5.48,71.92
Haryana,Hisar,Rice,Kharif,9.32,Alluvial,0.228,0.733,144.6,24.9,1.52,34.93
Uttar Pradesh,Lucknow,Cotton,Kharif,4.62,Red,0.284,0.272,123.6,29.8,1.95,29.07
Uttar Pradesh,Kanpur,Maize,Kharif,0.89,Black,0.587,0.348,322.7,37.8,3.51,43.33
Haryana,Karnal,Rice,Kharif,13.79,Alluvial,0.472,0.617,525.7,39.5,5.16,61.03
Punjab,Amritsar,Sugarcane,Kharif,2.01,Alluvial,0.602,0.603,954.6,26.1,4.45,100.0
Uttar Pradesh,Lucknow,Rice,Kharif,8.33,Alluvial,0.546,0.559,205.8,26.6,4.03,60.73
Punjab,Ludhiana,Rice,Rabi,13.38,Alluvial,0.371,0.602,779.9,22.2,3.05,70.68
Punjab,Ludhiana,Cotton,Kharif,6.77,Red,0.586,0.783,812.2,17.5,5.67,88.05
Karnataka,Belagavi,Sugarcane,Rabi,10.36,Alluvial,0.386,0.431,571.2,20.0,1.1,42.34
Punjab,Amritsar,Maize,Rabi,14.78,Loamy,0.739,0.876,538.6,26.8,4.78,96.19
Uttar Pradesh,Lucknow,Rice,Kharif,6.96,Red,0.371,0.569,311.5,36.6,4.04,45.78
Maharashtra,Nagpur,Maize,Rabi,5.14,Black,0.468,0.641,470.0,30.7,1.73,59.16
Haryana,Hisar,Wheat,Rabi,7.1,Red,0.723,0.397,68.9,28.5,5.78,66.58
Maharashtra,Nagpur,Rice,Rabi,10.93,Loamy,0.594,0.882,704.4,37.4,4.5,81.76
Haryana,Karnal,Maize,Rabi,11.01,Alluvial,0.211,0.403,659.4,19.6,2.51,46.18
Maharashtra,Nagpur,Rice,Kharif,8.36,Red,0.398,0.426,384.0,16.6,5.93,50.63
Uttar Pradesh,Lucknow,Sugarcane,Rabi,7.97,Black,0.293,0.886,294.9,26.5,2.08,54.55
Punjab,Amritsar,Cotton,Kharif,6.52,Black,0.503,0.527,719.6,22.7,2.58,69.06
Maharashtra,Nagpur,Rice,Rabi,8.63,Alluvial,0.357,0.557,544.8,29.8,1.3,56.56
Uttar Pradesh,Lucknow,Rice,Rabi,4.09,Red,0.273,0.739,354.1,36.0,5.16,55.53
Uttar Pradesh,Lucknow,Maize,Kharif,2.05,Black,0.265,0.699,116.1,27.4,3.36,48.15
Karnataka,Belagavi,Rice,Kharif,2.42,Loamy,0.289,0.771,922.4,34.4,5.88,92.11
Karnataka,Mysuru,Rice,Rabi,9.0,Red,0.254,0.381,139.5,22.9,5.38,42.09
Maharashtra,Pune,Cotton,Kharif,3.88,Black,0.851,0.807,67.3,18.2,3.48,51.12
Uttar Pradesh,Lucknow,Wheat,Rabi,1.51,Black,0.308,0.735,737.8,29.1,3.34,80.55
Haryana,Hisar,Maize,Rabi,9.82,Black,0.521,0.805,929.7,15.6,1.26,66.34
Punjab,Amritsar,Wheat,Kharif,13.47,Loamy,0.567,0.296,586.9,30.7,5.29,77.64
Uttar Pradesh,Lucknow,Maize,Kharif,14.72,Alluvial,0.652,0.812,618.8,32.2,4.44,87.86
Uttar Pradesh,Lucknow,Sugarcane,Kharif,13.47,Red,0.85,0.883,942.1,21.8,3.55,100.0
Maharashtra,Pune,Rice,Kharif,14.24,Loamy,0.818,0.371,140.8,26.0,4.38,62.84
Haryana,Karnal,Cotton,Rabi,12.91,Black,0.536,0.779,826.3,37.9,2.49,72.2
Karnataka,Mysuru,Maize,Kharif,6.76,Red,0.78,0.531,837.8,33.2,2.05,82.31
Karnataka,Mysuru,Cotton,Kharif,7.1,Black,0.22,0.47,781.9,35.5,4.49,66.0
Uttar Pradesh,Lucknow,Sugarcane,Rabi,7.59,Black,0.759,0.598,898.5,30.9,4.45,100.0
Haryana,Hisar,Rice,Kharif,8.3,Black,0.449,0.885,718.7,35.8,1.2,64.18
Uttar Pradesh,Kanpur,Rice,Rabi,12.3,Black,0.203,0.551,719.6,18.9,4.25,59.91
Karnataka,Mysuru,Wheat,Rabi,13.45,Black,0.764,0.646,891.1,32.0,5.09,100.0
Uttar Pradesh,Kanpur,Rice,Kharif,2.33,Loamy,0.234,0.815,125.8,18.7,1.11,21.8
Uttar Pradesh,Kanpur,Sugarcane,Rabi,13.36,Red,0.488,0.46,332.0,18.8,1.69,35.23
Punjab,Ludhiana,Cotton,Kharif,4.95,Loamy,0.873,0.605,988.2,24.3,3.29,100.0
Uttar Pradesh,Lucknow,Rice,Kharif,10.79,Red,0.674,0.611,734.6,25.5,5.23,96.75
Uttar Pradesh,Lucknow,Wheat,Kharif,1.87,Alluvial,0.5,0.888,362.4,36.9,5.22,66.12
Maharashtra,Nagpur,Sugarcane,Rabi,1.6,Red,0.524,0.892,781.1,39.1,4.9,81.99
Karnataka,Mysuru,Wheat,Kharif,12.39,Red,0.435,0.267,795.7,26.4,3.46,75.79
Karnataka,Mysuru,Maize,Rabi,5.43,Loamy,0.618,0.847,924.4,22.2,4.68,100.0
Maharashtra,Pune,Sugarcane,Rabi,11.54,Alluvial,0.275,0.282,625.3,39.6,2.21,35.79
Punjab,Amritsar,Cotton,Rabi,1.41,Loamy,0.752,0.571,77.6,16.0,4.06,40.77
Maharashtra,Pune,Maize,Rabi,9.35,Red,0.357,0.629,646.9,33.4,4.1,70.27
Punjab,Ludhiana,Maize,Rabi,8.31,Loamy,0.67,0.27,411.5,34.2,4.53,61.03
Karnataka,Belagavi,Maize,Kharif,14.94,Red,0.828,0.215,865.7,38.0,2.77,71.49
Haryana,Karnal,Sugarcane,Kharif,5.43,Loamy,0.426,0.497,188.3,35.8,2.74,34.85
Haryana,Hisar,Cotton,Kharif,14.92,Loamy,0.318,0.301,528.2,31.0,1.86,48.37
Haryana,Karnal,Sugarcane,Rabi,2.16,Red,0.718,0.739,970.6,34.3,2.22,90.64
Karnataka,Mysuru,Rice,Rabi,5.02,Black,0.834,0.61,254.1,37.2,5.97,68.59
Maharashtra,Nagpur,Wheat,Rabi,10.53,Loamy,0.254,0.764,182.4,25.5,5.41,59.16
Haryana,Karnal,Sugarcane,Rabi,6.47,Loamy,0.251,0.484,87.9,35.9,2.05,19.73
Haryana,Karnal,Rice,Rabi,9.44,Alluvial,0.423,0.674,950.5,31.0,4.76,96.98
Punjab,Ludhiana,Wheat,Kharif,4.59,Red,0.683,0.835,960.9,15.6,5.95,97.78
Punjab,Amritsar,Cotton,Kharif,3.85,Black,0.476,0.319,520.2,26.8,5.78,77.15
Karnataka,Belagavi,Maize,Kharif,13.22,Alluvial,0.346,0.547,380.4,25.0,2.8,52.8
Maharashtra,Pune,Sugarcane,Rabi,14.75,Alluvial,0.242,0.542,785.4,18.8,4.06,63.19
Punjab,Ludhiana,Sugarcane,Rabi,5.27,Black,0.619,0.328,320.6,25.4,2.77,54.55
Uttar Pradesh,Kanpur,Rice,Rabi,3.02,Loamy,0.596,0.839,969.9,31.4,5.92,100.0
Punjab,Amritsar,Cotton,Kharif,10.96,Red,0.243,0.528,836.3,26.3,1.75,68.87
Punjab,Amritsar,Wheat,Kharif,6.69,Red,0.471,0.736,889.6,32.5,2.71,83.92
Haryana,Hisar,Rice,Kharif,7.49,Alluvial,0.23,0.524,448.0,34.5,2.77,44.4
Haryana,Karnal,Rice,Kharif,11.14,Alluvial,0.896,0.773,577.9,27.1,5.18,100.0
Punjab,Ludhiana,Rice,Rabi,3.21,Red,0.272,0.412,867.5,15.4,2.46,50.3
Haryana,Hisar,Sugarcane,Kharif,10.62,Red,0.575,0.82,289.4,24.5,4.89,72.55
Maharashtra,Pune,Sugarcane,Kharif,5.86,Alluvial,0.822,0.525,540.3,23.3,2.38,71.41
Maharashtra,Pune,Maize,Rabi,3.27,Black,0.686,0.622,225.3,21.8,3.04,53.63
Punjab,Amritsar,Rice,Kharif,0.76,Loamy,0.388,0.463,888.1,38.8,4.58,70.86
Karnataka,Belagavi,Maize,Rabi,14.28,Red,0.281,0.442,904.1,33.1,1.15,61.64
Maharashtra,Pune,Rice,Rabi,14.77,Red,0.789,0.752,363.7,28.4,1.69,72.25
Punjab,Amritsar,Rice,Rabi,13.82,Loamy,0.801,0.339,881.9,20.2,4.13,85.66
Karnataka,Belagavi,Maize,Rabi,8.55,Black,0.746,0.282,434.3,16.0,4.41,52.92
Uttar Pradesh,Kanpur,Maize,Kharif,11.54,Red,0.868,0.46,837.9,19.8,5.04,92.57
Karnataka,Belagavi,Wheat,Rabi,4.41,Black,0.399,0.287,925.8,19.3,3.86,69.33
Karnataka,Mysuru,Sugarcane,Kharif,7.84,Red,0.581,0.53,305.5,16.4,3.04,40.86
Karnataka,Belagavi,Sugarcane,Rabi,8.24,Loamy,0.294,0.853,899.8,19.7,2.72,73.6
Haryana,Hisar,Rice,Kharif,4.14,Black,0.841,0.797,600.8,28.0,5.65,100.0
Karnataka,Mysuru,Rice,Kharif,8.81,Alluvial,0.306,0.418,810.2,28.1,1.94,71.17
Karnataka,Belagavi,Maize,Kharif,12.19,Black,0.499,0.279,462.0,26.4,3.75,63.09
Punjab,Amritsar,Sugarcane,Kharif,8.29,Alluvial,0.508,0.74,540.8,30.2,4.62,82.02
Punjab,Amritsar,Sugarcane,Rabi,0.75,Black,0.484,0.848,385.5,26.5,5.91,83.97
Maharashtra,Pune,Rice,Kharif,8.29,Alluvial,0.861,0.487,695.7,39.5,5.15,79.84
Uttar Pradesh,Kanpur,Wheat,Rabi,12.95,Black,0.827,0.869,885.6,29.5,3.22,100.0
Karnataka,Belagavi,Maize,Kharif,8.09,Loamy,0.576,0.416,481.8,32.9,3.01,59.9
Karnataka,Mysuru,Maize,Rabi,14.63,Loamy,0.473,0.837,264.3,19.7,4.08,54.49
Haryana,Hisar,Maize,Kharif,8.59,Red,0.403,0.78,688.4,39.3,2.27,56.78
Haryana,Hisar,Cotton,Kharif,9.06,Loamy,0.51,0.513,394.6,15.4,3.61,43.26
Maharashtra,Nagpur,Wheat,Kharif,12.02,Alluvial,0.777,0.348,508.1,27.1,5.45,86.75
Punjab,Amritsar,Rice,Kharif,8.03,Red,0.767,0.499,716.5,25.9,3.09,86.39
Haryana,Hisar,Sugarcane,Kharif,13.36,Loamy,0.666,0.653,284.1,24.9,4.42,69.74
Karnataka,Mysuru,Maize,Rabi,9.11,Alluvial,0.48,0.785,743.4,33.7,1.98,72.09
Punjab,Ludhiana,Sugarcane,Rabi,10.41,Black,0.612,0.79,320.3,29.4,1.62,62.48
Uttar Pradesh,Kanpur,Rice,Kharif,13.89,Loamy,0.719,0.421,775.2,15.6,3.63,67.8
Uttar Pradesh,Lucknow,Wheat,Kharif,11.73,Alluvial,0.625,0.216,934.5,32.2,1.17,71.45
Maharashtra,Nagpur,Wheat,Rabi,7.27,Alluvial,0.494,0.823,465.5,16.9,5.73,67.59
Maharashtra,Nagpur,Cotton,Rabi,11.97,Loamy,0.253,0.248,560.5,19.0,1.04,30.28
Karnataka,Belagavi,Sugarcane,Rabi,1.62,Black,0.344,0.701,818.5,26.3,3.53,84.74
Maharashtra,Nagpur,Cotton,Kharif,8.39,Alluvial,0.718,0.624,422.5,18.0,4.9,66.35
Karnataka,Belagavi,Rice,Rabi,11.21,Black,0.835,0.845,558.4,27.8,2.33,89.52
Maharashtra,Nagpur,Rice,Rabi,8.27,Loamy,0.607,0.836,416.7,38.2,4.26,63.88
Karnataka,Mysuru,Cotton,Rabi,5.82,Alluvial,0.733,0.54,241.0,18.1,2.73,45.06
Punjab,Ludhiana,Sugarcane,Rabi,6.9,Loamy,0.516,0.41,592.8,18.7,4.92,63.95
Karnataka,Mysuru,Cotton,Rabi,12.62,Alluvial,0.626,0.472,528.0,34.2,5.39,74.66
Karnataka,Mysuru,Wheat,Kharif,7.78,Loamy,0.804,0.67,850.3,21.3,5.44,100.0
Haryana,Hisar,Sugarcane,Rabi,8.6,Red,0.581,0.344,710.6,33.5,2.3,64.97
Uttar Pradesh,Kanpur,Wheat,Kharif,11.53,Loamy,0.517,0.755,780.6,31.7,5.27,94.95
Maharashtra,Pune,Rice,Rabi,3.37,Red,0.583,0.898,587.7,16.1,4.98,73.34
Maharashtra,Nagpur,Maize,Rabi,11.33,Alluvial,0.594,0.258,226.3,20.5,2.29,35.0
Punjab,Ludhiana,Maize,Kharif,11.66,Red,0.623,0.893,302.1,16.6,1.16,42.23
Punjab,Ludhiana,Cotton,Rabi,13.62,Alluvial,0.689,0.46,222.2,38.1,1.52,34.12
Haryana,Hisar,Rice,Kharif,9.86,Alluvial,0.362,0.841,435.7,31.9,4.64,70.88
Uttar Pradesh,Kanpur,Wheat,Rabi,6.07,Alluvial,0.53,0.808,444.1,28.4,1.1,65.66
Uttar Pradesh,Kanpur,Cotton,Kharif,10.49,Loamy,0.246,0.528,679.5,34.1,3.27,59.94
Karnataka,Mysuru,Wheat,Rabi,13.41,Alluvial,0.53,0.721,183.0,31.8,2.18,49.02
Uttar Pradesh,Lucknow,Wheat,Kharif,1.84,Alluvial,0.368,0.27,707.3,15.7,4.09,50.84
Maharashtra,Nagpur,Rice,Rabi,3.77,Alluvial,0.63,0.22,935.2,28.1,1.22,80.21
Karnataka,Mysuru,Cotton,Rabi,10.21,Red,0.529,0.469,163.2,21.1,1.5,32.1
Haryana,Karnal,Maize,Rabi,5.47,Loamy,0.358,0.648,484.2,25.0,3.96,66.74
Karnataka,Belagavi,Rice,Kharif,12.74,Alluvial,0.269,0.895,430.4,19.1,5.06,60.81
Haryana,Hisar,Rice,Rabi,6.58,Alluvial,0.608,0.303,777.2,33.6,5.52,84.11
Maharashtra,Nagpur,Cotton,Rabi,10.22,Black,0.826,0.24,617.1,29.2,1.18,69.26
Punjab,Amritsar,Rice,Rabi,9.79,Red,0.528,0.801,375.3,21.7,5.92,74.27
Haryana,Karnal,Cotton,Kharif,2.1,Alluvial,0.219,0.392,305.9,35.5,4.55,40.51
Punjab,Amritsar,Wheat,Kharif,10.63,Black,0.9,0.697,773.6,38.5,1.57,74.45
Punjab,Ludhiana,Sugarcane,Kharif,3.56,Black,0.553,0.676,285.1,30.0,2.29,57.96
Karnataka,Belagavi,Maize,Kharif,7.65,Red,0.409,0.311,95.0,19.9,3.91,30.19
Maharashtra,Nagpur,Cotton,Rabi,11.36,Loamy,0.414,0.866,728.6,23.2,2.45,75.22
Punjab,Ludhiana,Rice,Kharif,4.58,Alluvial,0.565,0.394,249.8,17.2,1.78,29.41
Uttar Pradesh,Lucknow,Sugarcane,Rabi,3.45,Red,0.592,0.426,832.1,34.6,5.46,87.08
Maharashtra,Nagpur,Maize,Kharif,6.79,Alluvial,0.334,0.542,431.2,34.9,4.82,57.1
Maharashtra,Pune,Rice,Kharif,14.05,Red,0.404,0.815,318.9,35.2,2.05,46.31
Maharashtra,Nagpur,Cotton,Rabi,6.39,Loamy,0.806,0.857,993.1,39.0,1.03,82.44
Karnataka,Belagavi,Rice,Kharif,13.44,Black,0.331,0.634,921.5,26.6,1.52,78.31
Karnataka,Mysuru,Sugarcane,Rabi,12.0,Alluvial,0.892,0.825,445.1,34.6,5.56,88.7
Haryana,Hisar,Sugarcane,Rabi,12.09,Black,0.39,0.223,541.2,19.9,4.79,54.03
Haryana,Karnal,Sugarcane,Rabi,5.76,Loamy,0.855,0.596,172.0,27.5,4.27,73.77
Punjab,Amritsar,Maize,Rabi,2.75,Black,0.252,0.717,805.4,25.2,2.98,76.31
Punjab,Amritsar,Sugarcane,Kharif,7.55,Red,0.485,0.655,388.3,39.1,5.68,58.96
Uttar Pradesh,Lucknow,Wheat,Kharif,8.28,Black,0.719,0.687,896.1,32.9,5.99,100.0
Maharashtra,Pune,Maize,Kharif,10.53,Loamy,0.428,0.75,905.4,20.5,4.13,84.65
Maharashtra,Pune,Rice,Rabi,14.76,Loamy,0.814,0.312,570.1,23.7,3.17,72.05
Karnataka,Mysuru,Wheat,Rabi,10.63,Loamy,0.314,0.209,212.7,36.0,1.11,16.4
Uttar Pradesh,Lucknow,Cotton,Kharif,7.53,Black,0.668,0.459,252.5,37.1,5.91,58.83
Punjab,Amritsar,Rice,Rabi,14.66,Alluvial,0.542,0.24,940.4,29.7,4.5,91.09
Uttar Pradesh,Kanpur,Maize,Rabi,4.39,Black,0.529,0.254,720.6,24.8,2.36,66.29
Karnataka,Belagavi,Sugarcane,Rabi,0.82,Loamy,0.317,0.882,646.8,26.3,1.39,69.03
Punjab,Amritsar,Wheat,Rabi,13.94,Red,0.479,0.423,892.8,16.2,1.68,56.78
Punjab,Amritsar,Sugarcane,Kharif,11.02,Loamy,0.35,0.748,190.2,26.8,4.95,62.81
Punjab,Ludhiana,Wheat,Kharif,12.71,Loamy,0.704,0.781,240.5,37.2,2.61,50.84
Punjab,Ludhiana,Wheat,Rabi,13.59,Alluvial,0.78,0.702,80.9,24.3,4.16,62.29
Karnataka,Belagavi,Maize,Kharif,12.22,Red,0.844,0.499,396.8,35.1,3.65,65.91
Punjab,Amritsar,Maize,Rabi,12.75,Red,0.337,0.853,288.0,33.3,2.42,49.02
Punjab,Amritsar,Wheat,Rabi,13.3,Black,0.415,0.684,765.3,18.8,3.0,66.49
Haryana,Hisar,Cotton,Rabi,10.45,Black,0.351,0.697,938.3,29.1,4.06,94.72
Punjab,Ludhiana,Cotton,Kharif,14.7,Loamy,0.617,0.707,473.1,16.5,4.99,64.88
Punjab,Amritsar,Maize,Kharif,13.0,Red,0.31,0.56,617.3,26.4,2.7,66.02
Haryana,Hisar,Rice,Kharif,5.7,Loamy,0.596,0.367,989.2,27.5,1.97,88.34
Punjab,Ludhiana,Sugarcane,Rabi,10.35,Black,0.584,0.319,826.6,24.2,2.47,74.5
Haryana,Karnal,Wheat,Rabi,11.24,Red,0.786,0.238,787.2,30.3,1.35,74.97
Maharashtra,Nagpur,Wheat,Rabi,8.42,Black,0.868,0.328,625.7,20.3,4.07,74.81
Haryana,Karnal,Wheat,Rabi,12.88,Loamy,0.254,0.44,702.8,27.5,1.95,63.78
Karnataka,Belagavi,Maize,Kharif,3.31,Black,0.412,0.635,454.8,37.2,2.17,45.48
Haryana,Karnal,Wheat,Kharif,12.74,Alluvial,0.736,0.465,504.8,19.7,2.46,58.33
Punjab,Amritsar,Wheat,Kharif,7.25,Loamy,0.261,0.24,405.6,26.6,4.05,52.87
Uttar Pradesh,Lucknow,Cotton,Rabi,12.8,Alluvial,0.574,0.291,807.7,32.7,3.64,76.55
Maharashtra,Pune,Rice,Rabi,3.48,Loamy,0.346,0.306,569.3,38.0,5.96,58.03
Karnataka,Belagavi,Rice,Rabi,1.2,Loamy,0.721,0.722,687.2,31.1,2.22,82.55
Haryana,Hisar,Wheat,Rabi,6.22,Alluvial,0.737,0.857,456.0,34.4,3.35,73.97
Maharashtra,Pune,Cotton,Kharif,8.14,Alluvial,0.354,0.759,253.0,21.7,2.17,42.27
Uttar Pradesh,Kanpur,Wheat,Rabi,7.07,Loamy,0.812,0.599,884.4,19.9,1.83,80.56
Uttar Pradesh,Lucknow,Sugarcane,Rabi,1.22,Red,0.55,0.377,915.5,25.0,4.17,89.3
Maharashtra,Pune,Wheat,Kharif,3.51,Alluvial,0.478,0.278,80.2,31.4,4.05,41.14
Punjab,Amritsar,Maize,Rabi,6.67,Red,0.289,0.407,591.2,31.4,3.31,59.6
Haryana,Hisar,Cotton,Kharif,12.12,Red,0.385,0.347,794.7,32.1,4.4,75.68
Punjab,Amritsar,Rice,Kharif,8.77,Alluvial,0.898,0.886,561.2,26.4,3.31,94.99
Haryana,Hisar,Sugarcane,Kharif,12.72,Loamy,0.764,0.712,490.1,23.1,4.04,79.45
Karnataka,Belagavi,Cotton,Rabi,13.28,Red,0.279,0.541,234.7,36.5,2.27,29.38
Haryana,Karnal,Maize,Kharif,11.41,Alluvial,0.522,0.5,902.5,22.2,2.25,75.54
Haryana,Hisar,Rice,Rabi,3.33,Red,0.3,0.218,275.2,34.4,2.2,27.91
Punjab,Ludhiana,Rice,Kharif,14.57,Loamy,0.765,0.452,507.8,22.3,3.99,72.02
Maharashtra,Nagpur,Wheat,Rabi,8.0,Black,0.301,0.636,489.1,38.4,2.96,44.89
Punjab,Ludhiana,Maize,Kharif,13.71,Red,0.769,0.414,607.3,37.9,2.6,60.83
Uttar Pradesh,Kanpur,Wheat,Kharif,14.79,Red,0.525,0.618,202.4,22.2,4.07,52.7
Haryana,Hisar,Wheat,Kharif,9.98,Red,0.404,0.611,624.8,18.0,3.74,59.36
Uttar Pradesh,Kanpur,Maize,Kharif,1.56,Red,0.857,0.521,941.5,17.7,5.75,98.25
Karnataka,Belagavi,Rice,Rabi,14.18,Loamy,0.27,0.798,50.3,37.1,1.1,19.22
Haryana,Hisar,Cotton,Kharif,10.44,Red,0.695,0.363,886.7,28.4,5.29,100.0
Maharashtra,Nagpur,Sugarcane,Rabi,3.17,Loamy,0.451,0.468,501.2,30.0,3.85,67.8
Haryana,Karnal,Maize,Kharif,5.56,Alluvial,0.326,0.578,719.7,32.0,4.06,74.14
Maharashtra,Pune,Wheat,Kharif,1.89,Loamy,0.227,0.52,834.6,22.8,2.92,66.88
Punjab,Amritsar,Cotton,Rabi,4.37,Black,0.282,0.211,151.7,22.3,3.76,30.13
Uttar Pradesh,Kanpur,Wheat,Kharif,9.43,Black,0.586,0.375,402.6,17.4,2.13,39.46
Maharashtra,Nagpur,Maize,Kharif,8.65,Loamy,0.86,0.559,157.1,30.7,4.66,69.83
Maharashtra,Pune,Cotton,Rabi,4.13,Red,0.434,0.439,961.4,35.0,3.29,76.69
Punjab,Amritsar,Wheat,Rabi,3.7,Alluvial,0.63,0.809,711.3,21.1,4.24,85.24
Uttar Pradesh,Kanpur,Sugarcane,Rabi,0.9,Alluvial,0.687,0.872,215.7,22.8,3.91,65.78
Maharashtra,Nagpur,Wheat,Rabi,5.91,Loamy,0.676,0.699,938.6,16.6,1.96,75.07
Maharashtra,Nagpur,Cotton,Kharif,2.42,Loamy,0.77,0.769,607.6,34.0,1.91,74.1
Haryana,Hisar,Sugarcane,Kharif,7.06,Red,0.289,0.762,587.3,37.5,3.48,56.93
Uttar Pradesh,Kanpur,Maize,Rabi,3.65,Alluvial,0.524,0.623,372.2,22.5,1.21,47.57
Punjab,Amritsar,Maize,Rabi,6.94,Alluvial,0.324,0.663,200.0,37.6,2.15,29.46
Punjab,Amritsar,Wheat,Rabi,14.93,Loamy,0.429,0.856,422.6,26.0,4.99,78.5
Maharashtra,Nagpur,Maize,Rabi,7.84,Black,0.231,0.233,911.9,36.8,3.29,58.36
Maharashtra,Nagpur,Cotton,Kharif,6.58,Red,0.678,0.447,647.2,37.1,4.99,74.02
Maharashtra,Pune,Maize,Rabi,5.55,Loamy,0.545,0.492,176.4,19.1,2.71,35.95
Karnataka,Mysuru,Cotton,Rabi,4.51,Black,0.478,0.676,896.3,16.0,1.36,61.25
Haryana,Hisar,Cotton,Kharif,9.57,Black,0.543,0.3,102.8,30.6,2.24,37.65
Maharashtra,Pune,Sugarcane,Rabi,11.46,Alluvial,0.753,0.273,844.5,25.2,2.31,81.36
Karnataka,Mysuru,Maize,Kharif,4.71,Alluvial,0.49,0.585,331.3,22.2,5.92,66.34
Uttar Pradesh,Lucknow,Wheat,Kharif,1.07,Loamy,0.429,0.822,74.3,25.2,1.16,39.48
Punjab,Ludhiana,Rice,Rabi,10.71,Black,0.72,0.682,370.1,17.8,2.41,52.41
Haryana,Hisar,Wheat,Rabi,10.35,Alluvial,0.544,0.74,950.8,17.9,2.67,78.23
Uttar Pradesh,Kanpur,Rice,Rabi,1.72,Black,0.348,0.257,981.4,38.0,4.58,70.57
Karnataka,Mysuru,Cotton,Rabi,6.92,Loamy,0.738,0.385,345.3,30.0,2.19,59.67
Karnataka,Belagavi,Wheat,Kharif,10.66,Red,0.799,0.527,843.2,19.4,1.8,75.1
Punjab,Ludhiana,Maize,Kharif,9.83,Red,0.568,0.432,981.0,23.0,4.72,93.33
Karnataka,Belagavi,Maize,Rabi,12.43,Alluvial,0.863,0.275,649.6,29.2,5.45,94.41
Uttar Pradesh,Lucknow,Maize,Rabi,3.77,Black,0.708,0.571,253.9,19.9,1.41,42.6
Maharashtra,Nagpur,Sugarcane,Kharif,1.15,Alluvial,0.435,0.474,990.4,20.2,3.72,79.59
Karnataka,Mysuru,Rice,Rabi,14.54,Black,0.543,0.687,154.9,26.0,5.05,65.18
Uttar Pradesh,Lucknow,Wheat,Rabi,4.21,Loamy,0.373,0.872,114.2,25.7,5.36,62.76
Maharashtra,Pune,Sugarcane,Kharif,6.12,Red,0.417,0.221,192.5,29.1,1.79,36.49
Uttar Pradesh,Lucknow,Wheat,Rabi,2.7,Alluvial,0.597,0.735,769.7,28.1,4.12,98.15
Punjab,Ludhiana,Rice,Rabi,0.84,Black,0.322,0.891,392.8,35.5,2.88,52.59
Haryana,Karnal,Maize,Rabi,8.61,Black,0.64,0.854,293.9,30.3,2.62,66.94
Haryana,Karnal,Wheat,Rabi,13.2,Black,0.323,0.385,122.6,34.5,1.35,20.81
Uttar Pradesh,Kanpur,Rice,Rabi,13.42,Loamy,0.892,0.402,186.4,27.1,4.55,71.54
Haryana,Karnal,Maize,Rabi,9.13,Loamy,0.683,0.475,885.7,39.5,3.47,74.42
Uttar Pradesh,Kanpur,Rice,Kharif,9.12,Red,0.598,0.282,591.5,19.2,4.32,61.55
Uttar Pradesh,Kanpur,Sugarcane,Kharif,8.63,Alluvial,0.243,0.659,493.6,26.7,2.9,61.56
Punjab,Amritsar,Cotton,Kharif,14.46,Black,0.767,0.21,910.8,20.7,4.53,85.69
Punjab,Ludhiana,Maize,Kharif,3.5,Red,0.311,0.656,326.1,39.3,3.26,37.29
Haryana,Karnal,Rice,Kharif,9.79,Loamy,0.861,0.279,479.3,19.8,5.47,72.03
Haryana,Hisar,Sugarcane,Rabi,14.68,Loamy,0.311,0.575,968.0,18.9,1.93,65.11
Maharashtra,Pune,Cotton,Kharif,6.87,Loamy,0.412,0.247,290.1,19.9,3.71,37.45
Maharashtra,Pune,Sugarcane,Kharif,0.69,Alluvial,0.775,0.646,267.9,25.5,5.01,76.72
Punjab,Amritsar,Wheat,Rabi,14.17,Black,0.898,0.398,596.6,26.3,3.82,86.91
Uttar Pradesh,Kanpur,Rice,Kharif,1.01,Alluvial,0.754,0.819,701.7,21.7,1.62,77.45
Haryana,Karnal,Wheat,Rabi,1.0,Red,0.392,0.893,692.8,37.5,4.87,76.03
Punjab,Amritsar,Rice,Rabi,11.59,Alluvial,0.745,0.739,265.0,39.4,5.98,64.9
Haryana,Karnal,Cotton,Rabi,3.85,Red,0.479,0.615,568.1,21.1,5.46,74.05
Maharashtra,Nagpur,Sugarcane,Kharif,10.89,Black,0.886,0.763,867.0,24.0,2.62,98.53
Haryana,Hisar,Cotton,Rabi,13.59,Alluvial,0.259,0.776,194.4,16.0,4.6,37.19
Maharashtra,Nagpur,Sugarcane,Kharif,2.08,Alluvial,0.852,0.517,747.7,27.5,4.02,99.23
Karnataka,Belagavi,Maize,Rabi,14.74,Alluvial,0.462,0.319,860.3,22.9,3.99,76.91
Haryana,Karnal,Maize,Kharif,3.92,Alluvial,0.236,0.897,749.7,17.2,1.1,52.07
Maharashtra,Pune,Rice,Rabi,9.19,Black,0.331,0.748,958.0,29.5,4.41,97.23
Haryana,Hisar,Maize,Rabi,8.72,Black,0.853,0.39,755.3,17.1,3.62,73.67
Karnataka,Belagavi,Wheat,Rabi,4.73,Black,0.754,0.766,490.6,19.5,4.23,74.22
Uttar Pradesh,Kanpur,Wheat,Rabi,10.76,Black,0.295,0.772,749.2,34.3,2.16,65.28
Punjab,Ludhiana,Wheat,Rabi,10.11,Alluvial,0.672,0.419,716.4,24.7,1.0,68.22
Uttar Pradesh,Lucknow,Maize,Kharif,4.76,Loamy,0.305,0.458,444.4,30.7,5.57,66.79
Karnataka,Belagavi,Cotton,Rabi,6.73,Alluvial,0.71,0.37,614.8,37.1,5.55,74.39
Haryana,Karnal,Wheat,Rabi,3.9,Alluvial,0.338,0.205,721.5,38.4,1.93,41.88
Maharashtra,Nagpur,Maize,Kharif,1.98,Red,0.621,0.412,894.9,34.1,2.85,78.83
Maharashtra,Pune,Rice,Kharif,5.5,Black,0.566,0.452,65.2,29.1,1.62,40.27
Karnataka,Mysuru,Cotton,Kharif,14.41,Black,0.561,0.888,105.1,29.6,2.75,57.64
Maharashtra,Pune,Cotton,Kharif,5.93,Alluvial,0.212,0.473,671.8,21.4,3.16,55.43
Maharashtra,Nagpur,Wheat,Kharif,5.99,Black,0.862,0.344,413.1,15.6,4.82,58.73
Karnataka,Mysuru,Cotton,Kharif,1.56,Loamy,0.62,0.569,540.4,36.8,2.03,55.5
Uttar Pradesh,Lucknow,Cotton,Rabi,9.76,Loamy,0.613,0.296,852.7,26.9,1.81,78.34
Maharashtra,Nagpur,Cotton,Rabi,14.62,Red,0.232,0.866,602.8,34.9,3.15,61.86
Uttar Pradesh,Kanpur,Rice,Kharif,5.79,Alluvial,0.386,0.613,194.1,21.2,2.47,37.29
Punjab,Amritsar,Wheat,Kharif,6.34,Loamy,0.877,0.628,742.1,23.6,4.35,96.45
Haryana,Hisar,Wheat,Kharif,8.06,Red,0.678,0.389,618.8,26.1,3.98,80.49
Haryana,Karnal,Sugarcane,Rabi,7.09,Red,0.614,0.574,942.2,33.1,5.63,100.0
Maharashtra,Nagpur,Cotton,Kharif,2.77,Loamy,0.685,0.265,940.9,35.7,5.29,88.69
Uttar Pradesh,Kanpur,Cotton,Rabi,6.07,Black,0.627,0.552,732.6,18.9,5.6,82.17
Maharashtra,Nagpur,Maize,Rabi,10.27,Alluvial,0.23,0.786,211.1,32.4,2.12,40.06
Maharashtra,Pune,Rice,Kharif,11.08,Loamy,0.366,0.44,589.1,22.1,2.89,55.92
Uttar Pradesh,Lucknow,Sugarcane,Rabi,5.26,Black,0.497,0.58,403.8,34.7,1.2,44.68
Haryana,Hisar,Rice,Kharif,11.2,Loamy,0.305,0.553,251.7,16.9,4.09,35.34
Punjab,Ludhiana,Maize,Rabi,14.33,Loamy,0.655,0.671,220.0,27.3,2.84,63.5
Karnataka,Belagavi,Cotton,Kharif,1.41,Black,0.834,0.581,928.3,29.3,1.35,94.28
Maharashtra,Nagpur,Wheat,Rabi,7.33,Alluvial,0.522,0.636,296.6,29.5,2.2,57.0
Karnataka,Mysuru,Maize,Rabi,12.62,Red,0.582,0.588,650.3,26.0,4.4,85.58
Haryana,Karnal,Rice,Kharif,1.92,Red,0.644,0.766,843.8,29.4,1.09,86.53
Maharashtra,Nagpur,Rice,Kharif,6.65,Red,0.37,0.429,986.1,24.2,3.63,83.53
Karnataka,Belagavi,Maize,Rabi,1.83,Loamy,0.312,0.468,197.8,39.1,5.73,38.96
Punjab,Ludhiana,Wheat,Rabi,12.33,Black,0.639,0.2,775.0,33.7,3.55,72.47
Uttar Pradesh,Kanpur,Wheat,Kharif,1.11,Alluvial,0.477,0.898,746.0,38.8,1.82,63.94
Haryana,Karnal,Rice,Kharif,11.1,Black,0.795,0.234,529.7,32.5,3.71,69.71
Punjab,Ludhiana,Cotton,Kharif,1.9,Loamy,0.526,0.505,859.9,30.6,4.2,89.83
Karnataka,Mysuru,Rice,Kharif,6.83,Red,0.656,0.237,221.3,30.7,4.21,55.6
Uttar Pradesh,Lucknow,Wheat,Kharif,3.62,Alluvial,0.586,0.621,998.7,20.0,3.62,88.07
Maharashtra,Nagpur,Wheat,Kharif,4.23,Alluvial,0.447,0.35,593.2,32.4,4.37,67.11
Karnataka,Mysuru,Cotton,Rabi,6.64,Red,0.832,0.538,595.2,27.3,4.67,94.28
Maharashtra,Pune,Wheat,Rabi,3.81,Loamy,0.453,0.215,956.1,25.4,4.94,88.54
Uttar Pradesh,Lucknow,Cotton,Rabi,13.6,Loamy,0.317,0.534,639.1,29.9,5.31,79.15
Karnataka,Mysuru,Rice,Kharif,5.22,Black,0.221,0.215,425.7,38.5,5.36,40.19
Punjab,Amritsar,Maize,Rabi,7.06,Loamy,0.562,0.221,776.3,35.9,4.1,68.71
Haryana,Karnal,Wheat,Kharif,6.22,Loamy,0.754,0.528,696.2,30.5,4.51,91.95
Uttar Pradesh,Kanpur,Maize,Rabi,6.64,Loamy,0.633,0.439,77.4,24.9,5.65,59.05
Haryana,Hisar,Rice,Rabi,4.4,Loamy,0.371,0.408,598.3,28.6,3.46,69.2
Maharashtra,Nagpur,Wheat,Kharif,3.91,Black,0.439,0.337,192.6,16.5,5.37,37.27
Punjab,Amritsar,Rice,Rabi,7.39,Loamy,0.56,0.346,628.1,33.1,2.87,63.8
Karnataka,Mysuru,Maize,Kharif,5.26,Loamy,0.545,0.841,957.9,38.2,2.31,79.14
Uttar Pradesh,Kanpur,Wheat,Rabi,5.67,Black,0.363,0.639,925.2,19.6,5.02,83.24
Maharashtra,Nagpur,Cotton,Kharif,5.97,Alluvial,0.688,0.83,354.2,26.5,2.15,70.29
Karnataka,Belagavi,Wheat,Kharif,12.58,Black,0.576,0.562,909.8,34.7,5.55,94.05
Haryana,Hisar,Sugarcane,Kharif,13.18,Loamy,0.814,0.764,285.9,24.3,4.72,78.09
Karnataka,Belagavi,Wheat,Rabi,13.54,Red,0.563,0.554,109.1,38.1,1.89,28.26
Punjab,Amritsar,Maize,Kharif,5.19,Alluvial,0.751,0.676,598.8,24.2,2.03,75.68
Haryana,Hisar,Maize,Kharif,8.46,Red,0.469,0.654,912.9,25.4,2.57,86.06
Punjab,Ludhiana,Wheat,Rabi,3.09,Loamy,0.454,0.404,621.5,19.1,3.74,57.97
Maharashtra,Nagpur,Cotton,Rabi,1.59,Alluvial,0.514,0.266,619.5,22.0,2.44,55.81
Haryana,Karnal,Wheat,Kharif,10.65,Red,0.78,0.754,888.5,39.2,3.2,84.17
Haryana,Hisar,Wheat,Rabi,10.39,Loamy,0.681,0.834,404.3,29.6,1.06,67.0
Maharashtra,Nagpur,Cotton,Kharif,10.78,Loamy,0.487,0.27,799.3,32.1,5.75,84.31
Maharashtra,Nagpur,Cotton,Kharif,11.71,Alluvial,0.247,0.835,317.6,37.5,4.87,50.75
Uttar Pradesh,Lucknow,Rice,Rabi,1.86,Red,0.342,0.417,753.8,15.6,5.52,62.89
Karnataka,Belagavi,Wheat,Kharif,2.55,Black,0.819,0.571,951.0,22.3,3.27,95.44
Punjab,Amritsar,Sugarcane,Rabi,13.44,Black,0.283,0.696,380.8,17.5,2.93,39.99
Haryana,Hisar,Cotton,Kharif,5.99,Red,0.643,0.769,332.2,20.3,4.33,64.59
Uttar Pradesh,Kanpur,Cotton,Kharif,8.05,Red,0.635,0.264,461.0,20.7,2.27,48.63
Uttar Pradesh,Kanpur,Cotton,Rabi,8.82,Alluvial,0.73,0.391,319.4,31.4,5.36,71.3
Maharashtra,Nagpur,Sugarcane,Rabi,0.61,Alluvial,0.781,0.693,678.7,16.7,2.81,70.04
Karnataka,Mysuru,Sugarcane,Kharif,2.78,Loamy,0.514,0.449,698.1,39.2,2.82,55.82
Karnataka,Belagavi,Sugarcane,Rabi,0.96,Red,0.832,0.227,539.5,16.2,1.36,44.97
Uttar Pradesh,Kanpur,Rice,Kharif,12.02,Red,0.823,0.528,902.6,27.7,4.44,100.0
Maharashtra,Nagpur,Cotton,Kharif,12.03,Black,0.635,0.42,205.6,16.0,1.83,28.16
Haryana,Karnal,Rice,Kharif,6.99,Alluvial,0.637,0.297,974.2,26.1,5.74,100.0
Uttar Pradesh,Lucknow,Sugarcane,Rabi,13.12,Loamy,0.858,0.255,381.6,39.0,1.42,40.59
Maharashtra,Pune,Cotton,Kharif,4.46,Red,0.798,0.536,639.7,17.0,3.49,68.77
Uttar Pradesh,Lucknow,Maize,Kharif,3.74,Red,0.417,0.69,263.0,30.5,3.95,59.75
Haryana,Hisar,Rice,Rabi,8.14,Loamy,0.228,0.778,520.0,23.7,2.59,57.78
Maharashtra,Nagpur,Wheat,Kharif,3.59,Red,0.638,0.768,364.4,19.3,2.05,52.6
Punjab,Ludhiana,Cotton,Rabi,2.01,Red,0.223,0.262,853.4,31.3,5.79,79.38
Uttar Pradesh,Kanpur,Rice,Kharif,9.07,Black,0.443,0.204,83.3,31.6,3.62,35.67
Maharashtra,Pune,Cotton,Rabi,13.96,Loamy,0.758,0.627,160.1,22.3,5.84,68.01
Maharashtra,Pune,Sugarcane,Kharif,4.64,Loamy,0.408,0.528,70.7,34.7,2.59,30.56
Karnataka,Mysuru,Wheat,Rabi,3.11,Black,0.582,0.784,337.6,35.8,4.92,65.85
Haryana,Karnal,Sugarcane,Rabi,2.54,Loamy,0.884,0.611,534.3,28.1,2.08,83.13
Uttar Pradesh,Lucknow,Cotton,Kharif,8.78,Loamy,0.84,0.568,180.2,29.3,1.46,57.31
Punjab,Amritsar,Wheat,Rabi,8.72,Loamy,0.216,0.893,579.6,15.9,3.95,54.41
Haryana,Karnal,Maize,Rabi,0.65,Red,0.605,0.873,275.7,21.4,1.0,48.58
Punjab,Amritsar,Cotton,Kharif,5.16,Loamy,0.599,0.366,186.2,24.3,4.7,55.52
Punjab,Amritsar,Cotton,Kharif,1.99,Alluvial,0.833,0.598,791.3,34.9,2.28,81.27
Punjab,Ludhiana,Wheat,Kharif,14.36,Red,0.497,0.403,555.2,35.0,3.37,58.08
Haryana,Karnal,Cotton,Rabi,1.02,Red,0.782,0.795,651.1,23.8,1.38,78.3
Uttar Pradesh,Kanpur,Wheat,Kharif,11.09,Loamy,0.78,0.722,649.2,25.7,5.51,100.0
Karnataka,Belagavi,Cotton,Kharif,2.78,Loamy,0.395,0.201,164.0,33.8,2.11,26.0
Haryana,Karnal,Wheat,Rabi,2.64,Red,0.427,0.487,817.8,34.3,2.11,65.96
Karnataka,Mysuru,Cotton,Rabi,10.61,Loamy,0.236,0.405,97.7,35.8,5.53,35.32
Maharashtra,Nagpur,Cotton,Kharif,4.73,Red,0.413,0.221,84.5,38.8,3.86,21.91
Haryana,Hisar,Rice,Kharif,11.9,Loamy,0.434,0.782,634.3,32.4,2.47,70.01
Haryana,Karnal,Sugarcane,Kharif,14.49,Red,0.639,0.307,213.8,29.2,2.78,52.23
Uttar Pradesh,Kanpur,Sugarcane,Kharif,3.96,Black,0.203,0.332,53.9,33.0,3.13,23.75
Punjab,Amritsar,Maize,Rabi,7.45,Alluvial,0.338,0.676,260.4,15.0,5.67,44.1
Haryana,Karnal,Sugarcane,Rabi,5.29,Black,0.532,0.249,100.0,22.3,2.48,30.84
Haryana,Hisar,Maize,Rabi,1.92,Red,0.753,0.597,737.8,25.5,2.91,87.72
Punjab,Amritsar,Maize,Kharif,9.46,Red,0.815,0.515,166.2,24.4,1.68,50.91
Haryana,Hisar,Rice,Rabi,13.15,Black,0.511,0.367,299.7,21.0,1.97,37.9
Karnataka,Mysuru,Sugarcane,Kharif,1.62,Alluvial,0.865,0.622,908.0,24.9,5.05,100.0
Punjab,Ludhiana,Sugarcane,Rabi,0.73,Alluvial,0.318,0.283,738.9,28.9,3.63,71.5
Haryana,Karnal,Rice,Rabi,9.29,Red,0.207,0.746,828.9,39.1,1.9,54.64
Karnataka,Mysuru,Rice,Kharif,3.66,Black,0.642,0.468,508.0,35.9,3.5,61.27
Karnataka,Mysuru,Cotton,Kharif,9.75,Alluvial,0.245,0.44,989.9,19.9,3.93,72.52
Haryana,Hisar,Wheat,Rabi,4.09,Loamy,0.486,0.561,758.8,18.0,2.11,59.53
Punjab,Amritsar,Rice,Rabi,4.37,Black,0.382,0.541,487.9,25.8,3.48,64.29
Haryana,Hisar,Sugarcane,Kharif,7.27,Black,0.34,0.591,301.8,15.9,5.08,42.96
Karnataka,Mysuru,Rice,Kharif,6.77,Black,0.708,0.618,330.6,16.3,4.84,57.56
Punjab,Amritsar,Wheat,Rabi,8.97,Loamy,0.617,0.744,530.6,27.7,4.63,89.28
Uttar Pradesh,Kanpur,Wheat,Rabi,6.32,Alluvial,0.47,0.202,632.8,15.7,3.52,46.14
Uttar Pradesh,Kanpur,Sugarcane,Kharif,7.62,Red,0.333,0.444,732.0,20.4,2.32,55.76
Haryana,Karnal,Wheat,Rabi,0.7,Loamy,0.713,0.685,802.7,21.4,3.22,85.11
Punjab,Ludhiana,Wheat,Kharif,9.69,Loamy,0.28,0.747,734.6,31.4,1.78,67.31
Haryana,Karnal,Rice,Kharif,3.8,Red,0.764,0.647,587.2,20.6,5.59,85.43
Uttar Pradesh,Kanpur,Maize,Rabi,1.15,Loamy,0.313,0.221,746.0,21.2,2.84,54.38
Haryana,Hisar,Wheat,Rabi,5.46,Black,0.282,0.264,368.7,18.5,2.34,27.6
Karnataka,Mysuru,Rice,Kharif,3.66,Loamy,0.759,0.333,735.3,23.3,3.92,81.85
Maharashtra,Pune,Wheat,Rabi,6.42,Red,0.887,0.466,656.7,19.0,5.9,87.03
Haryana,Karnal,Cotton,Rabi,10.46,Loamy,0.578,0.549,111.5,18.6,5.42,47.83
Maharashtra,Nagpur,Sugarcane,Rabi,5.56,Black,0.314,0.361,122.7,38.0,3.65,24.4
Maharashtra,Nagpur,Rice,Kharif,2.49,Alluvial,0.246,0.81,744.2,22.9,3.52,73.47
Maharashtra,Pune,Cotton,Rabi,4.54,Loamy,0.846,0.897,619.8,15.8,1.41,65.67
Uttar Pradesh,Kanpur,Rice,Rabi,6.86,Loamy,0.854,0.574,709.0,37.4,1.73,69.54
Maharashtra,Pune,Rice,Kharif,5.16,Alluvial,0.496,0.888,198.9,28.5,1.49,55.96
Punjab,Amritsar,Cotton,Kharif,14.86,Loamy,0.409,0.65,526.8,24.0,1.7,57.41
Uttar Pradesh,Lucknow,Sugarcane,Kharif,0.78,Alluvial,0.89,0.457,789.6,23.1,3.38,89.16
Uttar Pradesh,Kanpur,Cotton,Rabi,3.44,Black,0.418,0.613,365.8,33.7,4.08,57.24
Haryana,Karnal,Rice,Rabi,14.95,Loamy,0.449,0.5,818.7,17.2,2.93,62.2
Maharashtra,Nagpur,Sugarcane,Rabi,0.64,Alluvial,0.466,0.766,607.7,30.9,3.6,78.05
Haryana,Hisar,Wheat,Rabi,13.85,Black,0.254,0.627,697.6,27.6,4.47,81.0
Karnataka,Belagavi,Wheat,Rabi,4.3,Black,0.396,0.627,436.6,26.0,1.3,53.87
Maharashtra,Nagpur,Rice,Kharif,9.14,Alluvial,0.487,0.787,225.9,28.9,4.61,69.27
Haryana,Karnal,Wheat,Kharif,9.83,Alluvial,0.476,0.528,911.0,38.3,5.48,82.21
Punjab,Ludhiana,Wheat,Kharif,8.02,Alluvial,0.745,0.593,993.8,26.4,4.57,100.0
Punjab,Ludhiana,Sugarcane,Rabi,5.36,Red,0.458,0.673,552.6,24.6,3.25,69.94
Haryana,Karnal,Maize,Rabi,2.73,Loamy,0.684,0.872,658.9,30.4,3.77,92.73
Maharashtra,Pune,Maize,Kharif,12.21,Black,0.676,0.833,902.6,16.3,4.05,86.47
Maharashtra,Nagpur,Wheat,Rabi,0.9,Alluvial,0.24,0.247,744.5,27.5,2.84,65.0
Karnataka,Mysuru,Cotton,Kharif,13.08,Black,0.314,0.852,949.8,36.8,2.25,73.43
Punjab,Ludhiana,Maize,Kharif,11.85,Loamy,0.696,0.328,160.4,36.0,4.88,48.98
Punjab,Ludhiana,Sugarcane,Kharif,7.85,Red,0.213,0.474,121.1,26.9,3.11,38.71
Punjab,Amritsar,Maize,Rabi,11.15,Loamy,0.546,0.213,628.2,35.8,2.18,51.15
Haryana,Hisar,Cotton,Rabi,4.12,Red,0.853,0.849,240.5,21.6,4.5,72.81
Maharashtra,Nagpur,Rice,Kharif,13.17,Loamy,0.722,0.548,488.8,31.0,3.28,73.81
Haryana,Hisar,Sugarcane,Rabi,1.21,Black,0.8,0.344,596.4,18.7,2.31,59.37
Maharashtra,Pune,Rice,Kharif,1.64,Alluvial,0.704,0.443,995.1,22.6,2.19,85.62
Haryana,Karnal,Wheat,Kharif,1.39,Black,0.843,0.257,918.5,27.3,3.24,96.66
Punjab,Amritsar,Wheat,Kharif,8.3,Alluvial,0.815,0.306,773.9,32.0,3.71,85.42
Punjab,Amritsar,Rice,Kharif,8.77,Red,0.598,0.678,131.1,30.7,2.4,51.04
Karnataka,Mysuru,Cotton,Kharif,5.59,Black,0.82,0.868,952.6,32.5,3.55,100.0
Punjab,Amritsar,Sugarcane,Rabi,13.64,Red,0.452,0.244,620.6,18.1,4.98,58.05
Maharashtra,Nagpur,Sugarcane,Kharif,2.13,Alluvial,0.467,0.742,446.5,39.3,4.68,58.02
Haryana,Karnal,Sugarcane,Kharif,14.85,Red,0.37,0.787,496.8,25.9,2.47,65.61
Uttar Pradesh,Kanpur,Sugarcane,Rabi,9.33,Black,0.83,0.415,227.4,36.0,4.71,58.34
Punjab,Ludhiana,Sugarcane,Kharif,3.05,Loamy,0.311,0.489,121.4,33.9,3.01,32.43
Maharashtra,Nagpur,Cotton,Rabi,4.9,Red,0.488,0.216,685.1,36.1,2.77,54.39
Maharashtra,Pune,Sugarcane,Kharif,2.34,Red,0.459,0.717,329.2,29.4,3.08,63.05
Punjab,Ludhiana,Rice,Rabi,9.37,Loamy,0.284,0.314,658.7,35.3,2.75,49.88
Uttar Pradesh,Kanpur,Maize,Rabi,0.79,Red,0.738,0.481,825.3,32.7,5.14,95.42
Maharashtra,Pune,Maize,Kharif,8.56,Alluvial,0.766,0.38,601.3,23.5,3.65,75.62
Haryana,Karnal,Sugarcane,Rabi,0.76,Black,0.365,0.399,156.3,30.8,2.21,36.01
Karnataka,Belagavi,Rice,Kharif,11.0,Red,0.837,0.218,475.8,30.3,2.59,66.88
Haryana,Hisar,Wheat,Rabi,4.36,Black,0.358,0.87,485.7,20.2,4.53,65.62
Maharashtra,Nagpur,Cotton,Rabi,2.86,Loamy,0.245,0.388,626.6,18.1,3.36,46.61
Punjab,Amritsar,Maize,Rabi,4.38,Loamy,0.56,0.663,574.0,21.9,4.98,77.58
Punjab,Ludhiana,Maize,Rabi,5.7,Loamy,0.657,0.364,224.5,15.2,3.36,34.52
Punjab,Amritsar,Maize,Kharif,3.67,Loamy,0.344,0.582,421.5,29.3,5.98,74.97
Uttar Pradesh,Kanpur,Rice,Kharif,9.35,Loamy,0.638,0.815,647.6,20.7,3.34,77.19
Punjab,Amritsar,Maize,Rabi,1.81,Black,0.859,0.647,861.5,40.0,1.91,74.86
Karnataka,Mysuru,Cotton,Rabi,9.78,Red,0.485,0.672,425.8,26.9,1.51,60.41
Uttar Pradesh,Kanpur,Wheat,Rabi,3.94,Red,0.384,0.544,448.3,22.3,5.04,63.26
Haryana,Hisar,Cotton,Rabi,5.34,Red,0.841,0.743,357.9,17.2,4.08,64.7
Haryana,Karnal,Cotton,Rabi,8.8,Alluvial,0.847,0.475,651.7,37.3,3.94,75.21
Uttar Pradesh,Kanpur,Sugarcane,Rabi,7.38,Red,0.852,0.476,456.8,29.5,3.31,78.11
Karnataka,Mysuru,Maize,Rabi,4.01,Loamy,0.225,0.393,708.9,25.7,3.58,66.44
Punjab,Ludhiana,Wheat,Kharif,8.63,Black,0.661,0.457,792.9,19.2,1.24,62.8
Haryana,Hisar,Cotton,Rabi,8.0,Black,0.6,0.291,848.6,34.7,4.28,78.7
Karnataka,Mysuru,Wheat,Kharif,9.84,Alluvial,0.46,0.633,596.7,24.9,2.53,68.21
Karnataka,Mysuru,Wheat,Kharif,2.45,Alluvial,0.876,0.621,822.6,31.3,3.85,99.97
Maharashtra,Nagpur,Cotton,Rabi,2.17,Black,0.423,0.222,307.8,20.5,1.25,27.0
Punjab,Ludhiana,Maize,Kharif,6.32,Loamy,0.501,0.304,95.2,31.0,1.32,30.49
Punjab,Ludhiana,Cotton,Kharif,11.4,Red,0.327,0.231,126.9,31.4,1.68,25.16
Punjab,Ludhiana,Maize,Rabi,0.56,Black,0.425,0.263,424.3,29.9,2.84,53.06
Maharashtra,Pune,Sugarcane,Kharif,9.52,Alluvial,0.732,0.708,707.4,35.5,4.23,84.84
Uttar Pradesh,Lucknow,Maize,Rabi,14.03,Black,0.434,0.877,388.9,18.5,2.99,52.51
Uttar Pradesh,Lucknow,Cotton,Kharif,11.31,Red,0.346,0.813,549.5,37.2,2.65,54.76
Haryana,Karnal,Maize,Kharif,10.87,Black,0.87,0.684,892.6,26.3,4.86,100.0
Maharashtra,Nagpur,Cotton,Rabi,9.58,Alluvial,0.69,0.377,819.1,38.8,3.33,69.58
Haryana,Hisar,Cotton,Kharif,8.43,Loamy,0.817,0.514,108.0,36.1,4.37,52.5
Maharashtra,Nagpur,Sugarcane,Rabi,14.05,Red,0.303,0.767,832.0,32.7,1.66,70.28
Karnataka,Belagavi,Cotton,Kharif,6.5,Loamy,0.51,0.258,897.4,36.7,5.99,81.72
Karnataka,Belagavi,Wheat,Kharif,5.67,Loamy,0.737,0.885,713.5,25.4,4.58,100.0
Haryana,Hisar,Wheat,Rabi,9.31,Loamy,0.466,0.24,693.8,23.2,3.34,64.1
Maharashtra,Pune,Cotton,Kharif,7.03,Loamy,0.471,0.368,403.8,17.8,5.86,54.77
Punjab,Amritsar,Rice,Kharif,6.79,Loamy,0.54,0.412,348.3,27.3,2.0,55.22
Karnataka,Belagavi,Maize,Kharif,12.25,Black,0.426,0.554,763.0,19.8,1.16,56.31
Uttar Pradesh,Kanpur,Wheat,Rabi,8.04,Black,0.374,0.267,452.7,37.9,4.62,45.7
Karnataka,Mysuru,Sugarcane,Rabi,0.51,Black,0.886,0.485,541.5,19.9,4.05,74.26
Punjab,Ludhiana,Maize,Rabi,11.1,Black,0.366,0.505,191.2,16.0,1.32,17.59
Maharashtra,Pune,Maize,Rabi,4.92,Loamy,0.237,0.462,735.4,23.2,4.15,67.76
Karnataka,Mysuru,Rice,Kharif,6.77,Loamy,0.317,0.423,460.6,32.8,1.07,40.45
Karnataka,Mysuru,Sugarcane,Rabi,11.25,Red,0.228,0.673,658.8,39.1,5.83,64.69
Maharashtra,Nagpur,Wheat,Rabi,1.46,Red,0.503,0.683,589.4,25.7,5.09,85.0
Uttar Pradesh,Kanpur,Sugarcane,Kharif,12.05,Alluvial,0.844,0.242,431.6,39.7,4.0,53.77
Uttar Pradesh,Kanpur,Maize,Rabi,2.88,Alluvial,0.84,0.458,687.1,20.6,2.2,71.41
Punjab,Ludhiana,Sugarcane,Kharif,11.49,Alluvial,0.669,0.514,896.1,30.6,5.95,100.0
Punjab,Ludhiana,Cotton,Rabi,12.37,Black,0.454,0.336,396.8,20.4,3.6,46.93
Punjab,Ludhiana,Cotton,Rabi,5.23,Alluvial,0.63,0.237,144.3,32.5,2.84,40.39
Maharashtra,Pune,Sugarcane,Rabi,6.3,Loamy,0.347,0.676,396.2,18.7,2.75,44.01
Maharashtra,Nagpur,Rice,Rabi,0.87,Red,0.683,0.385,113.1,15.4,5.41,41.03
Karnataka,Mysuru,Cotton,Kharif,3.22,Red,0.744,0.849,824.8,33.6,2.67,90.65
Uttar Pradesh,Lucknow,Rice,Rabi,14.36,Loamy,0.706,0.78,313.4,32.1,5.31,78.23
Punjab,Ludhiana,Maize,Rabi,4.93,Loamy,0.486,0.411,126.2,38.5,3.74,31.3
Maharashtra,Nagpur,Maize,Kharif,1.8,Loamy,0.65,0.309,443.7,30.7,4.91,71.81
Uttar Pradesh,Lucknow,Maize,Rabi,10.53,Black,0.371,0.718,953.1,18.4,3.56,77.19
Punjab,Ludhiana,Wheat,Rabi,6.36,Loamy,0.775,0.604,261.5,16.0,3.77,50.15
Karnataka,Belagavi,Cotton,Kharif,10.06,Red,0.241,0.87,190.4,33.6,4.18,49.41
Haryana,Karnal,Rice,Kharif,1.74,Red,0.574,0.822,539.0,33.5,2.49,69.04
Karnataka,Belagavi,Rice,Kharif,3.6,Black,0.854,0.758,102.9,40.0,4.47,52.33
Uttar Pradesh,Lucknow,Rice,Rabi,4.21,Loamy,0.356,0.34,750.3,37.2,2.15,50.82
Punjab,Ludhiana,Rice,Kharif,11.8,Black,0.551,0.455,460.4,24.7,5.8,76.08
Karnataka,Mysuru,Sugarcane,Kharif,10.68,Red,0.768,0.441,934.3,18.0,1.15,70.37
Maharashtra,Nagpur,Cotton,Kharif,4.36,Alluvial,0.387,0.822,783.6,38.2,1.32,59.47
Karnataka,Belagavi,Wheat,Kharif,5.38,Alluvial,0.537,0.669,520.7,37.8,4.04,62.16
Uttar Pradesh,Lucknow,Cotton,Kharif,10.88,Red,0.307,0.241,599.8,30.9,1.68,49.36
Maharashtra,Nagpur,Maize,Rabi,3.68,Black,0.713,0.563,60.9,27.9,1.5,49.38
Karnataka,Belagavi,Sugarcane,Kharif,11.55,Loamy,0.567,0.209,749.4,33.3,1.83,61.09
Maharashtra,Nagpur,Maize,Kharif,9.25,Loamy,0.463,0.447,835.6,15.2,4.99,68.51
Punjab,Amritsar,Cotton,Rabi,12.89,Loamy,0.595,0.654,341.9,24.3,1.41,53.92
Uttar Pradesh,Kanpur,Wheat,Kharif,12.17,Black,0.511,0.736,62.0,15.7,1.85,24.03
Karnataka,Belagavi,Wheat,Kharif,13.33,Alluvial,0.373,0.833,914.0,25.9,1.47,82.73
Haryana,Hisar,Sugarcane,Kharif,11.38,Loamy,0.201,0.736,752.8,15.2,2.85,51.73
Haryana,Karnal,Maize,Kharif,4.42,Alluvial,0.735,0.328,690.0,37.9,2.62,61.73
Karnataka,Mysuru,Sugarcane,Rabi,13.5,Red,0.222,0.22,619.8,34.9,4.76,54.26
Uttar Pradesh,Lucknow,Sugarcane,Rabi,7.3,Red,0.55,0.29,815.4,30.4,1.68,70.87
Karnataka,Belagavi,Wheat,Rabi,14.56,Loamy,0.4,0.295,771.1,38.2,4.0,59.53
Haryana,Karnal,Maize,Kharif,8.85,Red,0.596,0.383,627.3,29.4,2.98,73.9
Haryana,Karnal,Cotton,Kharif,12.01,Alluvial,0.219,0.767,335.0,18.2,1.57,31.84
Haryana,Karnal,Cotton,Rabi,4.3,Loamy,0.342,0.568,111.8,25.0,4.33,47.41
Uttar Pradesh,Lucknow,Sugarcane,Kharif,11.13,Alluvial,0.484,0.639,781.4,28.7,3.7,89.09
Maharashtra,Pune,Sugarcane,Rabi,7.75,Loamy,0.76,0.542,815.2,25.7,6.0,100.0
Maharashtra,Pune,Maize,Kharif,5.47,Red,0.25,0.432,487.7,38.9,2.57,34.98
Karnataka,Belagavi,Sugarcane,Rabi,8.85,Loamy,0.203,0.229,980.8,18.6,3.02,58.17
Maharashtra,Pune,Cotton,Kharif,13.47,Black,0.405,0.712,790.9,39.1,3.49,66.77
Maharashtra,Pune,Rice,Kharif,14.11,Black,0.666,0.233,179.0,19.8,2.22,32.79
Uttar Pradesh,Lucknow,Maize,Kharif,14.92,Loamy,0.278,0.613,697.6,38.4,4.9,63.64
Karnataka,Belagavi,Wheat,Rabi,2.51,Alluvial,0.817,0.725,769.7,31.3,3.54,96.31
Maharashtra,Nagpur,Wheat,Rabi,11.01,Alluvial,0.312,0.691,707.6,26.5,1.68,68.97
Uttar Pradesh,Kanpur,Cotton,Rabi,4.78,Red,0.649,0.236,506.2,21.7,2.9,55.82
Karnataka,Belagavi,Sugarcane,Rabi,14.92,Black,0.409,0.715,570.4,23.1,1.45,58.16
Uttar Pradesh,Kanpur,Sugarcane,Rabi,4.55,Alluvial,0.434,0.583,147.3,31.1,2.63,44.08
Punjab,Amritsar,Sugarcane,Rabi,8.76,Loamy,0.725,0.669,313.0,21.4,3.32,61.15
Uttar Pradesh,Lucknow,Wheat,Rabi,5.97,Red,0.354,0.626,642.8,26.0,3.43,73.33
Punjab,Ludhiana,Rice,Kharif,12.05,Alluvial,0.307,0.455,145.4,36.2,2.62,26.09
Uttar Pradesh,Kanpur,Rice,Rabi,7.48,Loamy,0.779,0.783,858.1,35.1,3.44,92.75
Maharashtra,Nagpur,Sugarcane,Kharif,0.93,Red,0.458,0.357,824.4,36.1,2.03,60.12
Karnataka,Mysuru,Maize,Rabi,11.91,Black,0.637,0.787,771.2,30.0,5.81,100.0
Maharashtra,Nagpur,Maize,Rabi,8.16,Alluvial,0.286,0.578,630.6,39.9,5.88,61.59
Punjab,Amritsar,Maize,Rabi,4.91,Red,0.663,0.395,774.6,18.0,4.81,75.86
Karnataka,Mysuru,Cotton,Rabi,3.06,Alluvial,0.705,0.633,137.0,17.8,1.54,34.65
Punjab,Ludhiana,Wheat,Kharif,5.68,Alluvial,0.585,0.695,700.5,27.9,3.32,89.27
Maharashtra,Nagpur,Wheat,Rabi,8.54,Red,0.367,0.722,474.0,32.0,5.26,72.89
Uttar Pradesh,Lucknow,Sugarcane,Rabi,4.35,Alluvial,0.824,0.25,843.7,17.3,1.28,62.28
Punjab,Ludhiana,Sugarcane,Rabi,3.43,Red,0.304,0.447,370.2,34.0,3.22,44.43
Uttar Pradesh,Kanpur,Cotton,Kharif,4.67,Black,0.221,0.266,257.9,27.6,5.24,52.68
Haryana,Hisar,Rice,Rabi,11.02,Loamy,0.433,0.868,115.2,31.0,4.89,61.06
Maharashtra,Nagpur,Maize,Kharif,11.29,Black,0.417,0.593,916.0,26.2,4.41,93.67
Maharashtra,Pune,Sugarcane,Kharif,14.31,Alluvial,0.629,0.273,864.6,28.1,4.86,96.17
Karnataka,Belagavi,Wheat,Kharif,0.96,Alluvial,0.421,0.387,952.1,19.6,4.54,77.92
Uttar Pradesh,Lucknow,Maize,Rabi,9.13,Alluvial,0.749,0.724,593.2,22.8,4.73,87.22
Maharashtra,Pune,Maize,Rabi,12.43,Loamy,0.312,0.434,77.4,18.1,3.23,21.99
Punjab,Amritsar,Rice,Rabi,14.84,Loamy,0.503,0.616,788.4,33.4,5.84,90.83
Haryana,Karnal,Rice,Kharif,1.66,Black,0.334,0.379,312.5,31.1,1.27,36.94
Haryana,Hisar,Cotton,Rabi,14.79,Red,0.379,0.239,824.8,30.5,5.8,84.48
Punjab,Amritsar,Cotton,Kharif,4.3,Loamy,0.288,0.357,150.8,38.8,2.39,16.9
Karnataka,Belagavi,Maize,Kharif,10.73,Alluvial,0.78,0.814,660.5,37.3,3.68,80.47
Karnataka,Belagavi,Maize,Rabi,10.2,Black,0.381,0.709,65.3,18.8,2.23,27.08
Karnataka,Mysuru,Cotton,Kharif,8.67,Loamy,0.653,0.809,787.1,30.8,5.91,100.0
Uttar Pradesh,Lucknow,Rice,Kharif,2.51,Loamy,0.516,0.469,793.6,19.0,5.88,80.87
Karnataka,Belagavi,Cotton,Rabi,0.98,Red,0.482,0.876,743.9,22.5,3.88,84.36
Punjab,Amritsar,Wheat,Kharif,6.84,Black,0.216,0.443,714.0,17.3,5.44,60.13
Haryana,Hisar,Rice,Kharif,10.21,Black,0.354,0.617,910.1,23.8,2.05,75.17
Punjab,Amritsar,Cotton,Kharif,1.85,Loamy,0.414,0.524,523.1,28.6,2.5,65.05
Haryana,Karnal,Wheat,Kharif,11.54,Black,0.775,0.67,516.8,34.6,3.47,73.86
Uttar Pradesh,Lucknow,Maize,Rabi,12.4,Black,0.746,0.559,287.3,26.6,3.82,70.75
Karnataka,Mysuru,Cotton,Kharif,7.63,Red,0.448,0.769,520.2,39.9,3.29,53.57
Punjab,Amritsar,Sugarcane,Kharif,8.82,Red,0.336,0.616,767.6,18.5,5.08,71.94
Karnataka,Belagavi,Maize,Rabi,6.24,Red,0.408,0.74,904.5,34.1,5.23,91.95
Punjab,Amritsar,Rice,Rabi,6.45,Black,0.86,0.505,986.1,16.4,4.59,91.78
Karnataka,Mysuru,Sugarcane,Kharif,10.52,Loamy,0.381,0.831,457.8,35.4,2.94,56.9
Uttar Pradesh,Kanpur,Sugarcane,Rabi,9.92,Loamy,0.334,0.488,211.8,15.6,2.06,19.98
Punjab,Ludhiana,Maize,Rabi,11.54,Black,0.256,0.662,307.3,21.1,2.28,38.48
Haryana,Hisar,Sugarcane,Kharif,13.05,Black,0.776,0.286,405.4,31.5,4.26,68.88
Karnataka,Mysuru,Sugarcane,Kharif,1.91,Loamy,0.473,0.211,903.4,28.2,5.25,92.85
Karnataka,Belagavi,Rice,Rabi,12.79,Loamy,0.474,0.587,787.5,17.1,5.29,75.29
Maharashtra,Pune,Sugarcane,Rabi,5.24,Black,0.252,0.82,215.8,30.8,4.22,55.61
Haryana,Karnal,Cotton,Rabi,3.84,Black,0.494,0.285,149.1,37.4,3.93,32.72
Maharashtra,Pune,Maize,Rabi,3.47,Black,0.633,0.291,52.0,38.3,3.77,30.28
Karnataka,Mysuru,Maize,Kharif,1.22,Loamy,0.719,0.454,263.3,38.7,4.87,52.63
Maharashtra,Pune,Sugarcane,Kharif,9.31,Alluvial,0.887,0.862,974.3,38.8,1.04,84.91
Uttar Pradesh,Kanpur,Maize,Rabi,14.18,Loamy,0.539,0.897,690.0,16.7,1.59,61.14
Karnataka,Belagavi,Rice,Rabi,0.94,Red,0.879,0.659,539.7,21.8,4.29,83.28
Uttar Pradesh,Kanpur,Maize,Rabi,6.72,Loamy,0.651,0.856,152.5,17.5,5.26,57.11
Uttar Pradesh,Kanpur,Cotton,Kharif,7.22,Alluvial,0.476,0.844,552.8,32.6,5.23,82.35
Karnataka,Mysuru,Cotton,Kharif,12.08,Red,0.297,0.356,598.3,21.6,4.31,57.96
Maharashtra,Nagpur,Rice,Kharif,6.41,Black,0.74,0.503,929.7,27.6,2.74,97.86
Maharashtra,Pune,Rice,Rabi,9.56,Alluvial,0.55,0.469,562.4,24.5,2.8,66.09
Haryana,Karnal,Rice,Rabi,7.75,Red,0.232,0.254,799.3,35.6,4.39,61.18
Karnataka,Mysuru,Sugarcane,Rabi,13.97,Alluvial,0.512,0.888,331.5,21.0,4.19,63.65
Maharashtra,Pune,Wheat,Rabi,7.99,Red,0.566,0.62,304.9,24.6,3.77,62.61
Punjab,Ludhiana,Sugarcane,Rabi,8.61,Loamy,0.288,0.332,325.0,37.3,1.86,25.33
Haryana,Karnal,Sugarcane,Rabi,8.14,Loamy,0.671,0.785,225.0,30.3,1.26,56.06
Punjab,Amritsar,Wheat,Kharif,9.13,Black,0.354,0.413,173.2,21.2,5.11,43.32
Punjab,Amritsar,Cotton,Rabi,11.99,Alluvial,0.689,0.383,742.7,32.9,3.3,77.53
Uttar Pradesh,Lucknow,Sugarcane,Rabi,4.44,Alluvial,0.832,0.899,923.3,34.4,5.06,100.0
Uttar Pradesh,Lucknow,Maize,Kharif,8.64,Alluvial,0.712,0.782,663.9,29.1,2.87,89.81
Haryana,Hisar,Maize,Kharif,8.71,Loamy,0.726,0.248,862.3,34.9,4.87,85.27
Uttar Pradesh,Lucknow,Maize,Rabi,8.49,Alluvial,0.703,0.285,710.1,26.2,5.06,88.94
Punjab,Amritsar,Wheat,Rabi,5.69,Loamy,0.638,0.311,245.9,39.8,4.77,42.65
Karnataka,Belagavi,Rice,Rabi,7.79,Black,0.546,0.322,746.6,24.0,1.93,66.14
Karnataka,Belagavi,Wheat,Rabi,14.64,Loamy,0.809,0.468,845.2,33.4,4.97,96.33
Haryana,Karnal,Sugarcane,Kharif,9.62,Loamy,0.896,0.897,864.7,16.6,5.77,100.0
Punjab,Amritsar,Wheat,Rabi,7.22,Red,0.303,0.45,864.7,15.9,1.75,49.64
Punjab,Ludhiana,Cotton,Kharif,3.01,Loamy,0.302,0.841,887.9,15.8,4.76,75.39
Uttar Pradesh,Lucknow,Sugarcane,Kharif,14.61,Loamy,0.401,0.362,843.1,25.5,3.11,75.79
Haryana,Karnal,Cotton,Rabi,4.65,Red,0.817,0.313,222.0,29.3,2.72,58.52
Uttar Pradesh,Kanpur,Sugarcane,Kharif,11.12,Red,0.719,0.898,812.4,35.7,5.76,100.0
Punjab,Ludhiana,Wheat,Rabi,12.94,Loamy,0.383,0.685,429.9,25.4,2.4,58.83
Maharashtra,Nagpur,Rice,Kharif,14.06,Loamy,0.314,0.21,466.5,33.2,5.89,58.61
Karnataka,Belagavi,Maize,Kharif,12.47,Alluvial,0.324,0.239,857.8,29.2,1.64,66.0
Haryana,Karnal,Wheat,Rabi,14.21,Loamy,0.21,0.582,121.8,22.2,1.44,23.59
Maharashtra,Nagpur,Maize,Kharif,4.02,Loamy,0.553,0.772,410.9,18.3,3.16,55.6
Karnataka,Mysuru,Sugarcane,Kharif,2.86,Alluvial,0.574,0.4,254.0,29.8,5.58,67.09
Punjab,Amritsar,Sugarcane,Kharif,12.74,Black,0.716,0.828,356.7,17.2,1.29,48.45
Maharashtra,Nagpur,Maize,Rabi,6.52,Red,0.39,0.21,799.0,35.3,2.11,54.8
Maharashtra,Pune,Cotton,Rabi,10.97,Alluvial,0.695,0.574,788.5,29.5,2.43,87.25
Maharashtra,Nagpur,Wheat,Kharif,6.95,Black,0.555,0.491,477.0,37.4,4.94,61.45
Punjab,Amritsar,Rice,Kharif,0.91,Alluvial,0.261,0.655,431.1,29.2,2.16,55.47
Maharashtra,Pune,Sugarcane,Kharif,11.77,Black,0.39,0.303,327.2,27.7,2.71,50.54
Uttar Pradesh,Kanpur,Wheat,Rabi,5.84,Loamy,0.574,0.496,320.0,37.6,1.92,38.89
Haryana,Karnal,Rice,Rabi,13.21,Black,0.287,0.546,484.2,15.2,3.22,38.4
Uttar Pradesh,Kanpur,Wheat,Kharif,14.93,Alluvial,0.864,0.619,181.1,21.5,2.82,55.87
Haryana,Karnal,Cotton,Rabi,13.33,Red,0.56,0.607,204.8,20.5,2.18,40.91
Uttar Pradesh,Kanpur,Cotton,Kharif,4.36,Alluvial,0.469,0.636,468.0,24.8,3.82,68.41
Punjab,Ludhiana,Cotton,Rabi,13.06,Alluvial,0.242,0.708,369.5,32.1,4.09,56.89
Punjab,Ludhiana,Cotton,Rabi,13.4,Red,0.397,0.444,640.9,39.2,2.86,48.94
Punjab,Ludhiana,Maize,Kharif,1.58,Black,0.307,0.231,327.8,36.7,2.7,29.01
Maharashtra,Nagpur,Rice,Kharif,2.51,Black,0.334,0.309,609.6,18.4,4.28,52.09
Punjab,Amritsar,Cotton,Kharif,8.76,Loamy,0.346,0.44,553.4,18.9,4.06,52.88
Uttar Pradesh,Kanpur,Rice,Kharif,5.31,Black,0.852,0.81,498.7,23.8,4.55,89.35
Punjab,Amritsar,Cotton,Kharif,4.2,Black,0.352,0.204,649.3,30.4,1.94,54.78
Uttar Pradesh,Lucknow,Maize,Kharif,10.44,Alluvial,0.489,0.453,751.1,33.5,4.04,75.19
Uttar Pradesh,Lucknow,Wheat,Rabi,1.33,Red,0.227,0.891,662.6,32.9,1.48,60.95
Uttar Pradesh,Lucknow,Sugarcane,Rabi,3.68,Red,0.848,0.6,149.5,19.8,5.99,65.7
Haryana,Hisar,Sugarcane,Rabi,13.34,Red,0.729,0.618,60.2,37.0,3.22,42.08
Uttar Pradesh,Lucknow,Maize,Rabi,14.3,Red,0.477,0.631,896.3,35.8,3.4,78.69
Maharashtra,Nagpur,Cotton,Rabi,11.0,Loamy,0.258,0.614,507.8,39.4,5.23,53.12
Maharashtra,Nagpur,Maize,Rabi,4.45,Black,0.364,0.273,98.0,36.5,1.25,13.72
Punjab,Amritsar,Cotton,Rabi,1.75,Loamy,0.715,0.783,908.4,29.3,4.77,100.0
Uttar Pradesh,Kanpur,Maize,Kharif,8.64,Red,0.576,0.385,843.3,29.3,1.78,78.25
Maharashtra,Pune,Maize,Kharif,10.12,Loamy,0.554,0.376,689.2,39.6,3.38,56.95
Uttar Pradesh,Lucknow,Sugarcane,Rabi,8.76,Loamy,0.863,0.409,340.1,27.0,5.59,83.38
Punjab,Amritsar,Sugarcane,Rabi,11.74,Black,0.567,0.399,819.0,19.7,2.45,66.42
Karnataka,Mysuru,Sugarcane,Kharif,11.07,Black,0.645,0.899,483.5,25.6,2.8,78.42
Haryana,Karnal,Wheat,Kharif,13.13,Loamy,0.422,0.414,148.4,36.9,2.86,29.04
Maharashtra,Nagpur,Sugarcane,Rabi,12.2,Black,0.501,0.691,459.6,24.8,5.95,81.14
Uttar Pradesh,Lucknow,Cotton,Rabi,10.75,Alluvial,0.461,0.775,395.7,24.3,4.9,72.4
Punjab,Amritsar,Wheat,Kharif,8.74,Black,0.203,0.419,247.6,31.4,1.68,31.56
Haryana,Hisar,Rice,Rabi,3.72,Black,0.282,0.308,843.8,32.1,3.42,68.66
Maharashtra,Pune,Wheat,Rabi,12.44,Red,0.64,0.887,947.3,19.2,5.86,100.0
Karnataka,Belagavi,Sugarcane,Rabi,4.2,Black,0.62,0.679,493.3,23.4,4.1,74.64
Punjab,Amritsar,Cotton,Kharif,9.22,Alluvial,0.78,0.62,630.0,27.8,2.94,88.6
Maharashtra,Nagpur,Sugarcane,Rabi,2.03,Black,0.217,0.777,920.4,20.2,3.7,75.94
Uttar Pradesh,Kanpur,Maize,Kharif,4.4,Alluvial,0.69,0.289,100.4,34.2,4.33,45.64
Punjab,Amritsar,Wheat,Kharif,3.93,Alluvial,0.603,0.407,451.2,27.2,3.97,72.09
Karnataka,Mysuru,Sugarcane,Rabi,5.92,Alluvial,0.576,0.517,895.1,32.4,5.49,96.49
Uttar Pradesh,Lucknow,Wheat,Rabi,14.76,Loamy,0.451,0.43,137.1,29.6,3.93,49.84
Maharashtra,Nagpur,Rice,Kharif,9.91,Loamy,0.421,0.7,976.4,37.4,2.46,74.55
Haryana,Karnal,Rice,Rabi,1.31,Red,0.838,0.426,454.8,35.7,1.83,56.47
Haryana,Karnal,Maize,Kharif,10.44,Black,0.834,0.625,480.6,29.3,2.01,76.29
Maharashtra,Nagpur,Wheat,Rabi,6.69,Loamy,0.251,0.825,630.9,17.9,3.55,58.5
Haryana,Karnal,Cotton,Kharif,9.67,Alluvial,0.722,0.406,641.5,19.7,2.09,61.35
Punjab,Ludhiana,Sugarcane,Rabi,3.95,Loamy,0.589,0.448,845.3,28.2,1.15,79.43
Karnataka,Belagavi,Sugarcane,Rabi,6.84,Alluvial,0.375,0.674,169.6,36.5,2.25,32.7
Maharashtra,Pune,Sugarcane,Kharif,7.9,Black,0.527,0.671,298.2,23.1,5.66,68.63
Uttar Pradesh,Lucknow,Maize,Kharif,10.96,Red,0.761,0.86,270.7,16.2,2.45,50.32
Uttar Pradesh,Lucknow,Maize,Kharif,8.74,Black,0.742,0.801,715.9,16.1,1.79,66.94
Karnataka,Belagavi,Sugarcane,Rabi,8.95,Red,0.238,0.259,243.0,18.6,2.65,21.41
Maharashtra,Nagpur,Rice,Kharif,2.21,Alluvial,0.62,0.487,907.9,37.8,4.84,83.87
Uttar Pradesh,Kanpur,Rice,Rabi,12.69,Red,0.499,0.516,855.4,30.5,1.9,77.63
Haryana,Karnal,Wheat,Rabi,1.41,Red,0.863,0.736,744.3,19.3,4.02,88.52
Haryana,Karnal,Cotton,Kharif,13.57,Red,0.233,0.663,91.0,35.0,5.15,41.03
Maharashtra,Nagpur,Wheat,Rabi,9.62,Red,0.842,0.422,256.3,17.7,1.65,40.48
Haryana,Hisar,Maize,Kharif,5.15,Red,0.695,0.809,795.5,28.3,1.51,91.28
Uttar Pradesh,Kanpur,Wheat,Kharif,4.47,Black,0.265,0.556,466.4,19.4,1.87,38.65
Uttar Pradesh,Lucknow,Sugarcane,Kharif,13.84,Alluvial,0.483,0.614,891.1,25.1,5.1,96.51
Punjab,Ludhiana,Rice,Rabi,11.2,Black,0.758,0.373,730.1,35.3,2.79,71.71
Uttar Pradesh,Kanpur,Cotton,Kharif,14.87,Alluvial,0.435,0.347,154.6,24.5,4.46,46.93
Maharashtra,Nagpur,Cotton,Kharif,8.07,Loamy,0.867,0.623,625.5,18.2,5.98,87.5
Karnataka,Belagavi,Rice,Kharif,14.79,Red,0.327,0.684,126.6,16.1,2.4,23.08
Haryana,Karnal,Sugarcane,Kharif,4.46,Alluvial,0.637,0.687,355.8,35.4,3.75,61.21
Uttar Pradesh,Kanpur,Cotton,Rabi,0.79,Loamy,0.37,0.263,470.0,37.2,3.34,41.32
Karnataka,Mysuru,Wheat,Kharif,11.06,Red,0.864,0.497,375.4,32.1,5.04,78.43
Punjab,Ludhiana,Rice,Rabi,0.59,Alluvial,0.311,0.885,547.4,16.2,5.99,66.73
Karnataka,Mysuru,Sugarcane,Kharif,10.12,Black,0.537,0.717,963.1,17.9,4.55,87.42
Haryana,Karnal,Rice,Kharif,6.19,Red,0.249,0.341,804.3,37.4,2.41,50.7
Punjab,Amritsar,Wheat,Rabi,10.42,Black,0.87,0.805,373.4,17.8,3.5,66.34
Punjab,Ludhiana,Rice,Rabi,2.06,Loamy,0.75,0.279,738.0,24.6,1.37,70.17
Uttar Pradesh,Kanpur,Wheat,Kharif,13.47,Black,0.232,0.341,764.4,32.7,2.45,57.72
Punjab,Amritsar,Maize,Kharif,4.28,Alluvial,0.824,0.413,668.9,33.5,4.94,86.31
Maharashtra,Pune,Maize,Rabi,14.5,Black,0.36,0.301,917.2,31.7,3.19,74.53
Maharashtra,Nagpur,Maize,Rabi,14.27,Black,0.437,0.699,592.8,17.7,3.81,60.86
Uttar Pradesh,Kanpur,Wheat,Kharif,12.09,Alluvial,0.545,0.316,444.0,34.7,3.06,51.08
Haryana,Hisar,Cotton,Rabi,0.73,Loamy,0.403,0.459,586.1,38.6,5.74,62.39
Uttar Pradesh,Lucknow,Cotton,Rabi,2.21,Alluvial,0.862,0.805,71.2,34.6,4.18,61.55
Maharashtra,Nagpur,Maize,Rabi,13.32,Loamy,0.737,0.603,833.4,39.7,2.5,71.64
Maharashtra,Pune,Rice,Rabi,6.76,Loamy,0.244,0.744,951.3,27.5,3.05,88.95
Karnataka,Mysuru,Maize,Kharif,6.19,Alluvial,0.592,0.57,635.2,38.6,5.76,74.33
Haryana,Karnal,Sugarcane,Rabi,5.0,Loamy,0.244,0.252,289.2,19.5,4.87,36.65
Punjab,Ludhiana,Wheat,Kharif,7.65,Black,0.682,0.656,621.1,38.1,2.14,61.83
Karnataka,Mysuru,Sugarcane,Kharif,4.03,Black,0.471,0.881,869.1,15.4,5.9,86.26
Haryana,Hisar,Rice,Kharif,9.4,Black,0.862,0.672,793.8,24.2,2.36,90.86
Punjab,Ludhiana,Maize,Kharif,3.52,Red,0.625,0.731,458.3,39.4,1.29,46.72
Uttar Pradesh,Kanpur,Cotton,Kharif,0.84,Black,0.421,0.329,935.0,31.7,5.56,90.11
Haryana,Karnal,Sugarcane,Rabi,3.31,Red,0.356,0.696,88.4,16.3,4.04,31.08
Uttar Pradesh,Kanpur,Cotton,Kharif,8.24,Red,0.274,0.758,955.4,16.5,2.96,68.11
Uttar Pradesh,Lucknow,Maize,Kharif,11.85,Black,0.67,0.619,232.5,20.5,1.24,41.75
Maharashtra,Nagpur,Sugarcane,Kharif,5.81,Black,0.728,0.508,795.6,39.4,2.2,66.16
Maharashtra,Nagpur,Wheat,Kharif,9.97,Black,0.33,0.777,221.2,24.7,2.19,46.38
Uttar Pradesh,Kanpur,Rice,Rabi,0.71,Black,0.283,0.814,844.7,22.4,2.43,73.44
Haryana,Hisar,Cotton,Rabi,2.77,Black,0.405,0.571,165.4,15.1,5.59,38.87
Maharashtra,Nagpur,Rice,Rabi,12.87,Black,0.643,0.378,868.6,27.8,2.91,89.53
Punjab,Ludhiana,Cotton,Kharif,13.95,Loamy,0.245,0.279,616.9,23.9,3.32,54.79
Karnataka,Belagavi,Sugarcane,Kharif,6.85,Black,0.299,0.799,153.7,31.4,4.04,51.53
Punjab,Amritsar,Sugarcane,Rabi,3.79,Loamy,0.353,0.804,899.1,21.4,3.1,79.71
Karnataka,Mysuru,Cotton,Rabi,9.29,Red,0.457,0.357,684.3,37.8,3.18,55.44
Uttar Pradesh,Kanpur,Rice,Rabi,8.04,Red,0.892,0.771,902.6,30.5,3.41,100.0
Punjab,Amritsar,Wheat,Kharif,11.55,Red,0.432,0.552,415.1,18.4,2.78,44.38
Punjab,Ludhiana,Maize,Rabi,9.44,Loamy,0.491,0.552,713.3,26.7,1.95,73.8
Punjab,Amritsar,Maize,Rabi,9.14,Alluvial,0.626,0.353,668.6,34.1,2.79,65.92
Karnataka,Mysuru,Wheat,Kharif,12.29,Red,0.472,0.595,244.5,37.9,5.62,51.92
Haryana,Karnal,Wheat,Rabi,3.09,Alluvial,0.302,0.203,943.8,35.7,1.39,54.38
Haryana,Karnal,Rice,Kharif,7.18,Red,0.779,0.496,289.7,39.6,2.52,43.55
Maharashtra,Nagpur,Maize,Kharif,12.82,Loamy,0.856,0.394,366.7,18.2,2.72,52.15
Haryana,Karnal,Rice,Rabi,5.41,Loamy,0.517,0.596,699.6,16.5,3.35,61.72
Uttar Pradesh,Kanpur,Maize,Kharif,1.95,Red,0.229,0.386,219.9,31.2,5.23,48.41
Uttar Pradesh,Kanpur,Cotton,Kharif,6.28,Alluvial,0.246,0.36,888.9,35.6,1.43,54.0
Maharashtra,Pune,Wheat,Rabi,11.52,Black,0.348,0.867,794.4,19.9,3.79,76.33
Uttar Pradesh,Lucknow,Sugarcane,Rabi,3.74,Loamy,0.706,0.625,526.3,30.6,2.04,71.65
Haryana,Karnal,Rice,Rabi,3.3,Red,0.738,0.586,442.9,30.8,5.27,83.38
Punjab,Ludhiana,Cotton,Kharif,6.42,Black,0.528,0.792,628.8,30.2,2.48,77.72
Uttar Pradesh,Kanpur,Wheat,Rabi,7.83,Black,0.426,0.343,785.7,35.0,2.07,59.12
Maharashtra,Pune,Wheat,Rabi,11.72,Alluvial,0.252,0.783,85.0,21.3,5.59,47.2
Punjab,Ludhiana,Sugarcane,Kharif,8.38,Loamy,0.47,0.51,547.4,18.2,2.8,50.97
Uttar Pradesh,Lucknow,Cotton,Rabi,1.07,Alluvial,0.623,0.682,69.4,36.1,5.64,54.33
Punjab,Amritsar,Cotton,Rabi,12.73,Loamy,0.4,0.754,348.8,34.7,3.26,53.19
Maharashtra,Nagpur,Sugarcane,Rabi,2.1,Red,0.746,0.817,930.8,36.3,5.15,100.0
Punjab,Amritsar,Wheat,Rabi,2.4,Black,0.663,0.517,905.0,32.4,5.75,100.0
Uttar Pradesh,Lucknow,Sugarcane,Kharif,6.68,Black,0.699,0.652,226.0,20.2,2.26,47.76
Karnataka,Belagavi,Maize,Kharif,4.95,Red,0.812,0.725,865.2,19.0,4.46,94.11
Maharashtra,Nagpur,Wheat,Rabi,11.67,Black,0.293,0.736,828.0,18.1,5.88,79.65
Maharashtra,Nagpur,Maize,Kharif,2.35,Red,0.407,0.448,724.5,19.5,1.53,52.32
Maharashtra,Nagpur,Rice,Rabi,0.76,Red,0.725,0.648,109.5,39.1,1.11,30.4
Uttar Pradesh,Lucknow,Rice,Kharif,0.55,Alluvial,0.709,0.679,435.6,31.5,5.77,85.42
Maharashtra,Pune,Rice,Kharif,11.0,Red,0.447,0.892,728.9,24.2,1.75,75.54
Maharashtra,Pune,Sugarcane,Rabi,6.9,Red,0.405,0.612,180.1,29.0,1.28,42.88
Maharashtra,Pune,Sugarcane,Rabi,14.16,Alluvial,0.627,0.748,689.2,27.4,4.59,96.86
Uttar Pradesh,Kanpur,Maize,Kharif,6.33,Alluvial,0.558,0.734,199.5,34.1,1.35,42.41
Haryana,Karnal,Cotton,Rabi,7.61,Loamy,0.677,0.26,219.7,25.1,3.47,52.73
Punjab,Ludhiana,Sugarcane,Kharif,9.66,Black,0.846,0.672,235.9,18.8,2.26,51.1
Haryana,Hisar,Rice,Rabi,13.62,Red,0.642,0.479,164.3,22.3,5.89,60.71
Haryana,Karnal,Cotton,Kharif,3.47,Red,0.759,0.853,125.9,24.5,5.57,75.04
Karnataka,Mysuru,Rice,Rabi,10.43,Alluvial,0.791,0.62,177.7,24.8,5.86,74.97
Maharashtra,Nagpur,Sugarcane,Kharif,12.55,Red,0.241,0.815,140.4,25.4,4.83,54.78
Uttar Pradesh,Kanpur,Sugarcane,Kharif,9.49,Black,0.651,0.462,247.9,33.0,5.06,62.03
Punjab,Ludhiana,Sugarcane,Kharif,2.94,Red,0.714,0.577,255.4,22.8,5.83,70.94
Punjab,Ludhiana,Maize,Kharif,8.08,Loamy,0.671,0.252,824.6,31.2,1.86,73.92
Maharashtra,Pune,Cotton,Rabi,5.82,Black,0.287,0.483,87.7,21.8,3.0,29.1
Uttar Pradesh,Lucknow,Cotton,Rabi,8.08,Black,0.556,0.421,838.7,28.6,2.66,84.02
Maharashtra,Nagpur,Wheat,Kharif,9.59,Black,0.83,0.238,587.9,38.0,2.44,56.59
Karnataka,Belagavi,Maize,Rabi,9.2,Alluvial,0.295,0.505,967.7,19.9,1.17,60.98
Karnataka,Mysuru,Cotton,Rabi,6.82,Loamy,0.561,0.268,756.6,17.7,3.02,58.66
Karnataka,Belagavi,Sugarcane,Kharif,4.73,Black,0.642,0.203,624.1,26.2,3.65,73.4
Maharashtra,Pune,Wheat,Rabi,14.29,Alluvial,0.554,0.53,476.7,23.4,3.67,65.62
Haryana,Hisar,Wheat,Kharif,0.72,Black,0.711,0.698,671.6,36.9,5.51,85.66
Karnataka,Mysuru,Rice,Rabi,6.35,Red,0.53,0.827,581.9,22.3,4.71,80.47
Punjab,Ludhiana,Maize,Rabi,12.72,Black,0.611,0.464,132.6,26.7,4.76,60.81
Karnataka,Belagavi,Cotton,Rabi,12.47,Black,0.579,0.533,666.8,23.2,1.25,63.58
Karnataka,Belagavi,Rice,Rabi,8.15,Alluvial,0.206,0.285,607.8,22.4,5.53,61.17
Punjab,Ludhiana,Cotton,Kharif,2.43,Alluvial,0.551,0.747,257.8,36.8,1.26,39.55
Uttar Pradesh,Kanpur,Maize,Kharif,10.36,Black,0.543,0.277,916.9,31.8,3.73,82.82
Karnataka,Belagavi,Cotton,Rabi,3.09,Black,0.836,0.653,504.0,35.4,3.25,72.23
Maharashtra,Nagpur,Rice,Rabi,2.51,Red,0.683,0.535,336.7,26.7,2.05,61.77
Maharashtra,Pune,Maize,Rabi,4.12,Alluvial,0.772,0.526,922.5,34.7,2.44,85.09
Haryana,Karnal,Sugarcane,Rabi,9.32,Black,0.439,0.431,702.8,36.3,2.61,57.73
Punjab,Amritsar,Cotton,Kharif,1.05,Red,0.814,0.408,997.2,38.9,5.7,95.25
Haryana,Hisar,Rice,Kharif,11.55,Loamy,0.87,0.667,440.8,32.1,2.14,71.67
Punjab,Amritsar,Cotton,Kharif,13.29,Alluvial,0.682,0.395,474.5,25.7,5.8,81.87
Punjab,Ludhiana,Rice,Kharif,13.14,Red,0.558,0.662,585.2,16.7,3.98,62.64
Karnataka,Belagavi,Wheat,Rabi,5.79,Red,0.41,0.683,453.0,20.7,3.15,55.23
Haryana,Hisar,Cotton,Rabi,13.87,Red,0.337,0.819,430.8,35.8,4.36,60.01
Punjab,Ludhiana,Sugarcane,Kharif,4.04,Red,0.77,0.274,260.9,27.6,5.15,71.8
Punjab,Amritsar,Sugarcane,Kharif,13.34,Alluvial,0.633,0.468,682.6,19.5,3.29,67.44
Maharashtra,Nagpur,Cotton,Rabi,7.7,Black,0.63,0.683,733.7,29.0,2.12,84.41
Maharashtra,Pune,Sugarcane,Kharif,5.17,Alluvial,0.845,0.821,434.9,16.0,1.24,54.04
Haryana,Karnal,Sugarcane,Rabi,10.9,Red,0.213,0.274,391.5,18.9,1.38,22.58
Karnataka,Mysuru,Sugarcane,Rabi,14.9,Alluvial,0.739,0.562,419.9,29.8,3.58,75.21
Uttar Pradesh,Lucknow,Wheat,Kharif,12.3,Alluvial,0.25,0.261,676.8,21.5,4.29,57.56
Punjab,Amritsar,Rice,Rabi,5.34,Black,0.798,0.305,948.6,27.7,5.63,100.0
Maharashtra,Pune,Cotton,Rabi,14.52,Red,0.684,0.376,914.2,22.4,2.86,82.15
Karnataka,Belagavi,Cotton,Rabi,10.81,Black,0.493,0.246,349.2,22.9,1.04,35.86
Haryana,Karnal,Rice,Kharif,7.65,Loamy,0.688,0.224,774.6,15.8,3.28,60.41
Uttar Pradesh,Kanpur,Sugarcane,Kharif,7.08,Loamy,0.5,0.741,507.1,34.7,1.37,54.83
Uttar Pradesh,Lucknow,Wheat,Rabi,2.87,Black,0.436,0.624,910.4,21.4,4.82,87.28
Uttar Pradesh,Lucknow,Sugarcane,Kharif,4.92,Red,0.746,0.848,730.7,39.3,1.25,67.5
Maharashtra,Pune,Rice,Rabi,12.36,Alluvial,0.477,0.612,294.9,32.2,2.55,51.09
Uttar Pradesh,Kanpur,Wheat,Rabi,4.39,Red,0.334,0.556,243.5,34.1,2.21,36.61
Punjab,Ludhiana,Maize,Kharif,15.0,Red,0.809,0.732,417.1,33.8,5.78,84.77
Haryana,Karnal,Rice,Kharif,8.49,Alluvial,0.872,0.587,853.9,23.0,3.19,93.84
Maharashtra,Nagpur,Sugarcane,Kharif,0.68,Black,0.693,0.483,969.2,21.9,4.55,95.34
Karnataka,Belagavi,Maize,Rabi,10.12,Alluvial,0.743,0.642,142.3,39.4,2.18,37.27
Uttar Pradesh,Kanpur,Sugarcane,Kharif,13.91,Alluvial,0.431,0.251,994.4,36.8,3.33,70.13
Haryana,Hisar,Cotton,Rabi,2.6,Loamy,0.222,0.282,786.4,33.9,4.02,62.44
Haryana,Hisar,Cotton,Rabi,7.91,Alluvial,0.828,0.521,645.0,39.0,3.26,68.55
Haryana,Karnal,Sugarcane,Rabi,11.19,Loamy,0.709,0.349,62.7,40.0,3.91,32.23
Uttar Pradesh,Lucknow,Maize,Rabi,4.59,Black,0.638,0.488,272.6,27.9,4.99,72.91
Uttar Pradesh,Lucknow,Maize,Kharif,6.27,Black,0.392,0.323,417.6,39.1,2.33,32.12
Maharashtra,Pune,Cotton,Rabi,3.05,Red,0.881,0.631,206.1,15.5,4.92,56.52
Uttar Pradesh,Lucknow,Wheat,Kharif,3.27,Red,0.556,0.515,730.1,16.3,3.49,62.89
Karnataka,Belagavi,Wheat,Rabi,10.45,Alluvial,0.677,0.357,558.4,29.1,4.5,80.84
Haryana,Hisar,Rice,Kharif,1.63,Black,0.72,0.295,641.3,23.1,3.29,71.29
Haryana,Hisar,Cotton,Rabi,11.75,Loamy,0.333,0.307,380.3,25.3,5.66,61.25
Karnataka,Belagavi,Maize,Rabi,4.95,Loamy,0.308,0.788,110.6,22.2,2.53,37.06
Uttar Pradesh,Lucknow,Cotton,Kharif,4.86,Red,0.854,0.417,392.4,26.8,3.81,76.58
Punjab,Amritsar,Sugarcane,Kharif,8.67,Red,0.24,0.665,278.7,18.0,3.05,34.21
Punjab,Ludhiana,Sugarcane,Rabi,10.64,Red,0.705,0.321,76.8,25.2,3.91,50.49
Haryana,Hisar,Cotton,Rabi,2.11,Loamy,0.678,0.889,910.3,36.8,2.51,86.42
Maharashtra,Pune,Rice,Rabi,4.13,Red,0.868,0.516,173.3,17.7,4.24,52.55
Maharashtra,Nagpur,Wheat,Rabi,12.39,Alluvial,0.526,0.574,280.2,19.3,5.12,54.97
Uttar Pradesh,Lucknow,Cotton,Rabi,13.93,Red,0.43,0.357,491.0,19.5,5.42,58.62
Karnataka,Mysuru,Cotton,Rabi,8.3,Black,0.373,0.265,391.9,21.9,3.56,44.88
Maharashtra,Pune,Maize,Kharif,7.57,Loamy,0.64,0.65,529.7,18.6,4.76,70.14
Maharashtra,Pune,Rice,Rabi,10.69,Red,0.584,0.263,385.0,16.3,3.39,39.81
Uttar Pradesh,Lucknow,Rice,Kharif,12.1,Loamy,0.207,0.207,630.3,34.7,4.88,54.93
Maharashtra,Nagpur,Maize,Rabi,1.88,Loamy,0.38,0.87,344.8,23.2,1.95,52.44
Uttar Pradesh,Lucknow,Maize,Kharif,10.86,Red,0.396,0.426,323.1,18.2,4.76,44.87
Maharashtra,Pune,Maize,Rabi,12.47,Black,0.231,0.665,92.3,34.7,5.56,43.72
Uttar Pradesh,Lucknow,Sugarcane,Rabi,11.44,Alluvial,0.362,0.317,771.6,23.6,1.68,58.77
Maharashtra,Pune,Cotton,Rabi,8.2,Loamy,0.878,0.832,536.4,37.6,3.02,74.25
Haryana,Karnal,Maize,Kharif,13.69,Black,0.209,0.584,200.7,22.1,2.53,32.8
Maharashtra,Nagpur,Rice,Rabi,7.07,Loamy,0.832,0.682,108.7,16.0,3.83,46.75
Maharashtra,Nagpur,Rice,Kharif,14.1,Red,0.348,0.379,191.6,33.4,3.03,35.59
Haryana,Karnal,Cotton,Rabi,0.77,Black,0.638,0.562,357.1,37.2,4.35,57.58
Punjab,Amritsar,Sugarcane,Rabi,4.77,Alluvial,0.57,0.788,114.8,17.0,3.78,42.29
Punjab,Ludhiana,Maize,Kharif,4.33,Alluvial,0.309,0.809,154.0,34.4,3.9,45.44
Karnataka,Belagavi,Sugarcane,Kharif,12.75,Red,0.203,0.564,256.3,33.6,1.22,28.92
Punjab,Ludhiana,Rice,Kharif,2.71,Red,0.641,0.21,855.6,33.1,3.66,78.56
Maharashtra,Pune,Maize,Kharif,4.72,Loamy,0.881,0.8,746.6,38.3,2.73,81.22
Punjab,Ludhiana,Sugarcane,Rabi,12.14,Alluvial,0.732,0.709,406.5,18.5,2.05,54.92
Karnataka,Mysuru,Cotton,Kharif,1.55,Red,0.349,0.305,953.8,19.8,5.31,77.68
Haryana,Hisar,Rice,Rabi,9.15,Red,0.842,0.61,726.9,25.4,5.57,100.0
Punjab,Amritsar,Wheat,Rabi,10.67,Alluvial,0.563,0.547,335.4,37.6,1.45,38.2
Haryana,Karnal,Maize,Kharif,3.27,Alluvial,0.38,0.287,727.7,24.0,2.1,59.36
Haryana,Karnal,Sugarcane,Kharif,10.94,Black,0.662,0.736,596.3,21.5,5.56,86.19
Maharashtra,Nagpur,Sugarcane,Kharif,6.69,Loamy,0.217,0.246,666.2,39.1,3.76,43.66
Haryana,Hisar,Sugarcane,Rabi,8.82,Loamy,0.327,0.896,182.0,29.0,4.33,62.59
Haryana,Karnal,Sugarcane,Kharif,8.8,Loamy,0.868,0.715,703.9,33.9,2.61,84.7
Uttar Pradesh,Lucknow,Wheat,Rabi,13.91,Black,0.326,0.833,347.0,18.3,5.13,55.84
Haryana,Karnal,Cotton,Kharif,13.33,Alluvial,0.684,0.666,397.1,16.5,5.15,63.2
Haryana,Karnal,Sugarcane,Rabi,2.08,Loamy,0.267,0.858,663.6,17.5,5.86,72.28
Haryana,Karnal,Cotton,Rabi,9.56,Loamy,0.583,0.346,661.0,30.4,4.99,82.25
Haryana,Karnal,Wheat,Kharif,13.82,Loamy,0.277,0.807,567.0,16.0,3.32,50.82
Haryana,Karnal,Rice,Kharif,9.03,Alluvial,0.774,0.8,810.2,37.2,2.67,82.55
Punjab,Ludhiana,Sugarcane,Kharif,5.65,Loamy,0.598,0.38,468.3,22.0,1.61,49.9
Punjab,Amritsar,Wheat,Kharif,4.85,Alluvial,0.862,0.384,689.5,19.5,1.47,64.59
Karnataka,Belagavi,Sugarcane,Rabi,0.78,Loamy,0.656,0.237,980.9,30.2,3.35,90.28
Punjab,Ludhiana,Sugarcane,Kharif,9.57,Loamy,0.329,0.594,176.6,15.4,4.15,30.75
Maharashtra,Pune,Wheat,Rabi,9.25,Loamy,0.24,0.626,576.3,31.4,5.48,73.47
Uttar Pradesh,Kanpur,Rice,Rabi,10.7,Loamy,0.687,0.45,416.0,29.1,5.62,82.0
Maharashtra,Pune,Cotton,Kharif,6.27,Red,0.69,0.841,133.4,36.5,4.97,59.69
Maharashtra,Pune,Cotton,Kharif,13.73,Alluvial,0.243,0.565,194.9,34.0,4.33,42.02
Punjab,Ludhiana,Sugarcane,Rabi,10.28,Red,0.205,0.64,819.8,29.8,3.12,76.16
Punjab,Amritsar,Wheat,Kharif,14.52,Loamy,0.325,0.636,228.6,20.2,4.35,44.85
Karnataka,Mysuru,Rice,Rabi,14.77,Loamy,0.793,0.218,950.4,33.0,1.41,77.78
Punjab,Amritsar,Cotton,Kharif,11.5,Black,0.261,0.543,59.4,39.2,4.76,27.08
Karnataka,Mysuru,Wheat,Kharif,11.62,Red,0.241,0.788,945.1,31.9,2.06,77.89
Maharashtra,Nagpur,Cotton,Kharif,3.65,Loamy,0.698,0.84,304.1,20.8,1.52,53.84
Karnataka,Belagavi,Wheat,Rabi,4.54,Alluvial,0.635,0.536,324.2,27.8,1.84,60.64
Karnataka,Mysuru,Sugarcane,Rabi,3.08,Loamy,0.899,0.777,376.6,25.7,2.3,76.62
Uttar Pradesh,Kanpur,Wheat,Rabi,5.52,Loamy,0.803,0.238,983.0,37.8,2.82,77.71
Karnataka,Belagavi,Sugarcane,Rabi,4.96,Black,0.526,0.805,789.7,24.8,5.23,97.77
Karnataka,Mysuru,Sugarcane,Kharif,13.28,Loamy,0.327,0.706,940.0,15.2,4.6,73.5
Karnataka,Mysuru,Maize,Kharif,6.3,Red,0.554,0.651,914.2,32.7,1.23,78.12
Maharashtra,Pune,Wheat,Rabi,14.56,Loamy,0.583,0.522,364.8,31.4,2.15,55.65
Karnataka,Belagavi,Cotton,Kharif,13.58,Loamy,0.8,0.486,71.1,30.9,4.71,61.45
Punjab,Amritsar,Sugarcane,Kharif,8.86,Alluvial,0.446,0.639,221.0,20.0,5.62,54.73
Karnataka,Mysuru,Wheat,Rabi,14.35,Loamy,0.474,0.568,387.5,29.9,5.89,75.81
Maharashtra,Nagpur,Sugarcane,Kharif,9.86,Alluvial,0.456,0.62,255.6,30.8,1.14,44.34
Haryana,Hisar,Maize,Rabi,3.15,Alluvial,0.215,0.448,922.3,39.9,5.73,69.69
Maharashtra,Pune,Wheat,Rabi,8.16,Red,0.809,0.404,816.7,17.8,4.83,83.0
Maharashtra,Pune,Cotton,Rabi,0.96,Black,0.849,0.691,443.3,30.0,3.15,80.91
Punjab,Amritsar,Cotton,Rabi,9.75,Red,0.78,0.822,55.5,35.3,2.75,49.78
Uttar Pradesh,Kanpur,Cotton,Rabi,0.96,Alluvial,0.626,0.598,142.2,29.9,5.99,70.12
Karnataka,Belagavi,Cotton,Rabi,1.42,Alluvial,0.407,0.425,547.1,31.5,4.75,68.97
Uttar Pradesh,Kanpur,Cotton,Kharif,5.76,Alluvial,0.9,0.745,976.2,32.3,3.03,100.0
Karnataka,Mysuru,Cotton,Rabi,12.0,Alluvial,0.693,0.754,792.8,17.6,2.39,73.9
Maharashtra,Nagpur,Maize,Rabi,2.11,Loamy,0.403,0.81,854.7,37.5,2.94,72.79
Haryana,Hisar,Rice,Rabi,2.13,Alluvial,0.656,0.627,539.9,38.2,3.61,63.28
Maharashtra,Nagpur,Sugarcane,Kharif,7.32,Black,0.328,0.618,708.5,26.7,1.49,67.21
Karnataka,Belagavi,Maize,Rabi,14.39,Red,0.497,0.895,753.4,34.4,1.13,70.29
Uttar Pradesh,Lucknow,Rice,Kharif,6.83,Red,0.658,0.69,869.9,19.5,5.76,95.57
Punjab,Amritsar,Wheat,Rabi,10.07,Alluvial,0.714,0.251,89.4,17.5,1.44,21.94
Haryana,Karnal,Wheat,Kharif,6.96,Alluvial,0.687,0.657,353.9,21.1,2.71,57.92
Karnataka,Mysuru,Cotton,Kharif,12.36,Alluvial,0.238,0.689,467.1,33.3,5.64,66.51
Karnataka,Mysuru,Maize,Kharif,7.18,Alluvial,0.253,0.703,327.3,16.2,5.51,46.74
Maharashtra,Pune,Sugarcane,Kharif,2.95,Loamy,0.454,0.839,502.4,38.0,2.67,55.33
Karnataka,Belagavi,Cotton,Kharif,12.79,Loamy,0.276,0.772,783.0,23.7,4.45,81.76
Haryana,Hisar,Wheat,Rabi,9.49,Black,0.665,0.593,863.9,30.2,5.54,100.0
Haryana,Hisar,Sugarcane,Kharif,10.64,Black,0.89,0.253,457.2,21.0,4.15,67.09
Maharashtra,Nagpur,Rice,Kharif,11.9,Black,0.842,0.678,280.6,30.2,5.85,85.3
Punjab,Ludhiana,Wheat,Kharif,4.36,Alluvial,0.509,0.791,930.7,27.2,3.83,100.0
Maharashtra,Pune,Cotton,Rabi,13.77,Red,0.474,0.504,717.4,31.6,2.91,72.41
Maharashtra,Nagpur,Wheat,Rabi,9.28,Red,0.507,0.528,481.8,37.5,1.44,43.23
Haryana,Karnal,Wheat,Kharif,7.37,Alluvial,0.651,0.835,588.1,35.0,5.9,88.56
Maharashtra,Nagpur,Wheat,Kharif,10.0,Alluvial,0.683,0.205,811.0,27.3,3.6,86.18
Haryana,Hisar,Wheat,Rabi,12.14,Loamy,0.407,0.268,544.2,28.2,4.99,72.71
Maharashtra,Nagpur,Wheat,Kharif,12.79,Loamy,0.532,0.59,995.5,38.8,2.36,73.34
Haryana,Karnal,Maize,Rabi,9.71,Alluvial,0.7,0.5,741.2,18.6,1.81,64.31
Punjab,Amritsar,Wheat,Rabi,12.12,Loamy,0.363,0.528,920.2,29.6,2.05,78.97
Punjab,Ludhiana,Maize,Kharif,9.01,Red,0.522,0.465,262.1,32.2,4.59,57.55
Karnataka,Belagavi,Rice,Kharif,13.85,Loamy,0.313,0.413,867.3,20.0,1.02,53.75
Uttar Pradesh,Lucknow,Cotton,Kharif,6.97,Alluvial,0.794,0.437,897.7,30.4,3.64,97.0
Uttar Pradesh,Lucknow,Wheat,Rabi,6.98,Alluvial,0.837,0.544,536.2,25.4,4.95,89.25
Maharashtra,Pune,Maize,Kharif,13.23,Red,0.75,0.8,810.2,20.9,3.79,91.51
Uttar Pradesh,Lucknow,Sugarcane,Rabi,5.08,Loamy,0.8,0.828,629.6,27.5,4.56,100.0
Maharashtra,Nagpur,Wheat,Rabi,7.01,Loamy,0.843,0.84,520.6,18.4,5.07,82.68
Punjab,Ludhiana,Sugarcane,Kharif,11.78,Black,0.738,0.257,270.9,39.1,3.5,41.1
Punjab,Amritsar,Maize,Rabi,5.95,Alluvial,0.445,0.415,249.6,19.3,4.2,42.03
Haryana,Karnal,Cotton,Rabi,12.54,Loamy,0.88,0.444,326.4,30.0,4.88,78.62
Karnataka,Mysuru,Sugarcane,Kharif,13.7,Black,0.487,0.576,304.8,22.2,1.23,41.23
Uttar Pradesh,Lucknow,Sugarcane,Rabi,6.24,Alluvial,0.288,0.542,545.8,20.0,5.68,63.32
Karnataka,Belagavi,Rice,Rabi,8.74,Black,0.565,0.765,53.8,19.9,3.48,42.79
Haryana,Hisar,Maize,Rabi,1.19,Alluvial,0.806,0.319,934.2,27.0,2.7,94.4
Punjab,Amritsar,Sugarcane,Kharif,4.14,Red,0.852,0.246,804.0,25.9,1.89,81.42
Haryana,Hisar,Maize,Kharif,3.83,Loamy,0.351,0.48,439.6,26.1,5.34,69.17
Karnataka,Belagavi,Sugarcane,Rabi,12.62,Loamy,0.661,0.245,421.5,22.0,3.89,57.78
Karnataka,Mysuru,Maize,Rabi,5.18,Alluvial,0.501,0.536,930.0,16.3,1.98,63.94
Karnataka,Belagavi,Cotton,Kharif,11.26,Black,0.238,0.642,383.3,34.2,5.32,57.75
Uttar Pradesh,Lucknow,Cotton,Kharif,3.16,Loamy,0.826,0.304,654.0,37.3,5.56,78.41
Karnataka,Belagavi,Cotton,Kharif,8.34,Black,0.737,0.588,369.0,37.8,4.58,62.25
Uttar Pradesh,Lucknow,Sugarcane,Kharif,0.92,Loamy,0.857,0.23,633.8,32.3,1.54,66.54
Haryana,Karnal,Rice,Kharif,4.69,Red,0.512,0.574,977.4,39.6,1.49,65.39
Punjab,Ludhiana,Rice,Kharif,11.38,Loamy,0.815,0.664,361.3,38.1,5.42,70.09
Karnataka,Mysuru,Maize,Kharif,5.08,Black,0.377,0.561,997.3,35.1,4.65,86.13
Karnataka,Mysuru,Maize,Rabi,12.29,Alluvial,0.541,0.728,874.4,24.8,1.07,79.81
Punjab,Ludhiana,Maize,Rabi,2.17,Red,0.311,0.726,725.3,20.1,5.23,75.65
Maharashtra,Nagpur,Wheat,Kharif,9.56,Loamy,0.367,0.762,424.4,26.5,4.23,71.27
Karnataka,Mysuru,Rice,Kharif,9.52,Black,0.204,0.491,465.0,35.2,2.53,40.91
Punjab,Amritsar,Maize,Kharif,10.9,Black,0.644,0.257,159.0,24.4,4.72,53.31
Uttar Pradesh,Lucknow,Wheat,Kharif,3.03,Black,0.489,0.739,981.1,38.8,5.5,90.55
Haryana,Hisar,Wheat,Kharif,5.97,Black,0.476,0.522,673.4,21.5,1.11,55.93
Uttar Pradesh,Kanpur,Rice,Rabi,2.8,Red,0.788,0.808,138.3,37.7,2.37,47.14
Haryana,Karnal,Wheat,Rabi,14.82,Loamy,0.433,0.61,790.4,38.0,4.78,73.83
Uttar Pradesh,Lucknow,Cotton,Kharif,7.52,Loamy,0.417,0.851,318.4,22.2,2.17,51.04
Karnataka,Belagavi,Maize,Rabi,11.26,Red,0.769,0.338,83.9,39.4,1.07,22.11
Uttar Pradesh,Lucknow,Sugarcane,Rabi,3.27,Loamy,0.663,0.37,941.8,15.3,1.03,59.29
Maharashtra,Pune,Maize,Rabi,7.67,Alluvial,0.488,0.823,58.8,39.4,4.12,38.4
Uttar Pradesh,Lucknow,Wheat,Kharif,6.39,Black,0.29,0.357,749.4,31.9,5.84,77.94
Haryana,Hisar,Sugarcane,Rabi,8.89,Red,0.865,0.304,993.9,31.1,3.84,100.0
Uttar Pradesh,Kanpur,Maize,Rabi,6.73,Black,0.894,0.602,708.9,31.9,5.1,99.48
Haryana,Hisar,Rice,Rabi,5.72,Alluvial,0.434,0.427,709.9,29.7,2.01,68.01
Maharashtra,Nagpur,Wheat,Kharif,9.24,Alluvial,0.517,0.356,751.5,37.6,2.18,56.27
Haryana,Karnal,Rice,Kharif,11.7,Red,0.359,0.823,868.5,24.1,2.93,83.42
Punjab,Amritsar,Sugarcane,Kharif,8.91,Red,0.775,0.769,370.5,39.1,1.11,48.23
Uttar Pradesh,Kanpur,Maize,Kharif,1.16,Loamy,0.61,0.356,962.2,32.2,5.87,99.31
Maharashtra,Nagpur,Rice,Kharif,6.74,Alluvial,0.674,0.331,696.3,24.9,4.98,85.38
Haryana,Hisar,Cotton,Rabi,12.1,Loamy,0.388,0.438,921.2,33.9,4.28,80.19
Karnataka,Belagavi,Sugarcane,Rabi,10.74,Loamy,0.476,0.283,775.3,19.2,2.26,56.2
Karnataka,Mysuru,Rice,Kharif,14.14,Alluvial,0.351,0.896,751.0,24.8,1.65,74.09
Uttar Pradesh,Kanpur,Rice,Kharif,7.46,Alluvial,0.815,0.443,796.5,20.6,4.86,88.92
Haryana,Karnal,Cotton,Rabi,12.07,Black,0.248,0.347,196.7,19.8,1.52,18.39
Uttar Pradesh,Kanpur,Maize,Kharif,6.56,Black,0.573,0.894,555.3,29.3,5.98,97.47
Uttar Pradesh,Kanpur,Wheat,Rabi,13.12,Alluvial,0.353,0.519,859.7,35.6,5.46,80.41
Maharashtra,Pune,Maize,Rabi,6.69,Red,0.284,0.895,454.4,28.5,5.04,79.23
Haryana,Karnal,Maize,Kharif,9.64,Alluvial,0.506,0.52,827.5,28.7,5.43,97.84
Karnataka,Mysuru,Maize,Kharif,1.06,Red,0.219,0.258,465.7,20.9,5.92,52.8
Karnataka,Mysuru,Sugarcane,Rabi,3.51,Loamy,0.864,0.863,826.9,38.4,4.33,94.01
Maharashtra,Pune,Sugarcane,Rabi,6.89,Loamy,0.392,0.497,695.4,17.8,1.53,48.16
Haryana,Karnal,Sugarcane,Rabi,3.69,Loamy,0.555,0.228,909.5,35.5,4.63,78.75
Haryana,Karnal,Rice,Rabi,5.25,Loamy,0.889,0.254,341.1,24.6,3.47,65.07
Maharashtra,Pune,Rice,Kharif,7.8,Black,0.698,0.742,50.5,27.6,2.18,55.61
Maharashtra,Nagpur,Sugarcane,Kharif,5.67,Alluvial,0.858,0.368,140.3,16.7,3.52,41.25
Maharashtra,Pune,Maize,Kharif,4.46,Black,0.227,0.324,668.0,27.5,4.99,73.4
Uttar Pradesh,Kanpur,Maize,Kharif,0.73,Alluvial,0.877,0.365,707.9,22.3,3.61,81.87
Karnataka,Belagavi,Cotton,Kharif,9.19,Red,0.556,0.888,943.0,38.9,5.41,94.06
Uttar Pradesh,Kanpur,Maize,Rabi,2.71,Alluvial,0.457,0.339,262.3,21.2,4.2,44.98
Maharashtra,Nagpur,Maize,Kharif,3.63,Black,0.728,0.817,212.9,23.7,5.85,77.2
Karnataka,Belagavi,Wheat,Rabi,8.91,Red,0.736,0.39,683.7,23.8,3.87,80.65
Karnataka,Mysuru,Sugarcane,Rabi,4.19,Alluvial,0.499,0.831,481.8,19.9,1.8,55.13
Haryana,Karnal,Maize,Kharif,11.73,Red,0.281,0.591,439.1,34.9,1.22,38.87
Punjab,Amritsar,Rice,Rabi,1.6,Red,0.701,0.715,997.1,34.2,2.91,94.41
Maharashtra,Nagpur,Wheat,Kharif,4.1,Black,0.355,0.584,910.9,37.8,1.27,59.32
Maharashtra,Nagpur,Rice,Rabi,1.88,Black,0.472,0.611,599.3,28.6,2.69,74.01
Haryana,Hisar,Cotton,Kharif,5.02,Alluvial,0.612,0.227,729.7,28.2,4.62,86.28
Haryana,Karnal,Wheat,Rabi,7.99,Black,0.328,0.757,997.6,39.2,4.89,82.34
Karnataka,Mysuru,Sugarcane,Kharif,13.36,Red,0.372,0.479,362.7,34.3,5.58,58.43
Maharashtra,Nagpur,Maize,Rabi,7.86,Alluvial,0.651,0.524,954.2,23.3,3.64,92.4
Haryana,Karnal,Sugarcane,Rabi,12.71,Loamy,0.862,0.576,56.6,15.3,3.72,40.6
Karnataka,Mysuru,Maize,Kharif,5.71,Alluvial,0.799,0.832,524.5,26.2,4.81,95.44
Haryana,Hisar,Wheat,Kharif,7.35,Alluvial,0.485,0.447,451.9,31.8,3.17,58.99
Uttar Pradesh,Kanpur,Cotton,Kharif,11.05,Black,0.49,0.427,854.0,37.6,3.26,67.62
Uttar Pradesh,Kanpur,Sugarcane,Kharif,12.17,Loamy,0.562,0.68,919.0,28.5,3.52,99.22
Maharashtra,Pune,Sugarcane,Kharif,7.01,Black,0.314,0.266,499.3,26.6,4.27,61.16
Karnataka,Mysuru,Wheat,Kharif,7.31,Alluvial,0.595,0.212,800.0,22.4,3.26,71.22
Punjab,Ludhiana,Sugarcane,Rabi,12.78,Black,0.373,0.718,792.0,24.9,2.92,79.0
Karnataka,Mysuru,Wheat,Rabi,2.01,Black,0.527,0.337,204.2,20.1,3.46,38.58
Karnataka,Mysuru,Sugarcane,Rabi,13.37,Black,0.382,0.795,235.1,25.3,3.79,58.55
Haryana,Hisar,Rice,Rabi,5.68,Alluvial,0.743,0.656,272.7,18.6,4.15,57.99
Uttar Pradesh,Lucknow,Maize,Kharif,4.89,Alluvial,0.276,0.583,775.5,29.4,5.13,85.86
Karnataka,Belagavi,Cotton,Kharif,10.3,Black,0.687,0.71,668.9,17.4,4.48,76.44
Punjab,Amritsar,Maize,Kharif,10.46,Black,0.56,0.808,997.0,34.5,4.06,96.95
Haryana,Karnal,Maize,Rabi,13.31,Red,0.696,0.369,892.4,30.9,5.77,100.0
Haryana,Hisar,Cotton,Rabi,14.36,Loamy,0.896,0.597,215.1,19.1,4.82,63.34
Karnataka,Belagavi,Wheat,Rabi,1.57,Alluvial,0.485,0.436,795.9,25.3,4.42,84.37
Karnataka,Belagavi,Cotton,Rabi,2.46,Red,0.618,0.397,634.2,17.1,1.58,49.36
Karnataka,Mysuru,Rice,Kharif,12.49,Loamy,0.331,0.452,577.7,36.7,3.09,49.82
Uttar Pradesh,Lucknow,Cotton,Kharif,10.78,Loamy,0.374,0.776,308.7,39.8,2.58,37.23
Haryana,Karnal,Wheat,Kharif,3.78,Alluvial,0.795,0.416,371.6,19.9,5.81,69.66
Maharashtra,Pune,Wheat,Kharif,4.11,Red,0.805,0.375,130.2,35.5,4.86,53.36
Karnataka,Belagavi,Cotton,Kharif,1.16,Loamy,0.275,0.77,642.4,19.8,3.02,59.7
Punjab,Amritsar,Cotton,Rabi,4.4,Alluvial,0.848,0.403,428.5,36.0,3.19,61.13
Karnataka,Mysuru,Wheat,Rabi,6.05,Loamy,0.868,0.25,438.0,31.2,1.39,59.08
Karnataka,Mysuru,Wheat,Rabi,0.55,Alluvial,0.277,0.446,129.4,36.1,5.32,37.71
Uttar Pradesh,Lucknow,Cotton,Rabi,3.17,Alluvial,0.397,0.561,748.3,17.4,2.48,56.53
Karnataka,Mysuru,Maize,Kharif,14.88,Red,0.569,0.402,801.2,19.0,2.26,63.33
Punjab,Amritsar,Rice,Rabi,0.62,Alluvial,0.291,0.34,617.3,19.9,2.83,47.5
Punjab,Ludhiana,Wheat,Kharif,10.11,Loamy,0.204,0.3,262.1,21.8,1.73,23.99
Karnataka,Mysuru,Maize,Kharif,11.92,Alluvial,0.602,0.263,895.6,39.1,2.01,60.27
Maharashtra,Nagpur,Rice,Rabi,12.51,Black,0.517,0.799,832.4,37.3,1.24,67.29
Uttar Pradesh,Kanpur,Wheat,Rabi,12.09,Black,0.866,0.823,484.5,30.9,2.15,80.06
Karnataka,Mysuru,Rice,Rabi,1.5,Black,0.302,0.582,108.7,37.0,1.71,21.11
Karnataka,Belagavi,Sugarcane,Kharif,11.59,Red,0.55,0.708,529.9,29.8,4.8,83.84
Maharashtra,Pune,Cotton,Rabi,1.86,Black,0.397,0.643,257.5,31.2,5.62,64.54
Punjab,Ludhiana,Rice,Kharif,0.78,Alluvial,0.525,0.831,263.1,15.8,3.17,43.76
Haryana,Karnal,Maize,Rabi,10.21,Alluvial,0.378,0.726,195.5,24.9,4.28,56.35
Karnataka,Belagavi,Sugarcane,Rabi,7.31,Loamy,0.712,0.52,98.8,32.3,4.21,55.31
Maharashtra,Pune,Wheat,Rabi,9.91,Red,0.697,0.651,781.5,24.0,1.9,81.25
Uttar Pradesh,Kanpur,Sugarcane,Kharif,1.47,Loamy,0.847,0.385,398.4,16.2,4.27,56.94
Uttar Pradesh,Kanpur,Rice,Kharif,8.47,Loamy,0.328,0.789,425.4,37.5,2.3,44.97
Maharashtra,Nagpur,Cotton,Kharif,13.1,Black,0.602,0.355,433.2,39.4,4.04,49.0
Karnataka,Belagavi,Rice,Rabi,5.72,Alluvial,0.426,0.859,89.5,34.2,3.42,45.56
Maharashtra,Nagpur,Cotton,Kharif,12.11,Red,0.701,0.754,939.9,30.6,5.49,100.0
Haryana,Hisar,Rice,Rabi,11.24,Loamy,0.745,0.782,347.2,32.0,2.52,67.59
Maharashtra,Nagpur,Maize,Kharif,6.53,Red,0.313,0.325,123.7,30.5,5.24,46.47
Haryana,Hisar,Rice,Kharif,11.2,Black,0.31,0.39,270.4,25.0,2.12,38.72
Punjab,Amritsar,Wheat,Rabi,1.68,Alluvial,0.646,0.534,937.8,22.2,4.63,94.4
Haryana,Hisar,Rice,Rabi,7.62,Alluvial,0.675,0.302,294.9,29.7,2.6,55.52
Maharashtra,Pune,Wheat,Kharif,9.92,Loamy,0.495,0.439,139.4,20.5,2.12,30.87
Haryana,Hisar,Cotton,Kharif,10.64,Loamy,0.322,0.65,614.4,33.9,2.49,58.89
Haryana,Hisar,Cotton,Rabi,10.96,Loamy,0.503,0.755,678.6,25.3,3.52,82.61
Uttar Pradesh,Kanpur,Wheat,Kharif,1.67,Loamy,0.338,0.885,854.9,37.8,1.71,65.65
Karnataka,Belagavi,Rice,Rabi,13.25,Loamy,0.376,0.216,179.0,31.5,5.89,49.96
Haryana,Hisar,Maize,Rabi,7.2,Alluvial,0.819,0.407,582.6,33.6,3.98,76.67
Haryana,Hisar,Wheat,Rabi,8.67,Red,0.758,0.293,119.1,19.7,4.73,46.86
Punjab,Ludhiana,Cotton,Kharif,9.77,Alluvial,0.881,0.863,269.5,19.3,3.8,67.48
Uttar Pradesh,Kanpur,Rice,Rabi,13.02,Black,0.38,0.6,851.7,38.0,3.43,68.03
Haryana,Hisar,Maize,Rabi,1.86,Alluvial,0.396,0.425,970.3,31.7,3.13,81.25
Uttar Pradesh,Lucknow,Maize,Kharif,4.92,Loamy,0.537,0.697,250.0,33.5,3.74,56.42
Haryana,Hisar,Wheat,Kharif,4.75,Red,0.635,0.487,188.1,32.2,1.65,43.65
Maharashtra,Pune,Cotton,Kharif,9.65,Red,0.493,0.477,705.7,33.5,3.55,71.22
Uttar Pradesh,Lucknow,Cotton,Rabi,2.09,Alluvial,0.561,0.476,542.6,26.0,3.84,73.87
Uttar Pradesh,Lucknow,Maize,Kharif,2.82,Black,0.451,0.363,350.1,29.5,2.82,53.47
Karnataka,Mysuru,Cotton,Kharif,1.44,Red,0.328,0.541,377.6,20.1,1.73,36.74
Uttar Pradesh,Lucknow,Maize,Rabi,3.79,Black,0.88,0.766,588.5,20.9,1.07,70.53
Uttar Pradesh,Lucknow,Rice,Kharif,2.26,Red,0.538,0.468,536.7,37.2,5.95,68.72
Maharashtra,Nagpur,Sugarcane,Rabi,8.43,Alluvial,0.845,0.842,924.5,16.9,1.6,82.65
Haryana,Hisar,Wheat,Kharif,11.66,Red,0.385,0.709,845.4,34.6,2.37,72.12
Karnataka,Belagavi,Rice,Kharif,13.49,Loamy,0.804,0.308,513.6,27.0,5.49,86.97
Maharashtra,Pune,Rice,Rabi,12.06,Black,0.424,0.652,189.6,23.5,5.55,59.37
Uttar Pradesh,Lucknow,Cotton,Kharif,5.35,Black,0.694,0.69,994.0,26.7,4.69,100.0
Karnataka,Belagavi,Rice,Rabi,12.17,Black,0.825,0.236,550.8,17.7,2.0,51.71
Uttar Pradesh,Kanpur,Wheat,Rabi,6.55,Black,0.429,0.618,826.8,26.9,4.69,93.05
Karnataka,Mysuru,Sugarcane,Rabi,6.22,Alluvial,0.469,0.272,825.3,34.2,4.15,72.83
Uttar Pradesh,Lucknow,Sugarcane,Rabi,6.79,Black,0.358,0.445,669.7,37.3,2.93,53.19
Haryana,Karnal,Wheat,Kharif,4.12,Loamy,0.229,0.343,240.6,16.6,4.63,28.97
Uttar Pradesh,Kanpur,Wheat,Rabi,9.77,Red,0.814,0.567,404.8,36.7,2.55,58.25
Haryana,Hisar,Cotton,Kharif,12.07,Alluvial,0.88,0.788,913.7,32.7,5.52,100.0
Maharashtra,Pune,Rice,Rabi,11.5,Alluvial,0.774,0.846,459.4,39.6,2.08,58.41
Uttar Pradesh,Kanpur,Wheat,Rabi,12.4,Black,0.237,0.571,559.9,30.7,5.05,70.41
Haryana,Karnal,Cotton,Kharif,11.05,Alluvial,0.544,0.247,895.7,37.3,2.61,64.45
Karnataka,Belagavi,Wheat,Kharif,5.31,Alluvial,0.883,0.699,409.9,31.0,3.86,82.17
Maharashtra,Nagpur,Cotton,Kharif,9.99,Black,0.835,0.895,723.8,38.2,5.29,93.84
Uttar Pradesh,Lucknow,Wheat,Kharif,5.28,Loamy,0.648,0.569,565.3,34.9,1.97,61.22
Maharashtra,Pune,Rice,Rabi,9.23,Loamy,0.515,0.673,224.4,25.0,1.34,46.77
Punjab,Ludhiana,Cotton,Kharif,11.74,Red,0.349,0.391,241.5,22.4,1.55,30.61
Uttar Pradesh,Kanpur,Cotton,Kharif,13.75,Alluvial,0.44,0.668,968.3,24.8,4.4,96.12
Uttar Pradesh,Lucknow,Wheat,Kharif,7.15,Loamy,0.659,0.791,290.7,22.0,5.43,72.53
Haryana,Karnal,Wheat,Kharif,11.41,Alluvial,0.506,0.633,133.2,27.4,5.65,67.24
Karnataka,Belagavi,Sugarcane,Rabi,10.61,Black,0.438,0.245,530.2,30.0,1.03,49.11
Haryana,Karnal,Maize,Rabi,3.18,Alluvial,0.802,0.861,126.0,34.1,3.27,60.04
Uttar Pradesh,Kanpur,Sugarcane,Kharif,10.9,Red,0.502,0.214,663.8,30.8,1.55,58.26
Karnataka,Mysuru,Maize,Kharif,7.19,Red,0.768,0.777,771.3,24.1,1.36,83.87
Uttar Pradesh,Kanpur,Maize,Kharif,9.02,Alluvial,0.645,0.488,96.2,30.7,5.67,62.54
Haryana,Karnal,Wheat,Rabi,12.59,Red,0.781,0.862,585.6,36.6,5.12,86.57
Karnataka,Belagavi,Maize,Rabi,9.77,Red,0.867,0.313,756.8,23.0,5.09,91.46
Uttar Pradesh,Lucknow,Maize,Kharif,6.45,Loamy,0.208,0.755,438.0,31.8,1.53,48.1
Punjab,Ludhiana,Sugarcane,Kharif,10.75,Black,0.285,0.605,914.4,35.0,3.09,72.27
Haryana,Karnal,Cotton,Kharif,11.37,Black,0.363,0.561,742.3,31.1,1.78,66.55
Maharashtra,Nagpur,Cotton,Rabi,14.9,Alluvial,0.618,0.432,261.9,21.9,1.25,39.57
Haryana,Hisar,Maize,Rabi,11.14,Black,0.549,0.437,644.2,35.9,1.31,53.1
Punjab,Amritsar,Sugarcane,Kharif,8.62,Alluvial,0.297,0.841,497.9,18.6,4.56,60.31
Punjab,Ludhiana,Maize,Rabi,14.63,Loamy,0.26,0.353,472.0,39.8,3.44,35.13
Uttar Pradesh,Lucknow,Sugarcane,Kharif,2.68,Alluvial,0.337,0.423,533.5,18.1,2.51,41.8
Punjab,Ludhiana,Cotton,Rabi,8.72,Black,0.478,0.252,394.7,25.2,5.48,64.56
Punjab,Amritsar,Maize,Rabi,5.95,Alluvial,0.289,0.736,931.5,38.8,4.35,75.24
Uttar Pradesh,Lucknow,Cotton,Rabi,12.43,Red,0.462,0.842,358.1,28.3,5.81,83.57
Uttar Pradesh,Lucknow,Cotton,Kharif,1.47,Black,0.299,0.416,91.4,22.7,1.3,21.34
Haryana,Hisar,Maize,Kharif,3.92,Black,0.367,0.681,866.4,24.7,5.38,93.49
Karnataka,Belagavi,Maize,Kharif,5.82,Loamy,0.671,0.366,715.9,23.7,3.28,76.23
Karnataka,Belagavi,Sugarcane,Rabi,5.76,Black,0.734,0.792,829.9,31.3,4.59,100.0
Karnataka,Mysuru,Sugarcane,Kharif,2.81,Red,0.417,0.345,393.4,27.2,5.8,70.29
Haryana,Karnal,Wheat,Rabi,9.57,Alluvial,0.416,0.47,340.5,29.9,2.66,52.84
Karnataka,Mysuru,Cotton,Kharif,6.06,Red,0.248,0.567,617.2,33.4,2.7,56.42
Uttar Pradesh,Kanpur,Sugarcane,Kharif,5.47,Red,0.41,0.68,815.2,24.5,4.73,88.76
Uttar Pradesh,Lucknow,Rice,Kharif,7.77,Red,0.636,0.296,353.1,24.4,2.57,52.96
Karnataka,Belagavi,Cotton,Kharif,3.93,Red,0.385,0.358,703.6,23.7,3.03,64.16
Uttar Pradesh,Kanpur,Rice,Rabi,5.17,Alluvial,0.409,0.414,820.8,35.8,2.65,63.36
Haryana,Karnal,Maize,Kharif,2.8,Alluvial,0.863,0.777,973.6,19.5,2.07,91.66
Punjab,Ludhiana,Sugarcane,Rabi,8.73,Loamy,0.756,0.243,625.3,35.9,2.86,62.3
Maharashtra,Pune,Rice,Kharif,6.09,Alluvial,0.407,0.212,236.2,24.9,1.99,35.1
Karnataka,Mysuru,Cotton,Rabi,10.4,Alluvial,0.469,0.808,204.2,37.1,2.71,42.18
Karnataka,Mysuru,Wheat,Rabi,7.47,Loamy,0.59,0.789,246.5,39.7,5.5,56.8
Haryana,Hisar,Cotton,Kharif,8.88,Black,0.892,0.684,934.9,17.9,1.31,81.42
Uttar Pradesh,Kanpur,Rice,Rabi,8.03,Black,0.603,0.722,972.8,37.0,1.59,77.75
Karnataka,Mysuru,Sugarcane,Kharif,0.97,Loamy,0.431,0.217,523.9,27.6,1.27,52.26
Haryana,Hisar,Sugarcane,Kharif,5.54,Loamy,0.378,0.37,144.8,35.4,1.43,22.07
Haryana,Karnal,Maize,Rabi,10.67,Loamy,0.537,0.379,360.0,16.8,2.46,36.17
Karnataka,Mysuru,Rice,Kharif,11.51,Red,0.587,0.749,712.6,37.7,5.43,82.65
Haryana,Hisar,Wheat,Rabi,7.85,Black,0.551,0.627,226.8,31.4,3.28,55.9
Karnataka,Mysuru,Sugarcane,Rabi,3.55,Black,0.813,0.542,263.7,16.0,4.38,53.09
Haryana,Karnal,Rice,Rabi,13.27,Alluvial,0.844,0.777,112.1,26.1,2.72,64.37
Karnataka,Belagavi,Wheat,Kharif,5.55,Black,0.716,0.659,234.5,23.9,2.32,56.66
Maharashtra,Nagpur,Wheat,Rabi,5.89,Red,0.802,0.532,106.7,17.8,5.07,51.65
Karnataka,Belagavi,Maize,Kharif,11.53,Loamy,0.659,0.363,975.2,29.3,5.53,100.0
Karnataka,Mysuru,Maize,Rabi,6.75,Loamy,0.696,0.612,795.6,15.3,4.44,76.24
Punjab,Amritsar,Sugarcane,Rabi,11.7,Loamy,0.379,0.334,409.1,24.8,5.37,62.52
Uttar Pradesh,Kanpur,Sugarcane,Kharif,6.84,Loamy,0.346,0.67,426.4,18.3,1.64,38.98
Haryana,Hisar,Rice,Rabi,4.24,Alluvial,0.314,0.87,720.0,20.8,2.04,64.54
Uttar Pradesh,Lucknow,Cotton,Rabi,4.59,Alluvial,0.259,0.684,629.2,40.0,5.01,58.67
Uttar Pradesh,Lucknow,Maize,Rabi,7.95,Alluvial,0.391,0.347,330.5,36.2,2.9,36.98
Punjab,Amritsar,Cotton,Kharif,9.11,Red,0.812,0.487,305.9,27.3,4.59,77.44
Karnataka,Belagavi,Rice,Kharif,10.96,Loamy,0.48,0.749,667.0,29.5,5.51,93.43
Maharashtra,Nagpur,Cotton,Rabi,2.88,Alluvial,0.793,0.292,83.5,24.9,5.9,62.53
Uttar Pradesh,Kanpur,Maize,Kharif,5.03,Alluvial,0.702,0.34,487.1,21.6,3.26,60.92
Punjab,Ludhiana,Maize,Kharif,13.96,Black,0.385,0.368,633.1,30.5,1.23,55.48
Haryana,Hisar,Sugarcane,Rabi,4.55,Red,0.316,0.518,256.6,37.5,2.52,30.44
Punjab,Ludhiana,Rice,Kharif,3.56,Loamy,0.591,0.865,628.3,22.6,4.19,83.88
Karnataka,Mysuru,Maize,Kharif,4.45,Loamy,0.251,0.538,873.9,18.0,5.65,74.18
Uttar Pradesh,Kanpur,Rice,Kharif,14.52,Alluvial,0.711,0.703,136.0,38.2,3.35,45.61
Uttar Pradesh,Lucknow,Wheat,Kharif,6.3,Black,0.699,0.23,172.6,17.7,3.93,37.9
Karnataka,Mysuru,Wheat,Rabi,3.82,Alluvial,0.309,0.361,518.4,35.0,2.77,45.61
Karnataka,Mysuru,Maize,Kharif,13.3,Loamy,0.867,0.227,106.2,17.3,4.88,44.33
Uttar Pradesh,Kanpur,Cotton,Kharif,8.03,Black,0.471,0.528,653.6,38.3,3.98,61.67
Uttar Pradesh,Kanpur,Wheat,Kharif,5.54,Red,0.648,0.512,127.4,24.4,5.97,64.5
Maharashtra,Nagpur,Sugarcane,Rabi,12.3,Red,0.801,0.283,319.1,33.3,5.04,65.67
Punjab,Amritsar,Cotton,Kharif,8.2,Black,0.238,0.867,802.9,18.7,5.91,81.1
Maharashtra,Nagpur,Rice,Kharif,8.63,Red,0.252,0.581,575.1,36.9,4.63,57.45
Haryana,Karnal,Maize,Rabi,7.04,Red,0.333,0.609,236.6,35.1,2.53,37.16
Punjab,Amritsar,Rice,Kharif,6.49,Alluvial,0.441,0.554,108.4,18.9,2.1,27.01
Karnataka,Belagavi,Cotton,Rabi,4.51,Red,0.861,0.26,570.1,28.1,4.63,88.09
Uttar Pradesh,Kanpur,Cotton,Rabi,4.64,Loamy,0.436,0.444,239.0,38.2,1.87,27.26
Maharashtra,Nagpur,Rice,Kharif,12.4,Loamy,0.646,0.658,130.4,38.8,1.53,31.63
Maharashtra,Pune,Sugarcane,Rabi,13.58,Red,0.465,0.22,746.7,34.8,3.71,64.06
Karnataka,Belagavi,Wheat,Rabi,1.23,Red,0.536,0.304,461.6,33.7,3.29,54.49
Uttar Pradesh,Kanpur,Rice,Kharif,8.31,Alluvial,0.203,0.83,191.1,26.3,3.38,50.91
Karnataka,Belagavi,Sugarcane,Rabi,4.86,Alluvial,0.487,0.595,404.7,34.4,5.42,66.45
Karnataka,Belagavi,Rice,Kharif,8.96,Black,0.539,0.434,140.1,29.0,1.56,42.52
Karnataka,Mysuru,Rice,Rabi,8.21,Loamy,0.723,0.489,686.6,27.2,3.19,86.21
Karnataka,Belagavi,Wheat,Kharif,12.53,Loamy,0.691,0.893,938.7,28.3,4.75,100.0
Haryana,Karnal,Cotton,Rabi,11.95,Alluvial,0.823,0.692,106.9,31.8,2.2,54.85
Karnataka,Belagavi,Sugarcane,Kharif,10.65,Red,0.393,0.857,84.2,39.5,1.29,22.84
Karnataka,Mysuru,Maize,Rabi,2.08,Loamy,0.235,0.822,141.0,34.9,4.74,45.73
Maharashtra,Pune,Rice,Rabi,12.09,Black,0.31,0.331,979.5,32.9,2.25,69.55
Karnataka,Mysuru,Maize,Rabi,5.18,Alluvial,0.73,0.755,710.6,15.8,3.95,75.31
Uttar Pradesh,Lucknow,Rice,Rabi,4.39,Alluvial,0.839,0.409,577.4,35.7,3.01,68.11
Karnataka,Mysuru,Wheat,Kharif,0.72,Alluvial,0.686,0.362,865.3,26.7,3.65,91.97
Punjab,Ludhiana,Sugarcane,Kharif,10.84,Red,0.303,0.439,69.2,33.0,5.4,42.04
Karnataka,Belagavi,Maize,Rabi,2.49,Red,0.507,0.303,906.6,35.1,1.36,63.25
Uttar Pradesh,Lucknow,Maize,Kharif,14.21,Alluvial,0.898,0.883,439.6,21.3,4.79,86.03
Uttar Pradesh,Kanpur,Cotton,Rabi,7.87,Black,0.595,0.86,303.3,38.4,5.02,61.79
Haryana,Karnal,Cotton,Rabi,2.42,Alluvial,0.518,0.33,232.5,17.5,3.16,32.8
Uttar Pradesh,Kanpur,Maize,Rabi,4.58,Loamy,0.267,0.527,610.6,16.2,3.01,44.5
Punjab,Amritsar,Maize,Rabi,13.71,Black,0.264,0.455,803.5,32.6,1.13,57.24
Maharashtra,Nagpur,Rice,Rabi,2.82,Alluvial,0.483,0.589,78.1,30.7,2.98,45.04
Haryana,Karnal,Sugarcane,Kharif,5.46,Black,0.571,0.471,715.6,29.6,1.41,71.39
Karnataka,Mysuru,Sugarcane,Rabi,13.2,Red,0.79,0.323,909.1,26.0,4.62,100.0
Punjab,Ludhiana,Wheat,Rabi,13.77,Black,0.362,0.38,393.5,36.5,5.69,53.3
Punjab,Amritsar,Wheat,Kharif,14.57,Red,0.618,0.205,82.4,18.7,1.94,21.97
Punjab,Ludhiana,Rice,Rabi,1.53,Loamy,0.685,0.438,286.6,32.2,5.85,70.1
Haryana,Karnal,Cotton,Kharif,12.15,Alluvial,0.806,0.609,397.7,31.3,2.53,69.37
Uttar Pradesh,Kanpur,Sugarcane,Rabi,5.34,Alluvial,0.727,0.39,648.4,15.6,4.14,63.52
Haryana,Karnal,Rice,Rabi,3.56,Black,0.228,0.303,967.3,26.6,5.27,87.47
Maharashtra,Nagpur,Sugarcane,Kharif,4.12,Loamy,0.505,0.641,212.9,34.1,2.82,46.25
Karnataka,Belagavi,Cotton,Kharif,11.98,Loamy,0.509,0.564,987.1,39.2,3.07,74.22
Haryana,Hisar,Cotton,Rabi,11.64,Black,0.505,0.324,770.9,37.9,5.67,72.87
Haryana,Hisar,Sugarcane,Kharif,12.0,Black,0.862,0.823,764.2,15.1,3.04,78.36
Karnataka,Mysuru,Rice,Kharif,4.43,Alluvial,0.478,0.509,637.9,37.5,2.65,55.6
Karnataka,Mysuru,Sugarcane,Rabi,14.37,Black,0.402,0.244,415.6,24.2,3.35,50.1
Karnataka,Mysuru,Cotton,Rabi,8.57,Black,0.784,0.487,636.4,37.5,4.95,77.19
Maharashtra,Pune,Sugarcane,Rabi,2.21,Red,0.656,0.246,145.3,23.3,2.86,41.27
Karnataka,Belagavi,Rice,Rabi,7.11,Alluvial,0.561,0.564,952.9,31.2,2.39,86.93
Uttar Pradesh,Kanpur,Rice,Rabi,12.58,Alluvial,0.584,0.8,538.8,37.7,2.27,59.33
Punjab,Amritsar,Maize,Kharif,13.75,Alluvial,0.308,0.24,508.2,19.7,5.69,54.04
Uttar Pradesh,Lucknow,Rice,Rabi,6.07,Loamy,0.265,0.412,523.1,19.6,3.33,45.58
Punjab,Ludhiana,Maize,Kharif,13.44,Alluvial,0.302,0.594,972.4,23.6,4.71,88.79
Haryana,Karnal,Sugarcane,Kharif,3.08,Red,0.321,0.631,585.4,19.4,5.95,68.83
Haryana,Hisar,Cotton,Rabi,9.92,Black,0.814,0.47,780.8,19.0,4.51,83.83
Punjab,Ludhiana,Rice,Kharif,9.3,Black,0.393,0.499,510.3,32.2,4.87,67.69
Uttar Pradesh,Lucknow,Maize,Kharif,4.27,Alluvial,0.337,0.42,479.7,36.3,4.89,54.13
Karnataka,Belagavi,Rice,Rabi,14.0,Red,0.642,0.502,588.6,35.7,2.63,62.2
Uttar Pradesh,Kanpur,Maize,Rabi,12.84,Black,0.726,0.664,450.7,33.3,4.62,77.05
Punjab,Ludhiana,Wheat,Rabi,7.94,Red,0.575,0.338,282.5,37.6,5.2,49.5
Karnataka,Belagavi,Rice,Rabi,7.15,Loamy,0.247,0.878,973.7,30.3,2.96,89.48
Uttar Pradesh,Kanpur,Rice,Rabi,6.9,Loamy,0.716,0.477,80.4,27.7,4.69,63.85
Maharashtra,Pune,Cotton,Kharif,7.02,Black,0.37,0.646,205.4,22.1,4.91,52.12
Maharashtra,Pune,Rice,Kharif,7.22,Loamy,0.41,0.365,926.2,33.7,2.67,71.73
Punjab,Amritsar,Sugarcane,Kharif,4.34,Red,0.34,0.809,220.2,22.7,3.72,51.13
Punjab,Ludhiana,Maize,Kharif,3.15,Black,0.68,0.447,981.5,22.5,1.04,78.25
Uttar Pradesh,Lucknow,Wheat,Kharif,13.21,Black,0.791,0.344,840.7,19.4,5.32,87.72
Punjab,Amritsar,Maize,Rabi,2.01,Red,0.228,0.431,830.3,26.6,2.12,68.07
Karnataka,Belagavi,Sugarcane,Rabi,11.11,Black,0.529,0.696,445.4,37.2,5.92,69.38
Uttar Pradesh,Kanpur,Wheat,Rabi,1.88,Alluvial,0.714,0.72,602.4,27.2,2.61,84.56
Punjab,Ludhiana,Cotton,Rabi,8.98,Red,0.395,0.527,581.0,37.1,3.9,57.35
Karnataka,Belagavi,Rice,Kharif,7.39,Alluvial,0.486,0.448,147.6,28.6,2.51,46.94
Maharashtra,Nagpur,Sugarcane,Rabi,6.95,Black,0.523,0.687,384.8,35.5,2.71,53.27
Haryana,Hisar,Wheat,Kharif,1.61,Loamy,0.454,0.387,267.9,16.5,1.95,25.71
Punjab,Ludhiana,Sugarcane,Rabi,0.52,Loamy,0.447,0.8,76.0,15.1,2.41,25.69
Haryana,Hisar,Sugarcane,Rabi,4.03,Alluvial,0.771,0.274,513.0,30.9,1.52,61.29
Uttar Pradesh,Kanpur,Sugarcane,Rabi,3.91,Loamy,0.405,0.599,984.0,20.4,5.93,92.8
Uttar Pradesh,Lucknow,Maize,Kharif,0.53,Red,0.395,0.56,681.1,20.7,1.69,55.73
Punjab,Ludhiana,Wheat,Rabi,2.77,Loamy,0.231,0.8,258.8,35.5,3.19,41.97
Uttar Pradesh,Kanpur,Wheat,Rabi,4.7,Alluvial,0.267,0.836,623.4,21.0,3.1,62.91
Haryana,Hisar,Wheat,Rabi,11.03,Black,0.257,0.289,898.0,34.2,5.98,78.62
Uttar Pradesh,Kanpur,Rice,Kharif,9.53,Loamy,0.281,0.289,118.3,32.3,3.47,31.73
Maharashtra,Nagpur,Wheat,Rabi,7.12,Red,0.279,0.895,71.7,28.7,2.55,47.08
Punjab,Amritsar,Rice,Rabi,0.67,Black,0.678,0.791,495.8,35.7,4.91,77.44
Haryana,Karnal,Sugarcane,Kharif,9.9,Red,0.759,0.586,213.3,39.5,1.91,38.43
Maharashtra,Nagpur,Cotton,Kharif,13.73,Red,0.239,0.864,240.8,22.6,3.45,48.46
Haryana,Hisar,Sugarcane,Rabi,9.29,Alluvial,0.705,0.262,646.4,26.3,5.43,87.29
Maharashtra,Pune,Sugarcane,Rabi,1.1,Black,0.309,0.29,213.2,15.3,5.29,29.77
Maharashtra,Pune,Rice,Rabi,1.57,Alluvial,0.392,0.796,756.5,29.1,3.4,86.25
Karnataka,Mysuru,Cotton,Kharif,2.92,Red,0.769,0.442,528.1,30.2,3.44,77.17
Karnataka,Belagavi,Maize,Kharif,9.74,Alluvial,0.866,0.265,107.7,30.1,5.83,67.27
Maharashtra,Pune,Sugarcane,Rabi,6.44,Alluvial,0.711,0.383,124.2,23.6,2.5,44.37
Punjab,Ludhiana,Sugarcane,Kharif,13.67,Red,0.615,0.52,940.3,17.4,4.95,85.09
Punjab,Amritsar,Maize,Kharif,8.01,Loamy,0.216,0.22,364.0,34.5,2.44,30.46
Haryana,Hisar,Wheat,Kharif,12.78,Black,0.386,0.236,161.5,38.8,3.26,22.19
Maharashtra,Pune,Cotton,Rabi,0.76,Black,0.25,0.309,102.0,25.0,2.68,28.98
Punjab,Ludhiana,Sugarcane,Kharif,4.55,Loamy,0.792,0.242,955.4,17.5,4.94,85.24
Maharashtra,Nagpur,Rice,Rabi,10.96,Loamy,0.512,0.899,630.8,17.6,3.1,66.64
Karnataka,Belagavi,Maize,Rabi,14.33,Loamy,0.342,0.766,400.5,39.6,2.84,42.14
Uttar Pradesh,Lucknow,Maize,Rabi,3.68,Red,0.439,0.345,933.5,15.2,3.92,64.66
Uttar Pradesh,Lucknow,Maize,Kharif,8.29,Loamy,0.594,0.823,387.8,20.2,3.28,61.55
Punjab,Ludhiana,Maize,Rabi,9.45,Alluvial,0.799,0.316,905.8,30.0,1.16,82.95
Karnataka,Mysuru,Sugarcane,Kharif,14.08,Red,0.544,0.277,493.1,28.9,4.16,69.62
Punjab,Ludhiana,Sugarcane,Kharif,2.15,Alluvial,0.35,0.322,388.2,36.9,3.19,37.86
Karnataka,Mysuru,Cotton,Kharif,8.08,Red,0.819,0.845,438.8,22.1,1.49,67.38
Maharashtra,Nagpur,Maize,Rabi,10.18,Loamy,0.279,0.3,491.2,38.8,2.8,34.23
Maharashtra,Nagpur,Sugarcane,Kharif,9.21,Black,0.802,0.202,230.4,20.5,5.75,58.39
Karnataka,Belagavi,Rice,Kharif,14.17,Alluvial,0.212,0.506,685.4,20.4,4.63,62.29
Punjab,Amritsar,Rice,Kharif,1.57,Black,0.87,0.84,930.1,39.5,1.92,84.56
Karnataka,Mysuru,Maize,Rabi,5.32,Red,0.382,0.234,435.4,30.6,5.41,62.84
Uttar Pradesh,Lucknow,Sugarcane,Rabi,6.0,Loamy,0.758,0.334,739.1,27.3,6.0,100.0
Uttar Pradesh,Lucknow,Wheat,Rabi,5.67,Loamy,0.6,0.837,977.5,20.7,1.96,86.0
Maharashtra,Nagpur,Rice,Kharif,3.83,Alluvial,0.346,0.581,849.9,33.7,4.62,80.83
Punjab,Ludhiana,Cotton,Kharif,5.57,Black,0.88,0.844,240.6,33.1,3.9,73.23
Haryana,Karnal,Cotton,Rabi,14.04,Black,0.516,0.374,350.6,33.8,4.2,54.34
Haryana,Hisar,Sugarcane,Kharif,6.25,Alluvial,0.332,0.684,362.9,23.2,2.35,49.01
Uttar Pradesh,Lucknow,Maize,Rabi,12.17,Black,0.635,0.396,748.1,16.0,4.99,70.48
Karnataka,Belagavi,Rice,Rabi,14.96,Alluvial,0.729,0.714,110.8,25.0,1.43,50.05
Haryana,Karnal,Cotton,Kharif,4.6,Loamy,0.636,0.315,386.3,38.7,4.74,51.75
Punjab,Amritsar,Sugarcane,Rabi,4.75,Alluvial,0.384,0.606,721.2,15.8,3.84,59.45
Karnataka,Mysuru,Cotton,Rabi,12.62,Red,0.348,0.4,877.2,37.2,4.2,68.64
Karnataka,Belagavi,Wheat,Rabi,3.48,Black,0.663,0.878,720.0,21.4,2.41,80.0
Karnataka,Belagavi,Cotton,Kharif,4.56,Red,0.486,0.226,275.2,34.5,4.03,43.57
Haryana,Karnal,Wheat,Kharif,11.4,Loamy,0.676,0.73,212.4,29.1,5.25,76.58
Uttar Pradesh,Lucknow,Rice,Rabi,4.77,Red,0.328,0.637,329.3,19.0,5.53,53.52
Haryana,Karnal,Maize,Kharif,8.86,Red,0.33,0.289,296.7,17.6,3.57,30.66
Punjab,Amritsar,Sugarcane,Rabi,7.37,Red,0.596,0.694,94.9,17.0,1.3,27.45
Maharashtra,Pune,Maize,Kharif,14.4,Alluvial,0.83,0.508,945.1,25.8,4.35,100.0
Uttar Pradesh,Lucknow,Sugarcane,Kharif,12.66,Black,0.382,0.402,694.0,20.3,2.15,53.47
Maharashtra,Pune,Cotton,Rabi,7.99,Red,0.257,0.465,216.6,31.2,4.79,49.0
Punjab,Amritsar,Rice,Rabi,4.61,Loamy,0.566,0.466,268.5,33.9,4.99,58.04
Uttar Pradesh,Lucknow,Cotton,Kharif,11.95,Red,0.49,0.613,102.9,39.6,5.0,39.42
Karnataka,Belagavi,Sugarcane,Kharif,0.95,Loamy,0.805,0.477,300.7,29.0,3.1,68.64
Uttar Pradesh,Lucknow,Sugarcane,Kharif,14.94,Red,0.379,0.693,770.1,29.6,1.49,73.34
Maharashtra,Nagpur,Rice,Rabi,6.58,Loamy,0.866,0.826,537.7,31.1,1.29,78.09
Haryana,Hisar,Rice,Kharif,3.69,Red,0.841,0.499,671.0,15.8,3.07,66.41
Punjab,Ludhiana,Maize,Kharif,8.21,Black,0.724,0.369,928.0,36.7,2.26,74.86
Maharashtra,Pune,Rice,Kharif,0.55,Black,0.854,0.296,87.9,16.4,2.74,32.19
Haryana,Hisar,Cotton,Kharif,7.41,Black,0.509,0.73,315.6,20.4,2.28,48.04
Haryana,Karnal,Maize,Rabi,13.3,Loamy,0.85,0.379,398.9,39.6,3.83,55.12
Maharashtra,Nagpur,Maize,Kharif,10.4,Red,0.484,0.589,290.6,15.9,5.18,47.89
Karnataka,Mysuru,Maize,Kharif,3.09,Alluvial,0.495,0.496,772.0,35.9,1.47,59.88
Punjab,Ludhiana,Wheat,Rabi,2.65,Red,0.568,0.8,352.6,25.6,5.02,77.81
Maharashtra,Pune,Wheat,Kharif,8.79,Black,0.338,0.508,691.8,23.0,1.57,56.97
Punjab,Amritsar,Cotton,Kharif,12.67,Red,0.286,0.506,472.7,30.8,2.67,54.04
Punjab,Amritsar,Cotton,Rabi,9.89,Alluvial,0.393,0.76,686.3,31.3,3.1,75.97
Karnataka,Mysuru,Rice,Rabi,1.41,Black,0.723,0.468,691.6,16.3,5.6,76.19
Uttar Pradesh,Kanpur,Wheat,Rabi,13.86,Black,0.512,0.54,275.9,24.6,2.43,50.56
Punjab,Ludhiana,Cotton,Rabi,13.34,Loamy,0.386,0.477,744.8,33.6,5.31,78.02
Haryana,Karnal,Rice,Rabi,10.36,Loamy,0.646,0.55,543.5,30.9,4.45,79.98
Uttar Pradesh,Lucknow,Cotton,Kharif,7.38,Black,0.393,0.812,185.8,36.9,3.02,40.65
Karnataka,Belagavi,Wheat,Kharif,7.85,Black,0.448,0.653,453.9,31.8,4.02,67.2
Maharashtra,Pune,Wheat,Rabi,5.12,Loamy,0.424,0.431,527.4,22.1,3.22,56.29
Haryana,Karnal,Rice,Kharif,9.8,Alluvial,0.452,0.772,134.8,22.3,5.93,60.11
Punjab,Amritsar,Sugarcane,Kharif,14.97,Alluvial,0.271,0.775,162.9,31.7,4.22,50.7
Punjab,Ludhiana,Maize,Kharif,8.44,Loamy,0.328,0.49,634.4,32.9,1.26,51.95
Karnataka,Mysuru,Sugarcane,Kharif,2.67,Red,0.786,0.396,101.0,18.2,4.05,43.11
Punjab,Amritsar,Rice,Kharif,4.91,Alluvial,0.863,0.268,139.9,17.2,5.88,51.7
Haryana,Karnal,Sugarcane,Rabi,14.5,Black,0.498,0.619,315.2,34.0,1.98,46.56
Maharashtra,Nagpur,Cotton,Kharif,12.29,Black,0.469,0.22,575.6,32.0,4.7,66.19
Maharashtra,Pune,Maize,Rabi,5.28,Alluvial,0.863,0.552,498.7,22.7,2.69,71.79
Karnataka,Belagavi,Cotton,Rabi,4.32,Loamy,0.509,0.649,525.8,37.6,5.7,69.63
Haryana,Hisar,Wheat,Rabi,7.07,Loamy,0.749,0.265,888.4,31.8,5.38,96.56
Maharashtra,Pune,Sugarcane,Rabi,2.91,Alluvial,0.427,0.272,824.6,22.4,5.88,81.17
Punjab,Ludhiana,Cotton,Rabi,7.27,Red,0.757,0.783,319.3,35.5,1.9,56.53
Karnataka,Mysuru,Rice,Rabi,10.7,Red,0.884,0.513,296.6,18.9,2.44,52.59
Uttar Pradesh,Kanpur,Sugarcane,Kharif,4.46,Black,0.236,0.461,862.8,27.5,5.82,91.03
Uttar Pradesh,Kanpur,Sugarcane,Kharif,7.76,Red,0.899,0.563,966.0,15.4,4.6,91.64
Karnataka,Mysuru,Rice,Kharif,6.18,Red,0.576,0.629,192.0,25.4,2.68,53.68
Haryana,Karnal,Cotton,Kharif,6.72,Red,0.248,0.808,776.8,34.8,4.72,77.72
Maharashtra,Nagpur,Maize,Kharif,3.55,Alluvial,0.895,0.6,182.0,21.8,1.84,52.23
Haryana,Hisar,Rice,Kharif,9.65,Red,0.432,0.588,294.7,22.7,4.26,55.25
Haryana,Hisar,Sugarcane,Kharif,2.25,Red,0.828,0.256,381.5,30.3,3.8,68.85
Maharashtra,Nagpur,Maize,Kharif,0.52,Black,0.357,0.222,286.7,23.4,2.36,34.98
Haryana,Hisar,Sugarcane,Kharif,10.28,Black,0.459,0.333,825.7,30.1,2.8,75.48
Uttar Pradesh,Kanpur,Maize,Kharif,10.94,Red,0.684,0.344,477.1,29.2,4.58,76.9
Punjab,Ludhiana,Rice,Kharif,12.52,Alluvial,0.487,0.661,403.8,32.4,2.27,56.31
Punjab,Amritsar,Maize,Kharif,4.86,Alluvial,0.547,0.871,118.4,23.4,5.63,65.79
Haryana,Karnal,Cotton,Kharif,5.45,Black,0.443,0.713,344.3,20.0,5.04,59.75
Punjab,Amritsar,Sugarcane,Rabi,3.98,Loamy,0.357,0.458,789.2,20.6,4.94,73.31
Uttar Pradesh,Lucknow,Cotton,Rabi,11.32,Red,0.209,0.414,695.2,39.7,1.01,34.08
Maharashtra,Pune,Maize,Rabi,0.84,Black,0.571,0.203,800.1,22.7,4.83,78.62
Maharashtra,Pune,Rice,Rabi,4.51,Black,0.53,0.673,932.4,18.5,2.98,77.89
Punjab,Ludhiana,Cotton,Rabi,3.46,Black,0.467,0.592,860.1,28.3,5.84,100.0
Haryana,Hisar,Rice,Rabi,0.84,Alluvial,0.881,0.409,286.8,27.1,3.71,72.15
Punjab,Amritsar,Sugarcane,Kharif,2.51,Black,0.541,0.536,357.5,37.9,4.27,51.76
Uttar Pradesh,Kanpur,Cotton,Kharif,4.05,Red,0.307,0.326,812.7,29.5,5.78,85.43
Punjab,Ludhiana,Maize,Rabi,11.06,Red,0.332,0.739,380.2,28.3,4.05,68.75
Maharashtra,Nagpur,Wheat,Kharif,7.13,Loamy,0.665,0.407,347.4,18.1,3.09,46.47
Haryana,Hisar,Sugarcane,Kharif,11.28,Black,0.209,0.83,417.2,36.7,1.19,37.47
Karnataka,Mysuru,Maize,Kharif,0.66,Loamy,0.649,0.292,832.1,34.5,3.5,76.12
Maharashtra,Nagpur,Cotton,Rabi,10.76,Black,0.786,0.874,131.5,15.2,3.74,49.04
Uttar Pradesh,Kanpur,Sugarcane,Kharif,7.77,Alluvial,0.287,0.787,771.5,16.9,5.18,71.99
Haryana,Hisar,Rice,Kharif,5.95,Red,0.293,0.625,741.3,27.1,2.23,72.3
Uttar Pradesh,Kanpur,Sugarcane,Rabi,12.99,Red,0.883,0.81,433.5,35.4,4.56,80.83
Uttar Pradesh,Lucknow,Cotton,Kharif,1.29,Red,0.519,0.723,604.1,19.4,2.7,62.74
Maharashtra,Nagpur,Sugarcane,Rabi,6.14,Alluvial,0.641,0.371,95.9,29.6,1.24,39.51
Maharashtra,Nagpur,Maize,Kharif,13.99,Loamy,0.246,0.719,409.2,38.7,3.1,41.14
Punjab,Ludhiana,Maize,Rabi,3.02,Loamy,0.676,0.212,889.3,29.7,1.23,76.17
Haryana,Hisar,Maize,Rabi,11.81,Red,0.844,0.873,747.0,36.4,4.05,92.17
Maharashtra,Pune,Maize,Rabi,1.81,Alluvial,0.448,0.866,714.1,33.9,4.79,85.19
Maharashtra,Nagpur,Rice,Rabi,11.6,Red,0.474,0.697,600.6,32.8,1.31,61.0
Haryana,Karnal,Sugarcane,Kharif,3.74,Red,0.503,0.887,254.1,36.2,5.13,61.73
Haryana,Karnal,Cotton,Kharif,10.39,Black,0.633,0.416,315.8,23.5,2.09,49.79
Haryana,Karnal,Cotton,Rabi,9.38,Alluvial,0.813,0.569,135.4,26.6,5.11,72.2
Uttar Pradesh,Kanpur,Cotton,Rabi,4.94,Black,0.295,0.376,698.2,24.6,4.16,68.64
Punjab,Ludhiana,Maize,Kharif,0.84,Alluvial,0.502,0.601,222.9,21.4,2.1,41.04
Punjab,Ludhiana,Maize,Kharif,5.63,Black,0.522,0.657,666.1,38.7,5.29,73.05
Maharashtra,Nagpur,Sugarcane,Kharif,5.12,Loamy,0.594,0.482,296.2,38.2,5.65,55.5
Uttar Pradesh,Kanpur,Maize,Rabi,14.05,Loamy,0.468,0.215,76.5,37.3,4.61,30.03
Punjab,Ludhiana,Maize,Rabi,2.25,Alluvial,0.411,0.746,549.1,38.9,3.41,55.74
Uttar Pradesh,Lucknow,Maize,Kharif,6.49,Loamy,0.609,0.282,634.0,24.9,4.39,75.81
Haryana,Karnal,Maize,Kharif,0.58,Loamy,0.396,0.624,726.1,35.7,5.63,78.51
Uttar Pradesh,Lucknow,Cotton,Kharif,1.0,Red,0.709,0.86,203.8,31.1,5.07,75.65
Karnataka,Belagavi,Maize,Kharif,2.95,Loamy,0.252,0.365,104.8,30.5,4.98,43.09
Uttar Pradesh,Kanpur,Maize,Kharif,1.33,Black,0.426,0.244,209.4,25.3,3.57,43.93
Uttar Pradesh,Lucknow,Sugarcane,Kharif,3.96,Red,0.731,0.811,317.3,17.4,2.27,51.88
Maharashtra,Nagpur,Wheat,Rabi,14.62,Loamy,0.48,0.354,208.5,19.3,1.96,28.48
Karnataka,Mysuru,Rice,Kharif,8.08,Alluvial,0.581,0.45,705.7,26.8,2.65,77.72
Karnataka,Mysuru,Maize,Rabi,8.94,Black,0.757,0.211,448.1,39.6,3.9,50.47
Maharashtra,Pune,Maize,Kharif,1.53,Red,0.499,0.841,504.2,37.8,5.09,69.55
Karnataka,Belagavi,Wheat,Rabi,4.01,Black,0.787,0.536,660.8,34.9,5.48,87.58
Karnataka,Belagavi,Rice,Rabi,9.47,Alluvial,0.627,0.845,286.4,21.0,3.57,61.24
Maharashtra,Nagpur,Rice,Kharif,2.68,Alluvial,0.444,0.596,123.0,17.7,5.67,44.34
Maharashtra,Nagpur,Rice,Kharif,1.59,Black,0.717,0.324,814.9,36.1,4.19,78.69
Maharashtra,Nagpur,Wheat,Kharif,10.95,Black,0.408,0.268,899.9,31.9,4.24,79.38
Punjab,Ludhiana,Rice,Kharif,12.79,Loamy,0.882,0.87,863.3,15.3,5.43,97.53
Maharashtra,Nagpur,Wheat,Kharif,9.35,Red,0.227,0.74,156.1,25.3,5.09,54.3
Haryana,Karnal,Sugarcane,Kharif,1.48,Loamy,0.289,0.279,878.8,38.3,3.37,57.28
Haryana,Hisar,Wheat,Kharif,6.31,Red,0.738,0.807,373.8,31.5,3.75,76.44
Haryana,Karnal,Sugarcane,Kharif,2.73,Loamy,0.768,0.248,139.8,23.6,1.59,39.22
Uttar Pradesh,Lucknow,Rice,Rabi,12.85,Black,0.541,0.311,833.2,25.8,2.95,78.72
Karnataka,Mysuru,Maize,Rabi,13.48,Alluvial,0.433,0.605,278.0,34.9,4.87,54.73
Punjab,Amritsar,Sugarcane,Kharif,6.46,Black,0.371,0.416,420.9,22.7,4.62,56.93
Karnataka,Belagavi,Wheat,Rabi,4.14,Black,0.285,0.225,311.9,39.7,2.35,19.54
Maharashtra,Pune,Cotton,Rabi,7.85,Red,0.847,0.441,432.0,19.8,3.97,65.72
Punjab,Amritsar,Rice,Kharif,5.13,Alluvial,0.398,0.803,450.6,23.5,4.02,67.64
Karnataka,Mysuru,Cotton,Kharif,6.43,Black,0.406,0.238,544.7,35.4,5.26,58.89
Maharashtra,Pune,Maize,Rabi,14.02,Loamy,0.832,0.346,296.0,19.5,1.98,45.47
Punjab,Ludhiana,Cotton,Rabi,6.77,Loamy,0.773,0.684,164.3,28.5,4.64,74.57
Haryana,Hisar,Wheat,Rabi,7.8,Black,0.73,0.474,364.1,35.7,5.25,66.45
Uttar Pradesh,Lucknow,Maize,Kharif,2.44,Alluvial,0.578,0.701,207.2,32.6,1.7,47.41
Haryana,Karnal,Sugarcane,Kharif,1.57,Red,0.352,0.73,563.6,23.2,2.03,59.3
Uttar Pradesh,Kanpur,Wheat,Kharif,3.32,Black,0.253,0.615,74.0,16.6,4.51,27.68
Uttar Pradesh,Lucknow,Maize,Kharif,9.75,Red,0.58,0.531,471.0,27.5,3.17,71.97
Karnataka,Mysuru,Sugarcane,Kharif,1.17,Black,0.709,0.478,965.3,29.2,4.86,100.0
Haryana,Hisar,Sugarcane,Kharif,12.01,Red,0.498,0.761,309.1,21.4,2.26,50.01
Karnataka,Belagavi,Sugarcane,Rabi,14.62,Red,0.282,0.541,438.1,17.5,2.34,36.0
Uttar Pradesh,Kanpur,Cotton,Rabi,12.32,Red,0.565,0.62,715.8,37.7,1.46,58.96
Karnataka,Mysuru,Sugarcane,Rabi,3.31,Red,0.66,0.281,837.1,21.2,3.62,76.48
Uttar Pradesh,Kanpur,Rice,Rabi,11.08,Loamy,0.638,0.261,371.8,18.7,4.02,48.95
Karnataka,Mysuru,Sugarcane,Rabi,6.19,Black,0.516,0.876,179.5,33.9,2.65,50.39
Maharashtra,Pune,Rice,Rabi,4.43,Loamy,0.667,0.233,365.7,22.0,4.76,59.25
Haryana,Hisar,Rice,Rabi,10.51,Alluvial,0.272,0.371,615.3,21.9,5.79,66.31
Maharashtra,Nagpur,Rice,Kharif,6.88,Black,0.537,0.83,611.8,37.0,3.46,69.44
Karnataka,Mysuru,Cotton,Kharif,2.78,Loamy,0.653,0.468,365.4,31.8,3.96,65.03
Maharashtra,Nagpur,Rice,Rabi,9.79,Alluvial,0.629,0.479,847.2,24.5,4.5,91.85
Karnataka,Belagavi,Wheat,Kharif,9.7,Alluvial,0.43,0.393,612.5,15.6,2.23,41.85
Uttar Pradesh,Kanpur,Wheat,Rabi,2.7,Loamy,0.469,0.23,495.8,33.8,4.95,60.11
Haryana,Hisar,Cotton,Kharif,3.83,Alluvial,0.424,0.723,746.9,37.8,2.94,65.36
Karnataka,Mysuru,Wheat,Kharif,11.66,Black,0.782,0.293,802.3,25.8,1.12,76.01
Maharashtra,Nagpur,Sugarcane,Kharif,9.76,Alluvial,0.816,0.732,913.5,30.1,5.33,100.0
Haryana,Hisar,Cotton,Rabi,5.22,Red,0.81,0.454,395.2,22.7,3.73,67.51
Uttar Pradesh,Kanpur,Rice,Rabi,13.97,Loamy,0.253,0.585,562.7,24.3,3.84,63.41
Karnataka,Belagavi,Cotton,Kharif,4.41,Black,0.27,0.806,331.5,32.4,5.1,62.88
Maharashtra,Pune,Rice,Rabi,6.97,Loamy,0.668,0.728,462.4,24.1,4.58,79.8
Uttar Pradesh,Lucknow,Rice,Rabi,5.72,Alluvial,0.856,0.522,966.1,33.4,5.15,100.0
Maharashtra,Nagpur,Maize,Rabi,4.82,Alluvial,0.636,0.708,87.2,28.3,3.83,62.87
Haryana,Hisar,Sugarcane,Rabi,1.27,Black,0.732,0.603,841.6,20.5,5.17,93.62
Uttar Pradesh,Kanpur,Rice,Kharif,13.2,Alluvial,0.693,0.218,59.0,22.3,1.72,29.86
Punjab,Ludhiana,Cotton,Kharif,3.07,Loamy,0.646,0.751,765.6,33.0,1.25,75.91
Haryana,Hisar,Maize,Kharif,2.08,Loamy,0.386,0.783,833.1,21.9,4.65,85.79
Haryana,Karnal,Sugarcane,Kharif,13.39,Red,0.674,0.318,719.6,33.5,5.43,83.67
Maharashtra,Pune,Wheat,Rabi,6.78,Alluvial,0.719,0.89,82.6,16.1,3.14,43.45
Haryana,Hisar,Wheat,Kharif,3.33,Alluvial,0.206,0.333,892.5,18.6,3.39,58.31
Maharashtra,Pune,Sugarcane,Rabi,8.74,Black,0.396,0.662,675.3,32.6,5.96,84.78
Punjab,Ludhiana,Cotton,Rabi,6.79,Red,0.503,0.319,539.1,17.1,4.08,51.14
Haryana,Hisar,Cotton,Kharif,2.33,Alluvial,0.661,0.358,68.0,25.5,2.55,43.23
Uttar Pradesh,Lucknow,Rice,Rabi,9.44,Red,0.856,0.562,498.9,20.3,4.78,77.46
Punjab,Ludhiana,Cotton,Kharif,10.05,Loamy,0.842,0.863,209.4,21.5,5.06,73.81
Maharashtra,Pune,Rice,Kharif,14.58,Alluvial,0.609,0.526,565.7,35.2,4.06,68.65
Karnataka,Belagavi,Cotton,Rabi,13.91,Alluvial,0.216,0.657,972.0,19.4,3.21,71.43
Punjab,Ludhiana,Rice,Rabi,7.04,Loamy,0.888,0.405,137.5,25.8,3.71,62.23
Punjab,Amritsar,Cotton,Rabi,9.79,Loamy,0.252,0.555,791.6,32.5,5.85,82.53
Punjab,Ludhiana,Maize,Kharif,13.24,Alluvial,0.441,0.264,209.2,24.2,3.82,43.99
Uttar Pradesh,Kanpur,Maize,Kharif,4.53,Red,0.244,0.741,844.0,27.3,1.37,74.72
Punjab,Ludhiana,Wheat,Rabi,9.18,Loamy,0.567,0.703,88.4,29.1,1.61,47.69
Punjab,Amritsar,Cotton,Kharif,4.98,Loamy,0.692,0.656,136.5,29.4,1.74,53.35
Karnataka,Belagavi,Rice,Kharif,14.91,Alluvial,0.316,0.747,838.3,39.9,3.14,63.55
Karnataka,Belagavi,Maize,Kharif,9.12,Loamy,0.734,0.626,447.6,18.8,3.32,61.92
Maharashtra,Nagpur,Maize,Kharif,10.02,Black,0.255,0.376,735.8,22.0,3.56,60.91
Maharashtra,Nagpur,Cotton,Rabi,2.34,Red,0.284,0.896,221.2,37.4,5.95,54.35
Punjab,Ludhiana,Maize,Kharif,6.19,Black,0.313,0.504,783.3,34.5,2.15,60.47
Uttar Pradesh,Kanpur,Rice,Rabi,13.34,Black,0.282,0.3,161.9,17.3,2.77,17.91
Maharashtra,Pune,Rice,Rabi,10.16,Alluvial,0.526,0.407,168.2,27.3,4.6,58.6
Haryana,Hisar,Sugarcane,Kharif,1.47,Alluvial,0.74,0.354,635.5,35.1,1.7,60.83
Punjab,Amritsar,Sugarcane,Kharif,1.21,Alluvial,0.618,0.65,622.2,31.3,4.16,83.19
Maharashtra,Nagpur,Sugarcane,Kharif,13.39,Black,0.314,0.82,870.4,26.3,3.49,89.06
Haryana,Hisar,Wheat,Kharif,13.3,Red,0.514,0.807,174.4,30.9,4.39,63.04
Haryana,Hisar,Cotton,Kharif,6.75,Red,0.432,0.61,370.9,24.8,5.31,69.06
Uttar Pradesh,Kanpur,Wheat,Rabi,13.43,Alluvial,0.603,0.789,541.7,34.6,2.63,67.86
Haryana,Hisar,Maize,Kharif,3.05,Red,0.844,0.691,865.9,20.2,1.34,81.21
Haryana,Karnal,Maize,Rabi,10.74,Black,0.798,0.216,587.6,15.9,1.43,45.66
Maharashtra,Nagpur,Maize,Rabi,9.04,Red,0.363,0.728,475.2,32.1,4.31,68.02
Uttar Pradesh,Lucknow,Cotton,Kharif,11.82,Alluvial,0.513,0.337,359.9,37.5,5.69,53.83
Haryana,Hisar,Cotton,Rabi,12.32,Loamy,0.222,0.207,389.3,18.8,5.02,39.11
Haryana,Hisar,Sugarcane,Kharif,14.03,Black,0.817,0.339,384.5,34.1,2.04,54.3
Maharashtra,Pune,Wheat,Rabi,10.74,Alluvial,0.695,0.875,379.2,37.0,1.11,52.71
Haryana,Hisar,Maize,Kharif,8.68,Alluvial,0.755,0.719,677.8,15.4,1.39,60.04
Karnataka,Belagavi,Rice,Kharif,3.92,Loamy,0.424,0.636,617.2,38.9,3.65,58.05
Karnataka,Mysuru,Rice,Rabi,8.34,Alluvial,0.428,0.437,769.0,16.7,2.37,53.61
Karnataka,Mysuru,Wheat,Rabi,4.97,Black,0.541,0.625,930.1,24.6,4.52,96.86
Uttar Pradesh,Lucknow,Wheat,Rabi,6.6,Loamy,0.713,0.405,367.3,15.7,5.86,58.15
Haryana,Hisar,Wheat,Rabi,9.27,Black,0.798,0.247,420.0,31.7,1.53,55.35
Haryana,Karnal,Wheat,Kharif,4.85,Loamy,0.877,0.402,252.8,28.4,4.35,74.34
Karnataka,Mysuru,Cotton,Kharif,6.21,Alluvial,0.742,0.833,622.1,16.3,2.98,69.4
Punjab,Ludhiana,Maize,Rabi,12.14,Black,0.757,0.435,712.2,22.2,1.35,68.13
Maharashtra,Nagpur,Rice,Rabi,4.9,Red,0.448,0.63,516.0,33.1,3.8,66.03
Karnataka,Mysuru,Sugarcane,Rabi,10.21,Red,0.355,0.47,643.6,15.7,3.18,47.65
Maharashtra,Pune,Wheat,Rabi,4.57,Black,0.555,0.239,278.7,34.4,1.62,34.64
Haryana,Hisar,Cotton,Rabi,11.25,Loamy,0.395,0.252,191.5,38.9,4.07,28.25
Punjab,Ludhiana,Rice,Rabi,1.34,Red,0.848,0.887,589.0,37.2,2.16,73.7
Uttar Pradesh,Lucknow,Wheat,Rabi,9.99,Loamy,0.646,0.212,351.6,38.5,1.67,32.84
Punjab,Amritsar,Rice,Rabi,2.8,Loamy,0.434,0.737,271.2,27.0,3.83,64.33
Karnataka,Mysuru,Sugarcane,Kharif,8.94,Alluvial,0.784,0.385,249.4,38.2,4.47,51.48
Maharashtra,Nagpur,Maize,Kharif,9.09,Red,0.545,0.789,713.0,31.7,1.77,75.9
Punjab,Amritsar,Wheat,Kharif,8.57,Red,0.639,0.249,176.6,29.5,2.98,49.32
Karnataka,Belagavi,Cotton,Kharif,11.31,Loamy,0.284,0.745,402.0,32.0,4.36,62.47
Karnataka,Belagavi,Cotton,Kharif,8.03,Black,0.316,0.879,293.0,25.5,1.98,52.59
Punjab,Ludhiana,Sugarcane,Kharif,5.93,Black,0.26,0.715,55.6,26.4,4.16,47.36
Uttar Pradesh,Kanpur,Maize,Kharif,4.52,Red,0.841,0.516,903.5,22.5,2.94,91.21
Uttar Pradesh,Kanpur,Maize,Rabi,2.37,Black,0.506,0.689,436.7,16.5,4.53,56.42
Uttar Pradesh,Lucknow,Sugarcane,Rabi,4.9,Black,0.812,0.563,200.0,34.4,2.04,49.9
Uttar Pradesh,Lucknow,Sugarcane,Rabi,1.5,Loamy,0.786,0.536,989.8,32.9,5.96,100.0
Haryana,Karnal,Wheat,Kharif,2.5,Loamy,0.23,0.209,358.5,16.8,5.02,33.9
Maharashtra,Pune,Sugarcane,Rabi,1.71,Loamy,0.851,0.512,690.5,37.1,1.65,67.16
Maharashtra,Nagpur,Wheat,Rabi,0.99,Alluvial,0.669,0.462,432.3,26.0,3.46,69.88
Maharashtra,Pune,Maize,Rabi,3.93,Alluvial,0.312,0.835,221.4,16.0,3.94,38.57
Haryana,Hisar,Rice,Rabi,7.05,Black,0.288,0.371,176.9,17.7,5.41,34.65
Punjab,Ludhiana,Wheat,Rabi,8.55,Loamy,0.524,0.57,354.2,31.4,5.49,70.95
Uttar Pradesh,Kanpur,Rice,Kharif,14.79,Black,0.545,0.805,54.5,16.7,1.11,24.88
Punjab,Ludhiana,Cotton,Rabi,8.53,Red,0.777,0.89,738.1,22.0,4.5,96.85
Karnataka,Mysuru,Wheat,Kharif,14.81,Loamy,0.525,0.425,934.9,27.5,4.65,98.0
Maharashtra,Nagpur,Sugarcane,Rabi,10.14,Alluvial,0.522,0.389,840.2,21.9,4.3,79.3
Punjab,Ludhiana,Sugarcane,Rabi,13.84,Red,0.665,0.418,803.7,27.2,1.71,80.86
Maharashtra,Nagpur,Cotton,Rabi,4.71,Black,0.55,0.771,198.9,39.4,1.35,32.42
Karnataka,Belagavi,Wheat,Rabi,9.87,Loamy,0.231,0.801,971.6,39.0,2.11,65.24
Karnataka,Mysuru,Maize,Kharif,4.93,Loamy,0.624,0.764,939.9,16.7,2.39,77.28
Uttar Pradesh,Lucknow,Wheat,Kharif,6.14,Red,0.867,0.506,574.0,33.7,4.63,83.44
Punjab,Amritsar,Maize,Rabi,2.62,Alluvial,0.231,0.312,959.6,33.2,3.64,71.66
Karnataka,Mysuru,Wheat,Kharif,7.82,Red,0.826,0.816,761.9,34.1,5.49,100.0
Haryana,Karnal,Maize,Kharif,5.98,Loamy,0.782,0.66,534.1,20.9,5.61,84.42
Karnataka,Mysuru,Sugarcane,Kharif,14.36,Loamy,0.25,0.627,147.1,22.1,1.93,29.63
Haryana,Hisar,Cotton,Rabi,10.13,Black,0.836,0.725,872.7,25.4,5.33,100.0
Uttar Pradesh,Kanpur,Sugarcane,Rabi,4.04,Loamy,0.465,0.786,754.2,38.9,3.8,70.84
Punjab,Ludhiana,Sugarcane,Rabi,10.74,Red,0.794,0.575,666.6,20.1,4.68,83.09
Punjab,Amritsar,Maize,Kharif,5.04,Red,0.533,0.674,354.3,36.0,2.86,51.52
Haryana,Hisar,Rice,Kharif,2.48,Loamy,0.674,0.241,368.2,36.2,4.87,55.97
Haryana,Hisar,Rice,Rabi,11.5,Alluvial,0.621,0.889,350.5,19.1,4.69,67.14
Punjab,Ludhiana,Rice,Kharif,3.35,Black,0.277,0.423,834.6,31.3,1.84,64.6
Karnataka,Mysuru,Cotton,Kharif,14.44,Red,0.349,0.255,509.7,34.8,4.85,54.73
Uttar Pradesh,Lucknow,Wheat,Kharif,2.12,Loamy,0.663,0.673,397.8,36.1,5.89,73.17
Haryana,Karnal,Maize,Rabi,14.64,Loamy,0.223,0.569,326.5,35.3,2.09,34.2
Maharashtra,Nagpur,Sugarcane,Kharif,9.83,Red,0.406,0.372,197.7,18.4,3.63,32.34
Maharashtra,Nagpur,Rice,Rabi,8.58,Red,0.467,0.431,224.0,18.7,2.69,33.17
Karnataka,Mysuru,Maize,Rabi,6.17,Red,0.556,0.276,560.8,35.5,2.89,53.85
Uttar Pradesh,Lucknow,Wheat,Kharif,4.21,Black,0.369,0.596,587.7,20.4,3.94,61.7
Haryana,Karnal,Sugarcane,Rabi,9.09,Alluvial,0.738,0.886,915.5,27.6,3.44,100.0
Karnataka,Mysuru,Rice,Kharif,10.6,Red,0.489,0.245,706.0,31.1,4.6,75.34
Uttar Pradesh,Lucknow,Cotton,Kharif,10.93,Black,0.536,0.566,78.5,22.6,2.73,39.68
Karnataka,Belagavi,Wheat,Rabi,10.9,Red,0.365,0.739,68.6,32.9,1.51,32.43
Maharashtra,Nagpur,Rice,Kharif,9.77,Loamy,0.648,0.67,418.2,24.3,1.02,58.04
Haryana,Karnal,Sugarcane,Rabi,9.52,Loamy,0.494,0.814,547.3,15.9,2.12,51.41
Maharashtra,Pune,Wheat,Rabi,14.66,Black,0.423,0.573,68.0,37.1,4.94,39.03
Punjab,Amritsar,Wheat,Rabi,10.54,Red,0.773,0.719,921.7,36.6,5.97,100.0
Punjab,Amritsar,Maize,Kharif,12.2,Red,0.76,0.319,275.0,39.0,3.22,42.43
Punjab,Amritsar,Maize,Kharif,13.72,Red,0.265,0.587,710.8,21.9,3.85,66.54
Haryana,Hisar,Rice,Rabi,11.34,Red,0.411,0.349,227.9,24.0,1.18,32.41
Haryana,Karnal,Sugarcane,Kharif,6.85,Loamy,0.755,0.281,732.2,18.6,5.69,79.71
Maharashtra,Pune,Cotton,Rabi,2.56,Loamy,0.289,0.871,407.7,28.2,4.67,75.22
Uttar Pradesh,Kanpur,Rice,Kharif,5.91,Red,0.462,0.73,330.3,17.9,2.29,42.19
Punjab,Amritsar,Cotton,Kharif,1.48,Alluvial,0.244,0.38,524.3,36.5,5.51,54.8
Haryana,Hisar,Sugarcane,Kharif,14.82,Black,0.677,0.413,362.6,25.9,4.11,68.5
Karnataka,Belagavi,Rice,Rabi,4.45,Loamy,0.346,0.341,698.6,35.6,4.58,63.27
Karnataka,Mysuru,Rice,Kharif,4.53,Alluvial,0.645,0.467,369.6,22.2,2.73,54.78
Punjab,Amritsar,Sugarcane,Kharif,13.56,Alluvial,0.445,0.221,73.4,18.5,1.55,13.52
Maharashtra,Nagpur,Rice,Rabi,1.12,Black,0.407,0.364,313.0,19.8,4.09,43.05
Punjab,Amritsar,Rice,Rabi,2.98,Red,0.704,0.54,227.7,32.5,3.74,59.23
Punjab,Amritsar,Sugarcane,Kharif,14.35,Black,0.772,0.684,846.5,24.6,4.42,100.0
Uttar Pradesh,Kanpur,Maize,Kharif,12.31,Red,0.485,0.731,418.0,29.8,4.89,77.0
Uttar Pradesh,Kanpur,Wheat,Rabi,3.32,Black,0.388,0.775,204.8,34.5,4.38,52.09
Haryana,Karnal,Rice,Kharif,2.36,Red,0.835,0.599,886.2,35.6,1.4,80.31
Haryana,Hisar,Cotton,Rabi,13.01,Red,0.57,0.273,178.8,35.3,5.65,49.37
Haryana,Karnal,Wheat,Kharif,0.56,Black,0.749,0.254,476.6,25.4,1.91,60.74
Karnataka,Belagavi,Wheat,Rabi,10.59,Alluvial,0.453,0.425,51.2,16.6,4.12,26.84
Punjab,Ludhiana,Cotton,Rabi,7.81,Red,0.469,0.313,829.7,29.4,1.46,70.23
Uttar Pradesh,Lucknow,Rice,Rabi,6.81,Loamy,0.33,0.469,991.2,21.7,4.81,84.28
Karnataka,Belagavi,Rice,Rabi,1.92,Red,0.683,0.776,858.0,31.0,5.17,100.0
Haryana,Karnal,Wheat,Rabi,4.35,Alluvial,0.218,0.47,534.1,38.6,3.61,42.94
Karnataka,Belagavi,Sugarcane,Rabi,7.36,Alluvial,0.738,0.804,829.4,25.4,4.65,100.0
Haryana,Karnal,Maize,Rabi,5.3,Red,0.316,0.31,306.8,26.2,5.38,57.45
Punjab,Amritsar,Rice,Rabi,4.82,Red,0.252,0.324,138.2,21.1,3.3,26.53
Uttar Pradesh,Lucknow,Cotton,Kharif,5.45,Black,0.678,0.29,811.0,37.9,2.77,65.58
Punjab,Ludhiana,Sugarcane,Kharif,4.34,Alluvial,0.683,0.264,917.5,29.8,4.28,94.18
Punjab,Ludhiana,Sugarcane,Rabi,6.73,Black,0.383,0.541,434.1,35.7,2.24,44.44
Karnataka,Belagavi,Cotton,Kharif,6.86,Red,0.218,0.429,449.6,27.1,5.65,67.29
Karnataka,Mysuru,Maize,Kharif,15.0,Alluvial,0.56,0.317,578.1,20.7,4.18,62.73
Haryana,Karnal,Wheat,Kharif,1.5,Red,0.4,0.265,524.5,32.7,4.76,61.25
Maharashtra,Pune,Rice,Rabi,11.81,Black,0.467,0.773,993.7,39.5,4.31,83.91
Uttar Pradesh,Kanpur,Wheat,Rabi,14.68,Loamy,0.248,0.204,840.2,17.6,1.41,42.04
Maharashtra,Nagpur,Cotton,Kharif,8.76,Loamy,0.73,0.48,449.6,30.8,3.53,72.08
Uttar Pradesh,Lucknow,Maize,Rabi,12.83,Black,0.486,0.886,255.3,25.4,2.89,61.17
Uttar Pradesh,Kanpur,Wheat,Kharif,9.09,Black,0.591,0.356,623.0,34.9,5.03,72.08
Punjab,Ludhiana,Sugarcane,Kharif,12.97,Black,0.565,0.695,70.0,30.2,5.81,65.3
Karnataka,Mysuru,Wheat,Kharif,7.7,Loamy,0.219,0.437,546.4,27.9,2.04,55.91
Uttar Pradesh,Kanpur,Maize,Kharif,14.0,Alluvial,0.57,0.704,896.0,39.7,3.53,76.6
Maharashtra,Pune,Cotton,Rabi,6.42,Loamy,0.658,0.867,552.3,34.7,4.77,82.77
Uttar Pradesh,Lucknow,Rice,Kharif,13.63,Red,0.475,0.42,954.4,30.7,2.9,83.94
Haryana,Karnal,Maize,Kharif,8.39,Black,0.596,0.778,484.2,35.4,2.56,62.52
Maharashtra,Pune,Rice,Rabi,3.63,Alluvial,0.767,0.398,82.8,17.7,4.73,43.99
Haryana,Hisar,Rice,Rabi,2.65,Alluvial,0.331,0.513,546.0,37.8,2.91,46.66
Karnataka,Mysuru,Maize,Kharif,13.29,Black,0.402,0.519,759.9,37.9,2.69,58.69
Haryana,Karnal,Rice,Kharif,14.71,Loamy,0.397,0.761,70.9,32.0,4.73,52.12
Maharashtra,Nagpur,Wheat,Rabi,14.0,Red,0.722,0.385,876.8,37.2,2.84,74.53
Punjab,Ludhiana,Sugarcane,Rabi,10.83,Red,0.487,0.7,691.5,15.3,2.43,55.87
Karnataka,Belagavi,Cotton,Kharif,3.97,Loamy,0.532,0.373,601.2,33.0,2.66,61.31
Uttar Pradesh,Lucknow,Maize,Kharif,10.8,Black,0.426,0.286,568.4,20.7,5.11,61.43
Maharashtra,Nagpur,Maize,Kharif,5.24,Black,0.328,0.767,910.4,27.8,2.53,88.42
Maharashtra,Nagpur,Maize,Kharif,12.95,Red,0.43,0.698,670.4,29.3,3.64,81.62
Maharashtra,Nagpur,Wheat,Rabi,2.14,Alluvial,0.598,0.843,178.0,25.3,1.45,52.75
Uttar Pradesh,Lucknow,Maize,Kharif,2.76,Alluvial,0.581,0.392,261.0,29.4,2.86,54.69
Uttar Pradesh,Kanpur,Maize,Rabi,9.5,Alluvial,0.206,0.598,648.0,22.4,4.63,66.51
Haryana,Karnal,Rice,Kharif,10.38,Black,0.863,0.595,427.3,21.7,5.67,82.2
Haryana,Hisar,Sugarcane,Kharif,2.95,Alluvial,0.403,0.534,378.8,27.6,1.93,55.25
Uttar Pradesh,Lucknow,Rice,Rabi,11.08,Loamy,0.819,0.255,795.8,37.4,5.87,85.38
Maharashtra,Pune,Wheat,Rabi,6.0,Red,0.629,0.543,671.0,16.0,1.53,52.79
Haryana,Hisar,Rice,Kharif,4.22,Red,0.867,0.35,744.9,17.9,4.24,77.34
Maharashtra,Nagpur,Cotton,Kharif,8.05,Black,0.674,0.459,59.9,33.9,5.35,53.01
Maharashtra,Nagpur,Wheat,Kharif,14.35,Red,0.789,0.243,353.9,18.6,5.75,61.34
Haryana,Karnal,Rice,Rabi,12.7,Black,0.364,0.331,60.7,25.3,5.5,46.15
Karnataka,Belagavi,Wheat,Kharif,9.89,Black,0.672,0.811,993.4,17.7,4.16,93.66
Punjab,Ludhiana,Cotton,Rabi,1.78,Alluvial,0.563,0.407,562.9,29.3,3.89,74.88
Haryana,Karnal,Maize,Kharif,8.57,Loamy,0.816,0.82,551.5,17.8,2.35,67.99
Punjab,Ludhiana,Sugarcane,Kharif,5.14,Red,0.276,0.283,344.8,15.9,3.56,27.57
Punjab,Amritsar,Wheat,Rabi,9.45,Red,0.65,0.387,866.9,23.2,5.6,94.17
Haryana,Hisar,Cotton,Rabi,9.65,Black,0.311,0.4,249.2,28.5,3.31,48.9
Uttar Pradesh,Lucknow,Wheat,Rabi,9.19,Black,0.435,0.232,401.7,28.0,1.06,46.41
Maharashtra,Pune,Sugarcane,Kharif,13.94,Loamy,0.268,0.778,848.3,21.4,5.79,86.99
Uttar Pradesh,Kanpur,Sugarcane,Kharif,14.95,Loamy,0.83,0.395,598.1,17.9,3.31,65.18
Maharashtra,Pune,Wheat,Kharif,3.38,Alluvial,0.73,0.445,500.7,22.3,4.48,72.71
Maharashtra,Pune,Cotton,Kharif,10.38,Alluvial,0.337,0.648,139.7,30.5,3.57,47.83
Haryana,Karnal,Sugarcane,Rabi,3.65,Red,0.447,0.544,137.0,38.9,4.33,35.95
Uttar Pradesh,Lucknow,Rice,Kharif,9.15,Red,0.394,0.713,736.9,28.8,2.2,77.86
Punjab,Ludhiana,Cotton,Kharif,5.4,Alluvial,0.679,0.782,366.0,20.8,5.16,73.01
Uttar Pradesh,Lucknow,Rice,Kharif,6.35,Loamy,0.763,0.646,343.2,20.6,5.79,74.17
Karnataka,Belagavi,Sugarcane,Kharif,11.11,Black,0.804,0.845,786.3,20.8,3.32,90.78
Punjab,Ludhiana,Rice,Kharif,12.61,Loamy,0.816,0.551,227.3,18.2,3.94,53.8
Uttar Pradesh,Kanpur,Wheat,Rabi,5.69,Red,0.278,0.76,301.8,16.3,3.23,36.57
Karnataka,Mysuru,Wheat,Rabi,4.76,Alluvial,0.627,0.768,272.4,25.2,3.04,64.37
Maharashtra,Pune,Sugarcane,Rabi,3.28,Loamy,0.311,0.867,621.9,30.9,5.77,86.7
Maharashtra,Nagpur,Maize,Kharif,11.83,Black,0.463,0.503,393.5,22.9,3.46,55.55
Punjab,Ludhiana,Sugarcane,Kharif,5.62,Loamy,0.416,0.885,936.1,29.4,5.91,100.0
Uttar Pradesh,Lucknow,Rice,Kharif,10.92,Black,0.67,0.706,79.7,17.5,2.67,37.44
Maharashtra,Pune,Cotton,Rabi,1.76,Alluvial,0.589,0.895,187.8,17.5,3.19,47.33
Maharashtra,Nagpur,Cotton,Rabi,5.06,Black,0.841,0.229,272.8,35.2,5.17,60.25
Haryana,Karnal,Sugarcane,Rabi,4.45,Black,0.519,0.408,192.5,22.3,3.9,46.09
Karnataka,Mysuru,Sugarcane,Kharif,9.85,Black,0.726,0.429,607.0,24.7,4.58,82.78
Haryana,Hisar,Sugarcane,Kharif,8.36,Alluvial,0.447,0.795,724.2,21.8,3.51,76.88
Karnataka,Belagavi,Wheat,Rabi,3.75,Black,0.689,0.367,941.2,22.8,2.73,83.6
Punjab,Amritsar,Maize,Kharif,8.81,Red,0.419,0.504,613.8,31.8,2.27,61.71
Punjab,Amritsar,Rice,Kharif,6.56,Loamy,0.484,0.261,53.4,37.5,2.09,17.58
Maharashtra,Nagpur,Sugarcane,Kharif,7.87,Black,0.711,0.689,772.8,26.4,1.88,86.95
Maharashtra,Pune,Maize,Rabi,12.58,Alluvial,0.291,0.222,309.8,37.5,1.65,20.48
Uttar Pradesh,Kanpur,Cotton,Rabi,6.61,Alluvial,0.628,0.483,573.9,16.6,2.87,54.3
Maharashtra,Nagpur,Maize,Kharif,2.72,Loamy,0.272,0.566,691.3,17.8,5.59,65.78
Karnataka,Belagavi,Wheat,Kharif,1.81,Black,0.758,0.547,419.1,38.8,2.86,53.86
Maharashtra,Pune,Rice,Rabi,6.84,Alluvial,0.228,0.803,995.8,38.1,5.3,84.14
Punjab,Ludhiana,Cotton,Kharif,2.77,Loamy,0.234,0.488,818.4,27.3,2.83,74.06
Uttar Pradesh,Lucknow,Rice,Rabi,7.72,Red,0.538,0.458,307.9,38.7,2.59,37.22
Maharashtra,Nagpur,Rice,Rabi,11.79,Alluvial,0.766,0.776,573.1,19.4,1.74,66.37
Haryana,Hisar,Maize,Kharif,1.29,Loamy,0.698,0.244,614.9,31.7,2.84,68.07
Karnataka,Mysuru,Wheat,Kharif,14.74,Black,0.785,0.489,635.6,17.9,2.93,65.93
Karnataka,Belagavi,Maize,Rabi,6.87,Black,0.39,0.523,59.1,20.3,5.16,40.08
Karnataka,Mysuru,Wheat,Kharif,15.0,Alluvial,0.617,0.64,155.9,25.1,5.3,66.09
Karnataka,Belagavi,Maize,Rabi,12.54,Red,0.541,0.322,123.8,32.5,5.33,50.83
Haryana,Karnal,Sugarcane,Rabi,11.51,Black,0.347,0.265,384.2,18.4,3.83,37.93
Maharashtra,Nagpur,Rice,Rabi,11.99,Loamy,0.641,0.455,75.7,17.9,4.65,40.64
Uttar Pradesh,Kanpur,Sugarcane,Rabi,7.47,Black,0.765,0.496,811.9,17.5,4.18,79.67
Punjab,Amritsar,Sugarcane,Kharif,10.74,Loamy,0.563,0.634,952.4,38.2,4.27,84.12
Karnataka,Mysuru,Maize,Rabi,12.51,Loamy,0.257,0.637,874.8,36.0,2.86,66.96
Uttar Pradesh,Lucknow,Sugarcane,Kharif,5.95,Loamy,0.382,0.459,101.6,33.1,1.58,27.62
Uttar Pradesh,Lucknow,Cotton,Rabi,14.48,Black,0.574,0.568,399.0,25.6,3.41,66.49
Punjab,Amritsar,Maize,Kharif,14.55,Black,0.341,0.606,129.1,20.4,4.82,42.44
Karnataka,Belagavi,Wheat,Rabi,1.03,Loamy,0.87,0.322,561.4,24.9,3.08,75.77
Karnataka,Mysuru,Cotton,Rabi,5.47,Red,0.565,0.381,691.7,24.2,3.41,73.34
Uttar Pradesh,Kanpur,Maize,Rabi,8.55,Loamy,0.502,0.294,247.6,37.1,5.36,45.9
Karnataka,Mysuru,Cotton,Rabi,14.13,Alluvial,0.836,0.606,182.0,26.5,4.63,73.66
Uttar Pradesh,Lucknow,Sugarcane,Kharif,11.07,Black,0.449,0.667,165.9,32.6,5.86,60.78
Haryana,Hisar,Sugarcane,Rabi,6.74,Black,0.404,0.765,500.1,27.1,4.59,79.42
Uttar Pradesh,Kanpur,Rice,Rabi,0.65,Black,0.81,0.575,976.6,32.9,1.4,88.76
Haryana,Karnal,Rice,Rabi,3.29,Red,0.594,0.457,530.5,30.5,5.47,81.09
Haryana,Hisar,Wheat,Kharif,11.36,Red,0.24,0.465,601.3,33.8,3.64,56.69
Uttar Pradesh,Lucknow,Sugarcane,Rabi,1.81,Black,0.443,0.311,967.6,29.4,3.23,85.01
Uttar Pradesh,Kanpur,Maize,Kharif,5.33,Loamy,0.326,0.396,366.0,28.9,1.23,43.96
Maharashtra,Pune,Wheat,Rabi,6.98,Black,0.635,0.631,751.8,33.1,4.97,90.24
Uttar Pradesh,Lucknow,Cotton,Kharif,12.79,Black,0.634,0.551,405.2,20.6,3.79,60.38
Maharashtra,Nagpur,Sugarcane,Rabi,9.68,Black,0.501,0.423,948.7,23.1,2.74,79.45
Punjab,Ludhiana,Wheat,Kharif,1.16,Alluvial,0.527,0.498,392.0,34.5,4.73,61.15
Uttar Pradesh,Lucknow,Sugarcane,Kharif,13.44,Red,0.896,0.879,732.0,18.6,1.12,76.73
Karnataka,Belagavi,Cotton,Rabi,4.92,Red,0.514,0.441,732.9,20.3,4.29,71.71
Maharashtra,Pune,Cotton,Kharif,10.11,Red,0.595,0.847,146.5,20.5,4.83,58.48
Uttar Pradesh,Lucknow,Sugarcane,Kharif,12.72,Red,0.709,0.498,51.5,33.4,5.39,55.99
Maharashtra,Pune,Sugarcane,Kharif,10.31,Black,0.53,0.841,422.2,20.9,4.31,68.03
Maharashtra,Pune,Cotton,Kharif,9.42,Alluvial,0.824,0.242,898.6,21.0,1.39,72.77
Karnataka,Mysuru,Rice,Rabi,6.68,Black,0.571,0.376,983.7,31.0,5.22,98.67
Karnataka,Mysuru,Cotton,Rabi,13.2,Loamy,0.632,0.619,173.0,33.1,4.0,56.05
Haryana,Karnal,Maize,Rabi,6.28,Loamy,0.702,0.814,848.8,34.7,1.07,79.31
Haryana,Karnal,Cotton,Rabi,13.28,Red,0.578,0.425,570.3,20.5,1.13,50.02
Maharashtra,Pune,Wheat,Kharif,10.56,Red,0.202,0.584,431.0,22.6,3.58,50.32
Haryana,Hisar,Sugarcane,Rabi,2.1,Alluvial,0.86,0.671,800.4,23.3,3.3,94.0
Maharashtra,Pune,Cotton,Kharif,11.88,Black,0.241,0.322,367.5,21.6,5.19,48.01
Karnataka,Mysuru,Sugarcane,Rabi,7.74,Black,0.448,0.853,101.6,18.8,3.1,39.18
Haryana,Karnal,Rice,Kharif,2.63,Red,0.217,0.852,169.4,32.6,4.26,49.46
Uttar Pradesh,Lucknow,Rice,Rabi,8.43,Red,0.813,0.648,828.3,15.8,4.35,83.42
Maharashtra,Nagpur,Maize,Kharif,12.0,Loamy,0.46,0.753,471.6,36.4,1.12,47.31
Karnataka,Belagavi,Rice,Kharif,13.78,Loamy,0.444,0.593,638.5,39.5,2.56,52.09
Uttar Pradesh,Lucknow,Sugarcane,Rabi,9.44,Black,0.609,0.294,544.3,16.7,1.92,42.88
Karnataka,Belagavi,Cotton,Kharif,5.19,Red,0.589,0.364,472.2,36.7,2.88,50.32
Haryana,Hisar,Sugarcane,Kharif,3.9,Red,0.611,0.873,148.4,18.0,4.51,53.18
Karnataka,Belagavi,Maize,Rabi,14.64,Alluvial,0.284,0.861,652.6,16.3,5.86,70.0
Punjab,Amritsar,Maize,Kharif,3.05,Alluvial,0.44,0.593,695.8,36.8,4.81,71.47
Punjab,Ludhiana,Maize,Rabi,8.24,Loamy,0.346,0.299,771.0,23.1,2.22,59.44
Maharashtra,Pune,Cotton,Rabi,6.21,Red,0.516,0.718,611.7,39.0,2.66,57.9
Haryana,Hisar,Rice,Rabi,9.32,Black,0.582,0.339,439.7,28.3,4.9,74.73
Punjab,Amritsar,Rice,Rabi,9.72,Black,0.206,0.618,103.4,36.4,5.04,36.23
Karnataka,Belagavi,Wheat,Rabi,13.2,Alluvial,0.759,0.327,587.1,15.8,2.55,52.45
Maharashtra,Nagpur,Cotton,Kharif,6.86,Loamy,0.339,0.475,513.4,23.7,5.68,69.21
Uttar Pradesh,Lucknow,Cotton,Rabi,12.97,Alluvial,0.806,0.424,570.3,30.2,3.36,79.72
Uttar Pradesh,Lucknow,Cotton,Rabi,8.04,Red,0.259,0.275,334.1,20.3,5.76,46.04
Punjab,Ludhiana,Cotton,Rabi,12.78,Red,0.856,0.498,935.4,19.0,1.78,80.08
Uttar Pradesh,Kanpur,Wheat,Kharif,11.86,Black,0.779,0.805,591.1,36.7,3.55,77.29
Maharashtra,Nagpur,Sugarcane,Rabi,6.28,Black,0.219,0.788,218.2,31.8,2.79,44.62
Haryana,Hisar,Rice,Rabi,2.3,Black,0.689,0.79,68.9,20.8,5.73,61.56
Karnataka,Mysuru,Maize,Rabi,13.39,Black,0.618,0.597,204.6,16.7,3.76,42.98
Uttar Pradesh,Lucknow,Cotton,Kharif,12.48,Loamy,0.346,0.472,658.8,36.9,4.3,60.55
Uttar Pradesh,Kanpur,Cotton,Kharif,14.43,Black,0.421,0.488,390.9,21.7,4.47,56.23
Uttar Pradesh,Lucknow,Wheat,Kharif,8.14,Loamy,0.213,0.548,326.5,38.2,1.44,24.28
Maharashtra,Pune,Wheat,Kharif,2.61,Black,0.53,0.459,583.2,38.7,4.8,61.78
Maharashtra,Pune,Sugarcane,Kharif,8.33,Red,0.82,0.814,473.2,21.2,2.13,69.76
Maharashtra,Pune,Sugarcane,Kharif,5.71,Black,0.766,0.284,488.2,18.1,3.21,54.57
Karnataka,Mysuru,Wheat,Kharif,9.69,Alluvial,0.483,0.525,811.4,23.3,1.73,69.85
Uttar Pradesh,Kanpur,Rice,Kharif,10.41,Red,0.76,0.329,384.7,18.1,3.71,52.81
Haryana,Karnal,Rice,Rabi,4.68,Loamy,0.517,0.731,449.6,19.9,2.79,56.6
Karnataka,Belagavi,Wheat,Kharif,10.3,Red,0.295,0.41,103.4,26.9,2.04,33.74
Uttar Pradesh,Kanpur,Cotton,Kharif,11.97,Black,0.489,0.55,94.6,22.0,2.84,37.79
Haryana,Karnal,Maize,Rabi,10.84,Loamy,0.23,0.381,212.4,19.7,3.52,29.2
Maharashtra,Nagpur,Wheat,Rabi,5.58,Black,0.677,0.282,756.8,19.1,4.44,72.98
Haryana,Karnal,Wheat,Kharif,0.95,Alluvial,0.536,0.757,664.7,39.2,5.22,74.62
Haryana,Karnal,Sugarcane,Rabi,0.85,Red,0.231,0.221,810.6,22.5,3.47,60.49
Uttar Pradesh,Kanpur,Rice,Rabi,0.67,Alluvial,0.598,0.287,776.4,21.4,4.37,75.58
Punjab,Ludhiana,Wheat,Rabi,4.37,Red,0.804,0.209,222.4,30.3,5.09,65.34
Maharashtra,Pune,Maize,Rabi,3.23,Alluvial,0.771,0.802,722.6,20.2,2.36,79.37
Maharashtra,Nagpur,Wheat,Rabi,12.93,Loamy,0.57,0.429,325.1,28.6,2.63,58.88
Uttar Pradesh,Kanpur,Wheat,Rabi,12.88,Loamy,0.357,0.556,666.3,29.1,2.83,71.66
Maharashtra,Nagpur,Wheat,Kharif,0.96,Loamy,0.448,0.442,565.0,21.4,2.34,53.48
Haryana,Karnal,Maize,Kharif,4.11,Black,0.601,0.817,544.5,31.5,2.79,75.63
Uttar Pradesh,Lucknow,Rice,Rabi,5.71,Alluvial,0.334,0.459,861.1,33.5,2.67,68.57
Haryana,Karnal,Rice,Rabi,12.72,Black,0.485,0.722,241.3,35.3,1.42,39.59
Maharashtra,Nagpur,Maize,Rabi,7.77,Loamy,0.671,0.33,684.4,15.2,5.17,66.21
Uttar Pradesh,Lucknow,Sugarcane,Kharif,1.36,Red,0.872,0.277,114.2,16.1,3.14,35.06
Karnataka,Belagavi,Wheat,Rabi,4.27,Red,0.64,0.23,417.2,22.3,2.14,48.31
Punjab,Amritsar,Sugarcane,Kharif,13.59,Alluvial,0.792,0.825,55.5,33.5,3.74,58.82
Haryana,Karnal,Maize,Kharif,8.3,Loamy,0.853,0.367,344.7,22.9,5.03,71.22
Punjab,Amritsar,Sugarcane,Rabi,1.56,Black,0.488,0.559,111.8,27.7,5.8,65.04
Uttar Pradesh,Kanpur,Sugarcane,Kharif,14.91,Loamy,0.495,0.317,322.0,28.8,3.86,59.05
Punjab,Amritsar,Sugarcane,Rabi,4.28,Alluvial,0.477,0.788,651.7,19.2,2.63,64.53
Maharashtra,Nagpur,Cotton,Kharif,8.35,Loamy,0.577,0.812,98.0,25.6,1.91,50.15
Karnataka,Mysuru,Rice,Kharif,14.06,Black,0.344,0.852,671.9,17.8,3.91,66.09
Haryana,Hisar,Rice,Kharif,11.64,Loamy,0.43,0.847,941.5,16.0,1.07,64.65
Maharashtra,Nagpur,Rice,Kharif,12.15,Red,0.398,0.514,63.6,35.1,4.52,38.36
Punjab,Ludhiana,Cotton,Rabi,2.13,Black,0.528,0.318,89.4,23.5,1.75,30.65
Maharashtra,Pune,Maize,Kharif,7.94,Red,0.684,0.422,666.2,26.5,3.85,84.05
Haryana,Hisar,Wheat,Rabi,4.08,Alluvial,0.704,0.373,253.9,28.7,4.39,67.21
Punjab,Amritsar,Maize,Rabi,9.26,Black,0.5,0.792,742.4,29.5,2.6,84.42
Uttar Pradesh,Kanpur,Wheat,Kharif,11.09,Loamy,0.704,0.456,723.0,26.6,1.75,78.14
Maharashtra,Nagpur,Wheat,Rabi,14.86,Red,0.642,0.755,63.8,37.0,5.77,55.38
Uttar Pradesh,Lucknow,Maize,Kharif,4.65,Alluvial,0.797,0.618,600.4,31.5,5.28,92.77
Maharashtra,Pune,Wheat,Kharif,14.71,Black,0.588,0.857,822.7,31.7,2.75,89.49
Uttar Pradesh,Kanpur,Wheat,Kharif,7.55,Alluvial,0.776,0.739,679.6,37.4,2.26,72.12
Haryana,Karnal,Rice,Rabi,7.66,Red,0.8,0.826,617.8,27.7,4.92,100.0
Maharashtra,Pune,Sugarcane,Rabi,7.86,Red,0.408,0.468,176.4,21.9,2.2,33.6
Maharashtra,Nagpur,Cotton,Kharif,4.13,Red,0.859,0.558,172.5,22.0,4.65,63.89
Uttar Pradesh,Kanpur,Sugarcane,Kharif,8.06,Loamy,0.892,0.552,950.4,37.9,5.71,100.0
Uttar Pradesh,Lucknow,Wheat,Rabi,14.7,Black,0.453,0.276,789.4,24.2,4.1,75.12
Maharashtra,Pune,Cotton,Kharif,1.72,Alluvial,0.773,0.439,857.0,39.8,2.74,70.98
Karnataka,Belagavi,Maize,Kharif,8.1,Black,0.545,0.376,328.6,34.1,4.78,56.61
Maharashtra,Pune,Cotton,Rabi,9.38,Red,0.649,0.724,544.7,27.8,4.16,88.45
Haryana,Hisar,Sugarcane,Kharif,4.41,Alluvial,0.584,0.452,563.3,25.1,5.18,80.01
Maharashtra,Pune,Sugarcane,Rabi,14.81,Alluvial,0.63,0.836,391.3,32.5,1.28,59.92
Karnataka,Belagavi,Rice,Rabi,13.31,Black,0.275,0.779,310.5,33.2,2.63,47.37
Uttar Pradesh,Lucknow,Cotton,Kharif,4.11,Red,0.419,0.241,294.9,27.3,5.73,62.69
Karnataka,Mysuru,Cotton,Kharif,3.53,Alluvial,0.829,0.215,909.6,17.8,1.67,67.82
Maharashtra,Pune,Maize,Rabi,12.43,Loamy,0.775,0.399,300.6,28.0,5.84,81.33
Punjab,Ludhiana,Wheat,Kharif,4.28,Red,0.781,0.388,376.1,20.0,3.54,57.54
Uttar Pradesh,Lucknow,Cotton,Kharif,8.66,Black,0.608,0.604,123.2,33.8,5.55,58.69
Karnataka,Mysuru,Rice,Kharif,10.62,Loamy,0.291,0.666,366.9,19.3,3.5,45.28
Haryana,Hisar,Maize,Kharif,2.04,Black,0.345,0.561,490.0,39.7,3.95,46.95
Punjab,Amritsar,Sugarcane,Kharif,4.47,Loamy,0.546,0.839,723.1,31.9,4.63,91.59
Maharashtra,Nagpur,Wheat,Rabi,3.07,Black,0.454,0.796,728.7,29.2,1.1,75.33
Uttar Pradesh,Kanpur,Rice,Rabi,0.73,Black,0.233,0.585,994.7,23.6,2.72,77.32
Haryana,Hisar,Maize,Rabi,1.97,Black,0.527,0.667,518.8,31.9,5.08,78.66
Punjab,Ludhiana,Cotton,Kharif,6.91,Loamy,0.233,0.415,284.8,25.4,2.59,40.52
Karnataka,Mysuru,Rice,Kharif,11.73,Loamy,0.479,0.894,266.2,21.6,1.26,45.92
Karnataka,Mysuru,Cotton,Kharif,10.47,Alluvial,0.812,0.665,583.9,32.8,4.75,88.39
Haryana,Karnal,Rice,Kharif,5.92,Alluvial,0.549,0.631,960.1,23.3,4.8,97.59
Haryana,Hisar,Wheat,Kharif,7.71,Alluvial,0.521,0.228,842.7,24.4,1.36,65.67
Maharashtra,Pune,Maize,Kharif,8.79,Loamy,0.389,0.865,327.2,28.9,5.01,74.85
Punjab,Amritsar,Wheat,Kharif,11.27,Loamy,0.553,0.208,298.4,23.1,5.26,55.97
Karnataka,Belagavi,Cotton,Rabi,3.15,Loamy,0.49,0.351,867.3,33.7,2.77,71.74
Punjab,Amritsar,Sugarcane,Kharif,2.82,Red,0.703,0.78,348.3,22.0,2.21,60.57
Maharashtra,Nagpur,Cotton,Kharif,4.53,Red,0.69,0.488,350.5,38.5,2.31,44.42
Karnataka,Mysuru,Cotton,Kharif,4.88,Red,0.805,0.737,696.9,26.4,3.54,95.94
Maharashtra,Pune,Wheat,Kharif,6.28,Loamy,0.734,0.822,369.2,19.1,4.69,70.35
Uttar Pradesh,Kanpur,Wheat,Kharif,4.29,Black,0.247,0.428,118.6,32.6,2.93,30.72
Karnataka,Mysuru,Cotton,Kharif,14.79,Loamy,0.785,0.211,636.0,21.4,1.52,58.95
Karnataka,Mysuru,Cotton,Kharif,8.54,Loamy,0.884,0.75,785.5,23.9,1.04,85.96
Punjab,Ludhiana,Sugarcane,Kharif,14.79,Loamy,0.299,0.408,212.2,26.9,4.98,53.97
Maharashtra,Pune,Rice,Rabi,1.97,Black,0.742,0.37,316.8,30.0,5.51,74.61
Uttar Pradesh,Kanpur,Cotton,Kharif,14.51,Red,0.262,0.622,136.1,18.9,4.02,33.42
Punjab,Ludhiana,Maize,Rabi,9.44,Loamy,0.543,0.521,752.8,28.0,1.53,77.32
Uttar Pradesh,Kanpur,Rice,Kharif,3.97,Loamy,0.659,0.209,623.9,34.3,1.85,56.14
Karnataka,Mysuru,Sugarcane,Rabi,13.92,Red,0.662,0.206,430.3,37.8,5.43,57.39
Punjab,Amritsar,Wheat,Rabi,4.0,Alluvial,0.567,0.235,410.6,19.4,1.11,34.6
Uttar Pradesh,Lucknow,Maize,Rabi,7.39,Alluvial,0.245,0.425,383.8,35.2,4.68,47.39
Uttar Pradesh,Kanpur,Sugarcane,Kharif,3.63,Black,0.64,0.243,127.4,15.2,3.83,28.39
Karnataka,Belagavi,Wheat,Kharif,4.14,Black,0.877,0.776,459.6,34.6,3.04,75.08
Karnataka,Mysuru,Maize,Rabi,4.95,Black,0.79,0.676,860.7,22.3,3.31,92.74
Karnataka,Belagavi,Sugarcane,Rabi,9.62,Alluvial,0.263,0.526,297.6,26.7,4.89,59.09
Punjab,Ludhiana,Maize,Rabi,1.75,Alluvial,0.463,0.598,718.1,36.9,5.72,77.86
Karnataka,Mysuru,Wheat,Kharif,2.99,Red,0.582,0.434,123.5,16.6,4.8,38.59
Punjab,Ludhiana,Rice,Kharif,2.45,Alluvial,0.306,0.377,429.1,38.5,4.37,42.44
Uttar Pradesh,Lucknow,Wheat,Kharif,6.82,Alluvial,0.501,0.675,779.2,26.9,2.07,81.52
Uttar Pradesh,Kanpur,Rice,Kharif,9.24,Red,0.344,0.671,179.9,15.6,5.32,39.61
Uttar Pradesh,Kanpur,Cotton,Kharif,9.99,Black,0.869,0.76,779.2,27.5,5.1,100.0
Karnataka,Mysuru,Sugarcane,Rabi,10.34,Loamy,0.431,0.641,531.4,26.5,5.95,84.43
Haryana,Karnal,Maize,Rabi,1.27,Loamy,0.605,0.761,583.0,16.6,4.47,68.9
Maharashtra,Nagpur,Wheat,Kharif,5.03,Black,0.729,0.489,111.4,29.6,1.65,48.36
Haryana,Hisar,Rice,Rabi,8.64,Alluvial,0.382,0.481,366.0,35.1,5.62,57.59
Maharashtra,Nagpur,Rice,Kharif,11.33,Red,0.618,0.832,240.6,34.0,4.42,64.56
Maharashtra,Pune,Sugarcane,Rabi,14.49,Alluvial,0.605,0.788,945.1,29.3,1.8,94.53
Uttar Pradesh,Lucknow,Maize,Rabi,7.46,Alluvial,0.632,0.538,974.4,22.3,5.37,99.74
Karnataka,Belagavi,Sugarcane,Kharif,11.7,Black,0.552,0.338,400.5,21.8,3.1,50.9
Karnataka,Mysuru,Sugarcane,Kharif,11.36,Alluvial,0.252,0.802,825.4,34.1,2.55,70.69
Maharashtra,Pune,Rice,Rabi,14.31,Red,0.858,0.767,894.8,16.2,5.25,96.59
Karnataka,Mysuru,Rice,Kharif,5.72,Loamy,0.329,0.51,441.2,16.2,5.15,48.48
Haryana,Hisar,Wheat,Rabi,8.09,Black,0.286,0.405,295.7,36.0,1.97,28.77
Haryana,Hisar,Rice,Rabi,4.19,Loamy,0.532,0.368,835.7,39.0,1.28,54.0
Haryana,Hisar,Maize,Kharif,7.12,Red,0.31,0.49,338.1,30.3,2.09,45.85
Maharashtra,Nagpur,Sugarcane,Kharif,5.35,Alluvial,0.349,0.633,584.5,26.6,1.48,61.86
Karnataka,Mysuru,Rice,Rabi,3.1,Alluvial,0.258,0.512,693.1,33.8,2.99,59.84
Maharashtra,Nagpur,Maize,Rabi,9.66,Alluvial,0.821,0.652,822.3,28.0,4.59,100.0
Haryana,Hisar,Maize,Rabi,9.51,Loamy,0.809,0.228,675.0,36.2,1.87,60.72
Haryana,Hisar,Cotton,Kharif,6.47,Red,0.363,0.657,330.4,35.6,1.07,35.8
Haryana,Karnal,Rice,Kharif,3.63,Black,0.429,0.215,569.4,30.8,2.14,53.96
Uttar Pradesh,Lucknow,Sugarcane,Rabi,10.95,Loamy,0.578,0.778,531.8,28.5,1.26,71.57
Haryana,Hisar,Cotton,Kharif,1.46,Red,0.87,0.442,874.7,39.0,5.72,91.83
Karnataka,Mysuru,Rice,Kharif,1.73,Red,0.572,0.675,586.5,20.8,1.31,58.37
Punjab,Ludhiana,Rice,Rabi,3.93,Black,0.842,0.248,934.4,35.8,1.1,72.29
Haryana,Hisar,Sugarcane,Kharif,6.7,Red,0.664,0.364,937.0,21.9,2.3,78.49
Karnataka,Belagavi,Rice,Rabi,14.72,Alluvial,0.443,0.785,293.6,16.9,1.16,33.41
Punjab,Ludhiana,Wheat,Rabi,4.1,Black,0.416,0.792,518.1,35.7,2.87,59.22
Uttar Pradesh,Kanpur,Sugarcane,Kharif,13.5,Alluvial,0.889,0.482,827.7,25.4,3.27,95.7
Maharashtra,Nagpur,Wheat,Rabi,11.93,Loamy,0.461,0.451,998.9,24.6,2.24,81.76
Haryana,Hisar,Cotton,Kharif,4.75,Black,0.298,0.688,355.3,35.1,5.86,60.49
Karnataka,Belagavi,Sugarcane,Kharif,11.78,Alluvial,0.666,0.745,493.0,37.9,4.95,71.54
Punjab,Ludhiana,Maize,Kharif,12.31,Loamy,0.772,0.21,647.6,39.3,2.16,52.85
Karnataka,Belagavi,Rice,Rabi,1.24,Alluvial,0.732,0.422,406.8,27.1,3.54,72.41
Punjab,Amritsar,Sugarcane,Rabi,8.23,Loamy,0.626,0.33,899.7,27.1,1.58,81.25
Punjab,Ludhiana,Cotton,Kharif,2.82,Red,0.464,0.275,237.8,34.1,4.85,47.05
Haryana,Karnal,Rice,Kharif,6.09,Loamy,0.505,0.787,585.1,24.4,1.9,68.91
Karnataka,Mysuru,Sugarcane,Rabi,2.89,Black,0.823,0.894,389.1,22.3,2.09,69.66
Uttar Pradesh,Kanpur,Rice,Kharif,10.74,Red,0.652,0.846,949.1,36.9,5.31,100.0
Uttar Pradesh,Kanpur,Maize,Kharif,9.72,Alluvial,0.583,0.775,828.0,30.0,1.11,82.73
Haryana,Karnal,Wheat,Rabi,9.45,Red,0.247,0.216,465.0,34.8,1.15,29.45
Maharashtra,Nagpur,Maize,Kharif,9.81,Black,0.763,0.754,733.7,37.2,2.09,74.29
Karnataka,Belagavi,Maize,Rabi,12.63,Red,0.54,0.423,692.4,27.3,5.48,90.09
Punjab,Ludhiana,Cotton,Kharif,13.42,Alluvial,0.353,0.746,95.6,22.1,4.12,44.59
Maharashtra,Pune,Maize,Kharif,1.64,Black,0.781,0.731,734.0,23.9,4.92,98.71
Haryana,Hisar,Maize,Kharif,14.73,Black,0.508,0.407,381.0,28.0,5.68,75.41
Haryana,Karnal,Wheat,Kharif,2.67,Alluvial,0.552,0.71,763.5,20.6,1.5,67.95
Uttar Pradesh,Lucknow,Wheat,Rabi,8.89,Loamy,0.506,0.578,152.6,32.4,4.67,54.34
Maharashtra,Pune,Rice,Rabi,11.47,Black,0.25,0.795,837.9,26.8,3.8,87.12
Haryana,Karnal,Cotton,Kharif,8.41,Alluvial,0.741,0.439,761.4,26.1,2.89,85.63
Karnataka,Belagavi,Rice,Rabi,0.79,Loamy,0.87,0.743,191.7,16.9,2.54,49.11
Maharashtra,Pune,Wheat,Kharif,1.4,Loamy,0.4,0.346,602.1,31.9,4.17,65.81
Haryana,Karnal,Rice,Kharif,2.23,Black,0.361,0.823,375.2,35.0,2.25,49.22
Haryana,Karnal,Cotton,Rabi,11.68,Loamy,0.603,0.388,526.1,39.1,1.1,40.41
Maharashtra,Nagpur,Wheat,Rabi,3.58,Loamy,0.852,0.65,883.6,23.2,5.14,100.0
Karnataka,Mysuru,Rice,Rabi,1.84,Loamy,0.86,0.521,993.0,28.5,4.79,100.0
Uttar Pradesh,Lucknow,Sugarcane,Rabi,7.26,Black,0.225,0.669,105.5,17.2,5.22,34.38
Punjab,Amritsar,Wheat,Rabi,6.77,Black,0.873,0.222,611.9,33.6,4.8,79.5
Uttar Pradesh,Kanpur,Rice,Rabi,8.24,Black,0.748,0.266,61.4,35.4,4.56,43.9
Haryana,Karnal,Maize,Rabi,8.52,Black,0.622,0.713,898.2,25.4,5.01,100.0
Maharashtra,Pune,Maize,Kharif,3.89,Black,0.386,0.773,820.2,27.4,3.9,92.14
Maharashtra,Nagpur,Wheat,Rabi,7.56,Red,0.257,0.23,495.3,36.1,5.66,51.61
Maharashtra,Nagpur,Maize,Rabi,2.29,Red,0.838,0.393,263.1,35.4,5.91,67.06
Punjab,Ludhiana,Wheat,Kharif,8.04,Loamy,0.88,0.75,400.2,32.8,5.66,88.26
Uttar Pradesh,Lucknow,Cotton,Rabi,9.26,Red,0.429,0.811,472.1,32.5,4.18,70.8
Karnataka,Mysuru,Cotton,Rabi,11.26,Loamy,0.758,0.618,669.4,23.7,1.2,72.85
Haryana,Hisar,Maize,Rabi,1.25,Black,0.795,0.253,423.6,17.4,3.82,53.23
Uttar Pradesh,Kanpur,Maize,Kharif,5.77,Alluvial,0.317,0.69,845.0,21.8,1.93,67.84
Punjab,Amritsar,Cotton,Kharif,13.73,Black,0.297,0.323,289.5,21.1,2.55,31.9
Uttar Pradesh,Lucknow,Sugarcane,Kharif,14.17,Loamy,0.416,0.855,655.7,39.5,4.77,69.57
Uttar Pradesh,Kanpur,Maize,Rabi,14.62,Loamy,0.855,0.649,67.6,33.7,2.68,51.53
Uttar Pradesh,Lucknow,Rice,Rabi,10.93,Red,0.787,0.892,160.6,24.3,5.03,75.62
Karnataka,Belagavi,Sugarcane,Rabi,0.78,Alluvial,0.858,0.885,356.2,34.2,1.64,65.77
Punjab,Amritsar,Wheat,Rabi,3.58,Black,0.671,0.75,242.4,35.5,5.79,68.31
Uttar Pradesh,Lucknow,Rice,Rabi,9.17,Loamy,0.209,0.567,596.8,31.8,1.85,52.98
Haryana,Hisar,Maize,Kharif,4.13,Red,0.582,0.891,859.4,21.7,2.84,87.22
Karnataka,Belagavi,Maize,Kharif,9.21,Loamy,0.34,0.771,546.8,20.7,4.13,64.56
Punjab,Amritsar,Wheat,Rabi,4.75,Alluvial,0.263,0.498,633.0,17.2,3.59,49.65
Uttar Pradesh,Kanpur,Sugarcane,Rabi,14.77,Red,0.534,0.259,957.8,15.1,4.88,71.66
Uttar Pradesh,Lucknow,Maize,Kharif,7.88,Black,0.696,0.801,756.7,15.4,4.42,79.12
Karnataka,Mysuru,Wheat,Kharif,5.35,Loamy,0.655,0.685,340.9,39.9,1.52,40.89
Punjab,Ludhiana,Cotton,Rabi,3.98,Alluvial,0.32,0.887,327.3,37.6,1.89,39.99
Maharashtra,Nagpur,Sugarcane,Kharif,11.14,Alluvial,0.824,0.314,739.3,26.1,4.77,93.7
Uttar Pradesh,Lucknow,Cotton,Rabi,6.2,Alluvial,0.461,0.64,216.0,24.5,5.34,62.64
Karnataka,Mysuru,Sugarcane,Rabi,13.62,Black,0.303,0.383,996.0,18.9,4.6,74.78
Punjab,Ludhiana,Rice,Kharif,3.62,Loamy,0.666,0.33,678.5,27.3,2.93,78.73
Haryana,Karnal,Maize,Kharif,4.03,Red,0.884,0.218,735.6,21.2,5.06,84.87
Maharashtra,Nagpur,Maize,Rabi,4.44,Red,0.486,0.708,144.1,33.9,1.55,37.86
Uttar Pradesh,Lucknow,Cotton,Kharif,2.2,Loamy,0.389,0.483,512.7,15.0,5.44,52.53
Haryana,Hisar,Maize,Kharif,7.19,Loamy,0.681,0.52,90.4,21.4,2.76,41.95
Maharashtra,Pune,Sugarcane,Kharif,1.21,Loamy,0.726,0.869,58.9,19.8,3.72,52.28
Karnataka,Belagavi,Wheat,Kharif,4.5,Red,0.556,0.376,907.8,34.2,3.47,79.2
Maharashtra,Pune,Sugarcane,Kharif,4.63,Red,0.348,0.24,752.9,27.7,1.57,63.07
Karnataka,Mysuru,Maize,Rabi,7.41,Alluvial,0.676,0.814,801.5,15.6,1.62,67.39
Maharashtra,Pune,Wheat,Rabi,8.97,Alluvial,0.834,0.838,793.9,20.2,4.65,97.49
Karnataka,Belagavi,Rice,Rabi,8.48,Alluvial,0.634,0.758,711.3,19.6,3.06,75.2
Haryana,Hisar,Wheat,Rabi,11.17,Alluvial,0.339,0.382,322.2,19.0,5.25,45.77
Karnataka,Belagavi,Sugarcane,Rabi,8.03,Black,0.631,0.46,521.8,28.7,5.77,87.12
Karnataka,Mysuru,Rice,Rabi,10.36,Alluvial,0.234,0.242,201.3,23.8,3.17,31.76
Maharashtra,Nagpur,Cotton,Rabi,4.02,Alluvial,0.603,0.351,943.5,21.5,5.95,93.8
Karnataka,Mysuru,Wheat,Kharif,14.04,Red,0.638,0.607,670.2,34.7,5.49,85.07
Haryana,Karnal,Cotton,Rabi,2.09,Loamy,0.769,0.363,387.8,18.6,1.98,46.48
Maharashtra,Nagpur,Maize,Rabi,10.33,Black,0.71,0.453,795.5,21.0,4.46,84.25
Punjab,Ludhiana,Rice,Rabi,10.96,Alluvial,0.734,0.818,563.6,31.8,3.19,82.67
Maharashtra,Nagpur,Maize,Rabi,2.88,Loamy,0.374,0.624,160.5,37.3,1.24,24.32
Maharashtra,Nagpur,Sugarcane,Kharif,11.56,Alluvial,0.601,0.77,121.8,30.5,2.24,52.58
Karnataka,Belagavi,Sugarcane,Kharif,1.78,Loamy,0.218,0.365,366.4,30.7,1.66,37.98
Haryana,Karnal,Cotton,Kharif,8.23,Loamy,0.89,0.572,735.7,17.8,2.49,74.28
Maharashtra,Pune,Sugarcane,Rabi,13.59,Black,0.418,0.838,432.5,30.9,3.12,67.01
Maharashtra,Nagpur,Maize,Kharif,4.45,Red,0.508,0.332,976.0,23.6,5.61,94.13
Karnataka,Mysuru,Maize,Kharif,11.68,Loamy,0.361,0.565,155.2,24.6,1.39,34.67
Uttar Pradesh,Kanpur,Cotton,Rabi,4.19,Loamy,0.531,0.514,224.9,30.3,4.62,61.18
Karnataka,Belagavi,Maize,Rabi,14.84,Red,0.271,0.784,413.0,29.9,2.88,60.33
Punjab,Ludhiana,Wheat,Rabi,11.01,Loamy,0.288,0.705,443.0,35.0,4.0,55.85
Haryana,Karnal,Wheat,Kharif,2.46,Alluvial,0.583,0.327,779.1,39.2,2.8,59.13
Punjab,Ludhiana,Wheat,Kharif,7.88,Black,0.44,0.505,542.9,23.0,2.47,57.52
Punjab,Ludhiana,Rice,Rabi,9.98,Black,0.346,0.601,337.1,36.1,2.75,41.54
Maharashtra,Pune,Sugarcane,Kharif,3.71,Black,0.803,0.614,739.2,17.0,4.83,82.56
Haryana,Karnal,Rice,Rabi,13.03,Red,0.759,0.45,704.8,19.7,5.07,81.81
Maharashtra,Pune,Cotton,Kharif,13.69,Loamy,0.497,0.872,252.8,39.9,4.49,50.48
Punjab,Ludhiana,Wheat,Kharif,10.37,Black,0.266,0.642,885.1,19.5,4.69,76.06
Haryana,Hisar,Maize,Rabi,2.33,Loamy,0.808,0.786,856.9,32.6,3.33,98.23
Haryana,Karnal,Wheat,Rabi,14.26,Red,0.515,0.851,885.3,35.7,3.94,87.86
Punjab,Amritsar,Rice,Rabi,0.7,Alluvial,0.23,0.674,893.8,36.4,1.84,61.99
Karnataka,Belagavi,Rice,Rabi,3.13,Alluvial,0.541,0.546,779.3,33.2,2.01,71.2
Haryana,Karnal,Rice,Kharif,6.96,Loamy,0.44,0.695,839.9,20.4,5.74,88.27
Uttar Pradesh,Kanpur,Wheat,Kharif,2.02,Loamy,0.618,0.318,708.4,33.4,3.4,71.2
Karnataka,Belagavi,Rice,Rabi,14.27,Red,0.559,0.251,654.2,34.5,1.8,54.55
Haryana,Karnal,Cotton,Kharif,7.69,Alluvial,0.349,0.671,161.9,16.5,2.92,28.69
Maharashtra,Nagpur,Maize,Kharif,2.87,Red,0.482,0.833,263.2,32.1,1.71,51.2
Haryana,Hisar,Rice,Rabi,6.71,Black,0.683,0.622,184.0,38.5,2.73,41.3
Maharashtra,Nagpur,Sugarcane,Rabi,13.49,Red,0.774,0.528,173.8,37.5,2.15,40.73
Maharashtra,Nagpur,Cotton,Rabi,2.12,Red,0.307,0.373,209.8,31.8,3.1,38.46
Karnataka,Belagavi,Rice,Kharif,1.51,Red,0.433,0.663,750.3,33.5,1.55,66.0
Haryana,Hisar,Wheat,Rabi,14.31,Red,0.555,0.515,285.2,17.5,3.74,44.26
Maharashtra,Pune,Cotton,Rabi,15.0,Red,0.426,0.79,879.3,39.9,2.71,68.37
Karnataka,Mysuru,Rice,Rabi,10.72,Loamy,0.719,0.345,856.3,25.5,2.08,82.0
Punjab,Amritsar,Rice,Kharif,11.35,Red,0.204,0.294,122.5,17.5,2.92,14.21
Karnataka,Belagavi,Sugarcane,Kharif,9.42,Loamy,0.758,0.46,439.7,22.9,3.19,65.77
Haryana,Hisar,Maize,Rabi,13.55,Loamy,0.529,0.368,947.9,33.4,4.2,85.31
Maharashtra,Pune,Rice,Kharif,2.72,Loamy,0.303,0.494,199.5,36.4,3.89,35.58
Karnataka,Belagavi,Wheat,Kharif,11.28,Alluvial,0.762,0.581,192.1,34.7,2.54,50.1
Uttar Pradesh,Kanpur,Maize,Rabi,4.81,Loamy,0.834,0.238,129.3,32.5,1.95,42.36
Uttar Pradesh,Lucknow,Rice,Rabi,12.32,Alluvial,0.323,0.862,207.3,15.6,4.49,40.87
Haryana,Hisar,Rice,Rabi,3.93,Red,0.261,0.551,895.7,36.2,1.59,59.25
Maharashtra,Nagpur,Rice,Kharif,5.98,Loamy,0.645,0.554,836.2,31.0,2.32,83.84
Karnataka,Belagavi,Maize,Kharif,7.85,Black,0.819,0.23,251.7,32.3,5.13,64.05
Uttar Pradesh,Lucknow,Cotton,Rabi,5.72,Red,0.73,0.414,150.7,35.8,4.81,51.89
Haryana,Hisar,Wheat,Rabi,14.42,Loamy,0.688,0.762,451.6,17.4,1.84,53.71
Haryana,Karnal,Maize,Kharif,7.72,Alluvial,0.785,0.584,146.6,30.4,5.99,74.56
Maharashtra,Pune,Rice,Kharif,5.9,Black,0.829,0.553,474.8,35.5,1.24,57.78
Punjab,Amritsar,Rice,Rabi,4.54,Black,0.703,0.488,591.7,17.1,1.62,52.69
Punjab,Amritsar,Sugarcane,Rabi,2.93,Loamy,0.545,0.235,84.6,27.4,2.08,38.38
Uttar Pradesh,Kanpur,Maize,Rabi,9.99,Red,0.68,0.873,401.9,19.9,3.6,67.52
Haryana,Hisar,Maize,Rabi,1.76,Alluvial,0.793,0.836,927.9,34.1,4.71,100.0
Haryana,Hisar,Cotton,Kharif,8.26,Loamy,0.699,0.477,87.9,20.7,5.51,53.73
Karnataka,Belagavi,Cotton,Rabi,6.63,Loamy,0.248,0.814,596.7,31.2,2.44,64.66
Karnataka,Belagavi,Sugarcane,Rabi,10.45,Red,0.373,0.508,965.5,30.6,5.75,97.58
Haryana,Karnal,Cotton,Rabi,2.56,Loamy,0.564,0.377,998.7,21.7,2.15,77.25
Karnataka,Mysuru,Rice,Rabi,12.26,Black,0.539,0.302,492.0,21.3,2.12,48.22
Maharashtra,Pune,Sugarcane,Rabi,14.57,Loamy,0.756,0.378,438.4,36.6,2.79,54.58
Punjab,Ludhiana,Sugarcane,Rabi,8.85,Loamy,0.419,0.511,389.0,25.8,1.36,49.29
Maharashtra,Pune,Maize,Rabi,11.56,Loamy,0.86,0.802,447.6,20.4,2.56,70.13
Karnataka,Belagavi,Rice,Rabi,8.33,Alluvial,0.337,0.867,902.3,15.8,3.81,73.23
Maharashtra,Pune,Cotton,Rabi,0.78,Loamy,0.23,0.221,981.5,17.9,1.71,51.0
Uttar Pradesh,Kanpur,Wheat,Kharif,1.57,Red,0.87,0.351,971.6,28.5,4.26,100.0
Maharashtra,Nagpur,Wheat,Rabi,0.65,Black,0.224,0.891,484.7,38.4,4.65,56.8
Maharashtra,Pune,Cotton,Rabi,4.11,Alluvial,0.657,0.868,334.6,36.4,3.53,62.28
Uttar Pradesh,Lucknow,Rice,Rabi,6.89,Alluvial,0.867,0.521,553.6,35.1,4.61,79.9
Karnataka,Mysuru,Rice,Kharif,14.25,Alluvial,0.207,0.611,872.7,31.3,5.0,84.56
Uttar Pradesh,Kanpur,Cotton,Kharif,8.44,Black,0.645,0.543,161.0,33.4,5.2,59.4
Uttar Pradesh,Kanpur,Rice,Kharif,12.67,Loamy,0.692,0.595,895.2,17.8,4.57,86.31
Haryana,Hisar,Maize,Rabi,0.79,Alluvial,0.507,0.357,77.4,26.8,2.03,38.29
Karnataka,Mysuru,Cotton,Kharif,14.87,Black,0.583,0.653,923.3,24.4,1.83,84.84
Haryana,Hisar,Rice,Rabi,10.62,Red,0.82,0.34,218.4,35.0,2.6,47.12
Punjab,Amritsar,Cotton,Rabi,10.35,Loamy,0.772,0.209,584.4,26.7,2.3,70.37
Haryana,Hisar,Sugarcane,Kharif,8.27,Black,0.887,0.37,959.1,27.9,1.73,96.7
Maharashtra,Nagpur,Sugarcane,Kharif,3.0,Loamy,0.276,0.2,146.7,34.2,5.48,36.99
Karnataka,Belagavi,Rice,Rabi,14.93,Black,0.299,0.804,522.3,15.6,5.86,61.18
Maharashtra,Nagpur,Wheat,Kharif,12.21,Alluvial,0.852,0.59,694.4,19.2,4.76,85.49
Punjab,Amritsar,Rice,Rabi,10.41,Red,0.336,0.79,303.7,24.8,2.49,52.74
Karnataka,Belagavi,Maize,Kharif,6.54,Red,0.67,0.485,570.7,29.7,2.34,72.41
Uttar Pradesh,Lucknow,Wheat,Rabi,11.46,Alluvial,0.328,0.453,450.0,23.4,4.99,61.05
Punjab,Amritsar,Cotton,Kharif,4.17,Alluvial,0.468,0.494,339.5,17.3,1.57,32.16
Karnataka,Belagavi,Wheat,Kharif,10.4,Loamy,0.289,0.74,390.5,35.1,5.78,62.84
Karnataka,Mysuru,Cotton,Kharif,8.75,Loamy,0.461,0.866,851.7,35.7,5.87,94.32
Haryana,Hisar,Wheat,Kharif,6.02,Red,0.333,0.538,929.4,19.3,5.24,80.38
Uttar Pradesh,Lucknow,Wheat,Rabi,14.56,Black,0.404,0.412,421.0,35.4,1.05,35.94
Maharashtra,Nagpur,Sugarcane,Rabi,5.29,Alluvial,0.811,0.842,950.6,21.8,5.56,100.0
Maharashtra,Pune,Rice,Kharif,0.88,Alluvial,0.696,0.713,799.9,19.3,4.14,85.48
Punjab,Amritsar,Rice,Kharif,11.21,Red,0.882,0.893,999.2,37.3,4.2,100.0
Uttar Pradesh,Lucknow,Wheat,Kharif,1.33,Alluvial,0.688,0.729,676.5,24.1,3.56,86.13
Punjab,Ludhiana,Maize,Kharif,9.11,Loamy,0.849,0.476,146.8,23.1,3.08,54.55
Haryana,Hisar,Rice,Kharif,2.0,Red,0.332,0.843,648.1,22.9,2.83,69.05
Maharashtra,Pune,Maize,Kharif,1.98,Loamy,0.332,0.761,224.0,30.6,5.85,65.89
Haryana,Hisar,Sugarcane,Kharif,11.89,Alluvial,0.754,0.411,116.3,39.7,2.25,30.33
Punjab,Ludhiana,Wheat,Rabi,7.46,Alluvial,0.414,0.496,66.5,33.0,1.5,27.72
Uttar Pradesh,Lucknow,Cotton,Kharif,13.47,Loamy,0.325,0.56,162.8,22.0,4.43,43.66
Karnataka,Mysuru,Cotton,Rabi,0.65,Black,0.236,0.783,277.8,37.8,2.56,34.93
Haryana,Hisar,Rice,Rabi,8.14,Red,0.27,0.515,359.9,22.1,3.71,47.07
Punjab,Ludhiana,Sugarcane,Rabi,13.41,Alluvial,0.473,0.254,268.8,22.7,4.85,49.99
Karnataka,Belagavi,Cotton,Rabi,2.06,Loamy,0.691,0.214,76.4,28.1,1.48,40.55
Maharashtra,Nagpur,Maize,Rabi,7.19,Black,0.423,0.394,263.1,15.1,1.01,17.06
Punjab,Ludhiana,Sugarcane,Rabi,14.07,Loamy,0.596,0.651,180.9,20.6,5.5,58.88
Maharashtra,Nagpur,Rice,Kharif,11.57,Red,0.384,0.648,637.4,24.6,4.32,76.31
Maharashtra,Pune,Wheat,Rabi,6.34,Red,0.221,0.513,221.8,18.6,2.97,27.7
Punjab,Ludhiana,Wheat,Rabi,7.43,Alluvial,0.204,0.617,671.3,35.7,2.0,50.73
Punjab,Amritsar,Cotton,Rabi,3.62,Red,0.513,0.884,828.9,36.2,5.3,91.6
Punjab,Ludhiana,Maize,Rabi,6.34,Red,0.243,0.417,215.8,30.5,4.9,49.22
Karnataka,Belagavi,Maize,Rabi,12.4,Black,0.325,0.523,470.5,36.8,5.83,59.53
Karnataka,Mysuru,Rice,Rabi,10.01,Loamy,0.27,0.806,840.5,33.8,3.33,76.68
Karnataka,Belagavi,Maize,Rabi,13.26,Black,0.823,0.518,866.4,17.5,1.51,71.62
Maharashtra,Pune,Cotton,Kharif,0.64,Red,0.775,0.818,981.9,36.0,3.23,96.82
Haryana,Karnal,Maize,Rabi,12.32,Loamy,0.669,0.893,830.3,28.0,2.83,100.0
Punjab,Amritsar,Rice,Kharif,6.72,Loamy,0.591,0.787,774.8,18.0,2.23,70.25
Maharashtra,Nagpur,Wheat,Rabi,8.98,Black,0.265,0.881,96.9,17.1,4.51,36.89
Maharashtra,Nagpur,Sugarcane,Rabi,0.98,Loamy,0.873,0.687,227.2,19.0,3.85,60.34
Uttar Pradesh,Lucknow,Sugarcane,Kharif,0.87,Loamy,0.748,0.237,761.5,16.3,2.26,58.08
Uttar Pradesh,Kanpur,Maize,Rabi,9.59,Alluvial,0.491,0.762,330.6,21.6,4.28,61.37
Maharashtra,Pune,Wheat,Rabi,9.28,Black,0.727,0.271,965.3,36.2,2.94,78.78
Maharashtra,Pune,Wheat,Rabi,10.7,Loamy,0.223,0.281,787.3,35.3,3.96,59.4
Uttar Pradesh,Kanpur,Cotton,Kharif,3.34,Loamy,0.522,0.666,212.7,16.4,3.6,40.35
Uttar Pradesh,Kanpur,Sugarcane,Kharif,12.97,Red,0.391,0.209,357.3,15.2,3.72,29.78
Uttar Pradesh,Kanpur,Sugarcane,Rabi,6.8,Black,0.352,0.496,659.3,19.8,4.87,65.63
Uttar Pradesh,Lucknow,Wheat,Rabi,12.78,Loamy,0.631,0.588,698.0,35.3,4.22,78.19
Karnataka,Belagavi,Rice,Rabi,3.83,Alluvial,0.759,0.26,806.1,24.7,1.4,73.77
Punjab,Ludhiana,Cotton,Kharif,1.34,Loamy,0.279,0.308,990.4,23.6,2.46,70.48
Haryana,Karnal,Maize,Rabi,3.04,Loamy,0.843,0.76,268.8,27.1,3.29,76.59
Maharashtra,Nagpur,Rice,Rabi,6.52,Black,0.5,0.528,868.3,20.5,1.51,66.66
Karnataka,Mysuru,Maize,Kharif,6.69,Loamy,0.354,0.453,296.7,17.3,3.8,36.15
Punjab,Ludhiana,Wheat,Kharif,2.3,Loamy,0.662,0.626,554.7,25.1,5.77,89.61
Maharashtra,Pune,Cotton,Kharif,11.81,Alluvial,0.336,0.689,862.8,39.0,3.37,66.97
Uttar Pradesh,Kanpur,Rice,Rabi,7.61,Loamy,0.517,0.751,304.4,17.4,2.05,41.14
Punjab,Ludhiana,Maize,Rabi,14.01,Red,0.231,0.631,410.2,27.5,3.64,61.57
Punjab,Amritsar,Wheat,Rabi,2.33,Loamy,0.678,0.2,362.3,20.5,2.94,46.55
Maharashtra,Nagpur,Sugarcane,Rabi,13.86,Red,0.452,0.628,395.3,17.4,3.27,46.44
Uttar Pradesh,Kanpur,Maize,Kharif,10.85,Red,0.364,0.466,411.4,36.2,1.51,36.11
Haryana,Karnal,Rice,Kharif,3.71,Red,0.792,0.832,261.7,16.5,1.45,45.86
Haryana,Karnal,Rice,Rabi,6.23,Black,0.691,0.261,998.3,30.9,5.37,100.0
Maharashtra,Pune,Rice,Rabi,3.86,Black,0.624,0.552,551.5,20.8,4.38,70.72
Punjab,Amritsar,Wheat,Kharif,1.26,Red,0.64,0.633,968.1,22.5,3.09,91.08
Karnataka,Mysuru,Cotton,Kharif,7.39,Red,0.237,0.871,209.7,31.7,5.56,60.95
Maharashtra,Pune,Rice,Kharif,11.1,Loamy,0.79,0.829,215.2,32.4,5.82,79.44
Karnataka,Belagavi,Cotton,Kharif,5.54,Red,0.647,0.547,159.3,17.2,4.91,47.24
Karnataka,Mysuru,Sugarcane,Kharif,0.91,Black,0.879,0.209,390.9,16.9,4.1,53.83
Punjab,Amritsar,Rice,Rabi,1.33,Black,0.661,0.584,155.7,24.1,1.89,47.17
Karnataka,Belagavi,Sugarcane,Rabi,0.61,Loamy,0.377,0.207,729.1,26.7,5.97,82.07
Punjab,Amritsar,Rice,Kharif,10.72,Loamy,0.371,0.571,578.2,26.3,1.9,62.27
Karnataka,Mysuru,Maize,Kharif,12.82,Red,0.837,0.326,348.3,31.3,3.79,67.21
Haryana,Hisar,Wheat,Rabi,5.71,Black,0.798,0.801,907.2,15.1,2.49,79.97
Haryana,Karnal,Cotton,Rabi,4.21,Black,0.706,0.389,861.2,19.4,2.84,74.49
Punjab,Amritsar,Wheat,Kharif,9.17,Loamy,0.809,0.807,568.6,37.8,5.24,83.52
Punjab,Ludhiana,Maize,Rabi,7.31,Red,0.348,0.837,736.4,22.0,2.7,71.43
Maharashtra,Nagpur,Wheat,Rabi,5.18,Loamy,0.836,0.331,622.7,37.5,1.24,55.87
Haryana,Hisar,Sugarcane,Kharif,10.12,Red,0.444,0.698,603.5,23.7,4.93,79.22
Maharashtra,Nagpur,Wheat,Rabi,3.88,Loamy,0.367,0.546,604.1,18.1,5.45,64.15
Maharashtra,Nagpur,Cotton,Rabi,1.45,Red,0.561,0.497,481.6,30.5,4.08,71.54
Maharashtra,Pune,Rice,Rabi,0.93,Red,0.683,0.52,704.6,26.9,5.89,99.39
Haryana,Karnal,Rice,Rabi,14.11,Loamy,0.678,0.864,241.8,36.7,4.34,61.72
Karnataka,Mysuru,Maize,Kharif,4.18,Alluvial,0.772,0.655,852.2,23.8,2.66,90.91
Haryana,Karnal,Wheat,Kharif,5.24,Alluvial,0.682,0.377,913.6,28.5,5.85,100.0
Maharashtra,Nagpur,Sugarcane,Kharif,11.99,Red,0.573,0.486,672.5,21.8,2.75,67.18
Maharashtra,Pune,Maize,Rabi,4.67,Loamy,0.418,0.783,269.5,27.8,4.41,69.33
Karnataka,Belagavi,Rice,Kharif,5.12,Alluvial,0.666,0.255,646.2,37.9,2.25,53.45
Maharashtra,Pune,Wheat,Rabi,3.7,Black,0.445,0.763,664.5,34.6,3.92,74.27
Uttar Pradesh,Lucknow,Sugarcane,Rabi,0.79,Black,0.421,0.889,189.5,15.8,3.89,41.48
Maharashtra,Nagpur,Wheat,Rabi,12.33,Loamy,0.676,0.307,264.8,22.1,1.62,40.88
Maharashtra,Nagpur,Wheat,Kharif,13.42,Black,0.44,0.315,979.7,28.6,3.38,87.96
Maharashtra,Nagpur,Sugarcane,Rabi,0.83,Black,0.671,0.586,953.3,21.5,5.29,99.25
Maharashtra,Pune,Rice,Kharif,5.62,Loamy,0.242,0.678,314.5,16.4,4.33,39.59
Haryana,Hisar,Sugarcane,Kharif,5.67,Alluvial,0.664,0.267,640.9,20.3,1.64,54.76
Punjab,Ludhiana,Maize,Kharif,1.79,Loamy,0.24,0.546,349.8,15.1,1.92,23.34
Maharashtra,Nagpur,Cotton,Rabi,0.77,Alluvial,0.77,0.368,343.6,16.1,3.05,44.78
Uttar Pradesh,Kanpur,Rice,Kharif,1.8,Alluvial,0.522,0.895,730.7,28.7,3.67,94.13
Uttar Pradesh,Kanpur,Sugarcane,Rabi,12.73,Loamy,0.666,0.496,109.6,34.7,5.53,55.44
Punjab,Amritsar,Cotton,Rabi,12.92,Loamy,0.21,0.637,912.0,17.6,5.8,77.08
Uttar Pradesh,Kanpur,Sugarcane,Kharif,1.9,Black,0.689,0.398,988.9,38.8,4.68,85.31
Haryana,Karnal,Maize,Kharif,10.99,Black,0.797,0.484,126.9,31.2,2.48,52.34
Karnataka,Mysuru,Cotton,Rabi,0.59,Alluvial,0.343,0.546,485.0,29.6,4.86,71.0
Haryana,Karnal,Cotton,Rabi,13.63,Loamy,0.463,0.568,317.0,15.4,3.4,38.06
Karnataka,Mysuru,Rice,Kharif,3.62,Red,0.338,0.822,969.5,32.4,1.61,80.11
Uttar Pradesh,Lucknow,Cotton,Kharif,2.62,Loamy,0.347,0.48,942.9,17.8,4.36,72.69
Punjab,Amritsar,Maize,Kharif,14.33,Black,0.765,0.412,174.1,23.6,5.47,64.33
Uttar Pradesh,Kanpur,Sugarcane,Rabi,12.37,Alluvial,0.4,0.858,918.7,16.1,4.85,81.84
Haryana,Karnal,Rice,Rabi,9.65,Loamy,0.665,0.244,101.0,36.6,2.1,27.72
Karnataka,Belagavi,Sugarcane,Rabi,9.92,Red,0.828,0.522,58.0,30.8,4.38,61.23
Haryana,Karnal,Maize,Rabi,3.84,Alluvial,0.453,0.837,492.5,29.9,5.68,86.01
Haryana,Karnal,Cotton,Rabi,14.85,Loamy,0.701,0.498,231.8,17.0,4.36,48.38
Punjab,Ludhiana,Cotton,Rabi,9.1,Alluvial,0.67,0.652,870.1,20.5,4.18,89.16
Uttar Pradesh,Kanpur,Sugarcane,Rabi,3.64,Loamy,0.474,0.779,191.0,25.9,5.66,69.71
Maharashtra,Nagpur,Rice,Kharif,3.66,Red,0.731,0.727,107.2,23.1,2.99,54.27
Maharashtra,Nagpur,Sugarcane,Kharif,14.41,Loamy,0.588,0.305,471.0,20.7,1.68,45.55
Maharashtra,Nagpur,Wheat,Rabi,6.64,Black,0.426,0.262,334.3,36.0,4.92,46.78
Haryana,Karnal,Sugarcane,Kharif,6.17,Loamy,0.849,0.287,291.3,21.6,3.85,57.91
Haryana,Hisar,Maize,Kharif,1.94,Alluvial,0.624,0.555,519.0,16.7,4.2,60.07
Maharashtra,Pune,Rice,Kharif,3.55,Black,0.761,0.862,270.8,22.9,4.57,74.38
Uttar Pradesh,Lucknow,Maize,Kharif,2.44,Red,0.432,0.231,250.3,27.7,1.82,41.91
Punjab,Amritsar,Rice,Kharif,7.78,Loamy,0.42,0.384,133.0,27.3,1.25,35.8
Punjab,Amritsar,Wheat,Kharif,9.55,Red,0.808,0.679,241.8,30.2,1.45,60.2
Uttar Pradesh,Lucknow,Rice,Rabi,14.7,Black,0.831,0.825,799.4,32.3,4.28,100.0
Punjab,Ludhiana,Sugarcane,Rabi,6.46,Red,0.863,0.369,166.3,18.6,3.6,46.95
Karnataka,Belagavi,Cotton,Kharif,2.36,Black,0.471,0.818,435.3,35.8,2.86,57.4
Uttar Pradesh,Lucknow,Sugarcane,Rabi,10.11,Loamy,0.866,0.608,488.6,34.8,1.8,65.34
Punjab,Ludhiana,Sugarcane,Rabi,9.4,Alluvial,0.436,0.714,579.3,28.9,4.43,82.42
Karnataka,Belagavi,Wheat,Kharif,6.61,Loamy,0.511,0.391,323.0,32.5,1.02,39.91
Haryana,Hisar,Sugarcane,Rabi,1.12,Loamy,0.296,0.54,247.4,35.1,3.87,41.38
Uttar Pradesh,Kanpur,Rice,Kharif,14.17,Black,0.787,0.648,226.2,36.7,4.77,61.5
Punjab,Ludhiana,Maize,Kharif,14.77,Alluvial,0.253,0.658,155.0,37.6,2.75,27.6
Maharashtra,Nagpur,Maize,Kharif,14.11,Red,0.831,0.245,409.3,21.7,3.41,60.12
Karnataka,Mysuru,Maize,Rabi,6.79,Alluvial,0.359,0.592,887.1,26.6,3.53,86.57
Maharashtra,Pune,Cotton,Kharif,5.6,Loamy,0.821,0.242,973.5,15.2,5.73,86.51
Haryana,Karnal,Wheat,Rabi,13.84,Red,0.479,0.523,496.1,21.7,2.64,55.24
Punjab,Ludhiana,Sugarcane,Rabi,3.6,Red,0.667,0.803,669.4,18.0,3.87,76.24
Punjab,Ludhiana,Wheat,Kharif,6.46,Red,0.801,0.503,55.0,18.9,3.17,41.01
Uttar Pradesh,Lucknow,Maize,Kharif,9.19,Black,0.536,0.349,677.4,23.4,4.27,73.5
Haryana,Karnal,Maize,Rabi,11.37,Red,0.699,0.604,592.7,17.3,1.87,57.15
Karnataka,Mysuru,Maize,Kharif,7.06,Red,0.373,0.306,485.5,37.1,1.94,36.48
Karnataka,Belagavi,Sugarcane,Kharif,2.47,Black,0.537,0.78,857.2,36.2,3.1,80.25
Karnataka,Mysuru,Rice,Rabi,5.12,Alluvial,0.691,0.833,973.5,22.3,5.78,100.0
Maharashtra,Nagpur,Sugarcane,Rabi,13.23,Alluvial,0.685,0.826,697.4,26.0,5.74,100.0
Punjab,Ludhiana,Cotton,Kharif,6.05,Red,0.776,0.754,984.0,26.6,4.68,100.0
Karnataka,Mysuru,Rice,Kharif,8.44,Red,0.72,0.687,822.2,22.8,2.08,83.48
Uttar Pradesh,Lucknow,Wheat,Rabi,4.05,Black,0.846,0.59,550.2,25.9,1.29,74.12
Maharashtra,Pune,Wheat,Kharif,6.63,Loamy,0.337,0.724,369.1,20.3,1.14,38.65
Punjab,Ludhiana,Cotton,Rabi,3.46,Black,0.262,0.664,452.2,18.1,4.37,50.43
Karnataka,Belagavi,Maize,Kharif,5.66,Loamy,0.654,0.609,911.2,29.9,3.54,97.58
Haryana,Hisar,Cotton,Rabi,11.86,Alluvial,0.51,0.486,892.7,30.3,5.01,95.09
Maharashtra,Pune,Cotton,Rabi,14.31,Black,0.536,0.713,588.4,20.1,1.98,60.11
Punjab,Amritsar,Cotton,Kharif,5.36,Loamy,0.837,0.295,734.7,32.3,4.45,87.06
Punjab,Ludhiana,Wheat,Rabi,2.4,Loamy,0.353,0.368,86.7,24.5,4.05,39.14
Punjab,Amritsar,Rice,Rabi,11.02,Red,0.412,0.722,376.2,37.6,1.82,41.18
Karnataka,Mysuru,Rice,Kharif,1.2,Black,0.631,0.286,520.9,31.7,1.74,56.58
Punjab,Ludhiana,Maize,Kharif,9.99,Red,0.798,0.653,882.5,25.8,4.04,100.0
Uttar Pradesh,Lucknow,Maize,Rabi,14.0,Loamy,0.598,0.893,803.0,35.5,2.93,83.05
Punjab,Ludhiana,Maize,Rabi,2.21,Alluvial,0.236,0.573,641.6,25.1,4.99,73.82
Punjab,Ludhiana,Rice,Kharif,5.74,Alluvial,0.882,0.205,936.7,38.9,1.25,67.28
Haryana,Hisar,Cotton,Rabi,2.71,Loamy,0.424,0.631,973.0,29.0,3.66,95.56
Maharashtra,Nagpur,Wheat,Rabi,13.12,Loamy,0.281,0.899,882.1,24.8,2.27,81.37
Haryana,Karnal,Cotton,Rabi,1.72,Alluvial,0.867,0.632,369.4,21.9,3.22,68.52
Karnataka,Mysuru,Maize,Kharif,11.01,Loamy,0.364,0.553,250.5,35.4,4.88,48.69
Haryana,Hisar,Cotton,Kharif,2.09,Red,0.584,0.574,242.8,29.8,3.51,60.88
Maharashtra,Pune,Rice,Kharif,1.72,Alluvial,0.507,0.382,856.0,20.6,4.84,79.5
Uttar Pradesh,Kanpur,Sugarcane,Kharif,8.57,Loamy,0.761,0.594,852.3,16.2,3.48,77.9
Haryana,Hisar,Sugarcane,Rabi,14.91,Red,0.327,0.322,81.2,39.7,2.74,13.85
Maharashtra,Nagpur,Maize,Kharif,0.68,Black,0.747,0.339,741.6,15.4,4.98,71.4
Uttar Pradesh,Lucknow,Cotton,Rabi,7.48,Black,0.399,0.895,601.0,29.2,2.1,74.49
Punjab,Ludhiana,Maize,Rabi,11.67,Black,0.637,0.684,636.4,22.8,2.75,74.56
Haryana,Karnal,Rice,Kharif,1.74,Alluvial,0.578,0.837,56.2,19.2,5.07,51.71
Karnataka,Belagavi,Cotton,Kharif,1.81,Red,0.582,0.679,717.5,34.8,5.59,87.57
Uttar Pradesh,Kanpur,Maize,Kharif,4.76,Black,0.643,0.249,334.7,20.3,1.02,35.16
Uttar Pradesh,Kanpur,Cotton,Kharif,6.86,Loamy,0.32,0.263,725.1,24.6,5.56,75.03
Punjab,Amritsar,Rice,Kharif,5.04,Red,0.578,0.274,269.5,33.7,1.91,38.7
Karnataka,Mysuru,Rice,Rabi,14.48,Red,0.657,0.748,359.2,18.6,2.28,52.26
Karnataka,Mysuru,Cotton,Kharif,8.63,Black,0.479,0.886,85.5,20.4,2.42,40.09
Maharashtra,Pune,Maize,Rabi,5.54,Alluvial,0.457,0.519,871.3,18.5,1.27,59.88
Punjab,Ludhiana,Maize,Rabi,4.77,Loamy,0.278,0.702,220.3,17.8,3.76,36.7
Maharashtra,Pune,Maize,Rabi,13.29,Loamy,0.281,0.609,955.9,27.8,1.7,80.96
Maharashtra,Pune,Wheat,Rabi,13.78,Loamy,0.668,0.844,473.8,38.4,3.31,63.92
Haryana,Karnal,Sugarcane,Rabi,9.27,Loamy,0.821,0.492,515.7,25.1,4.61,84.07
Maharashtra,Nagpur,Sugarcane,Kharif,9.72,Loamy,0.437,0.784,102.4,15.9,1.51,23.36
Haryana,Karnal,Rice,Rabi,5.04,Black,0.266,0.609,994.0,29.0,3.73,90.89
Punjab,Ludhiana,Maize,Kharif,14.79,Red,0.814,0.438,565.9,28.8,4.43,88.28
Uttar Pradesh,Lucknow,Rice,Kharif,3.69,Red,0.302,0.642,360.3,19.7,2.38,39.93
Punjab,Ludhiana,Maize,Kharif,6.64,Alluvial,0.43,0.771,154.6,32.1,3.03,49.0
Haryana,Karnal,Rice,Kharif,5.17,Loamy,0.407,0.23,700.6,21.6,5.79,71.17
Uttar Pradesh,Kanpur,Rice,Rabi,13.12,Alluvial,0.31,0.89,911.4,39.1,5.26,82.77
Punjab,Amritsar,Sugarcane,Rabi,2.34,Black,0.63,0.767,765.3,21.2,2.29,77.34
Haryana,Karnal,Rice,Kharif,1.67,Red,0.446,0.894,427.2,31.7,1.6,59.92
Haryana,Hisar,Maize,Kharif,5.55,Loamy,0.503,0.481,295.1,39.8,5.05,46.04
Punjab,Ludhiana,Rice,Rabi,8.76,Loamy,0.226,0.313,295.2,33.0,5.7,48.99
Haryana,Karnal,Wheat,Rabi,8.34,Red,0.361,0.296,986.2,15.4,5.67,72.5
Maharashtra,Pune,Sugarcane,Rabi,7.81,Red,0.895,0.505,548.4,32.4,1.9,72.07
Uttar Pradesh,Lucknow,Sugarcane,Kharif,1.26,Alluvial,0.605,0.899,795.9,18.0,4.39,85.4
Haryana,Karnal,Maize,Rabi,8.72,Black,0.678,0.802,406.1,39.8,4.4,62.49
Haryana,Hisar,Wheat,Rabi,2.12,Loamy,0.757,0.595,806.1,18.9,3.69,81.92
Haryana,Hisar,Wheat,Rabi,1.74,Alluvial,0.299,0.559,373.4,26.6,4.18,61.21
Maharashtra,Pune,Maize,Kharif,0.82,Loamy,0.64,0.524,716.6,34.6,5.69,86.58
Haryana,Karnal,Maize,Rabi,0.83,Loamy,0.806,0.22,651.0,17.5,2.43,57.41
Uttar Pradesh,Kanpur,Maize,Kharif,13.79,Alluvial,0.661,0.228,64.1,20.0,2.59,28.99
Haryana,Hisar,Cotton,Rabi,14.26,Loamy,0.255,0.697,81.4,24.1,4.85,46.87
Uttar Pradesh,Kanpur,Sugarcane,Rabi,14.02,Black,0.27,0.509,71.3,34.3,4.21,34.19
Uttar Pradesh,Kanpur,Sugarcane,Kharif,6.44,Loamy,0.56,0.687,544.5,19.7,2.59,60.35
Maharashtra,Nagpur,Rice,Kharif,3.33,Black,0.774,0.725,992.4,18.3,4.58,98.34
Maharashtra,Nagpur,Sugarcane,Kharif,6.42,Alluvial,0.672,0.602,637.6,29.2,4.99,93.0
Karnataka,Mysuru,Wheat,Rabi,11.97,Red,0.372,0.397,938.1,15.6,2.09,55.5
Karnataka,Mysuru,Maize,Kharif,11.16,Loamy,0.65,0.57,302.2,32.6,1.68,51.31
Uttar Pradesh,Kanpur,Cotton,Rabi,1.77,Alluvial,0.339,0.718,315.7,27.3,2.64,57.4
Haryana,Hisar,Rice,Rabi,8.69,Red,0.798,0.303,389.4,28.9,1.77,62.03
Punjab,Ludhiana,Maize,Kharif,13.33,Loamy,0.61,0.794,59.9,36.7,1.6,34.79
Uttar Pradesh,Kanpur,Maize,Rabi,9.61,Alluvial,0.314,0.56,313.4,29.0,4.69,62.11
Karnataka,Mysuru,Sugarcane,Kharif,4.78,Loamy,0.867,0.564,223.4,17.7,3.71,53.56
Punjab,Ludhiana,Rice,Rabi,9.18,Red,0.299,0.621,954.4,39.5,5.44,77.91
Maharashtra,Nagpur,Sugarcane,Kharif,11.72,Red,0.38,0.801,264.4,24.0,3.24,54.75
Uttar Pradesh,Lucknow,Maize,Rabi,13.36,Alluvial,0.875,0.802,546.5,27.7,2.08,87.8
Punjab,Ludhiana,Sugarcane,Kharif,11.41,Black,0.809,0.891,368.0,23.9,2.15,71.54
Maharashtra,Pune,Sugarcane,Rabi,3.09,Loamy,0.777,0.762,373.1,31.7,3.54,75.2
Haryana,Karnal,Rice,Rabi,2.18,Alluvial,0.767,0.263,752.0,32.9,4.45,83.47
Uttar Pradesh,Lucknow,Cotton,Rabi,11.76,Loamy,0.368,0.5,194.0,25.7,4.51,53.03
Haryana,Hisar,Cotton,Rabi,10.1,Black,0.457,0.861,376.2,30.1,4.75,75.88
Karnataka,Mysuru,Maize,Kharif,3.42,Loamy,0.667,0.807,373.4,38.3,1.29,48.04
Maharashtra,Pune,Cotton,Kharif,13.05,Red,0.83,0.56,73.7,17.6,3.93,45.59
Karnataka,Belagavi,Sugarcane,Rabi,9.41,Loamy,0.571,0.893,802.0,33.9,4.14,91.31
Haryana,Karnal,Maize,Kharif,3.25,Black,0.226,0.689,187.6,37.6,4.85,39.56
Haryana,Hisar,Cotton,Kharif,0.96,Loamy,0.549,0.803,132.2,27.9,1.8,54.7
Uttar Pradesh,Kanpur,Sugarcane,Rabi,3.18,Red,0.412,0.548,609.5,34.6,2.13,56.05
Maharashtra,Nagpur,Cotton,Rabi,8.5,Loamy,0.507,0.364,733.0,37.7,4.85,68.34
Punjab,Amritsar,Cotton,Kharif,1.71,Red,0.254,0.607,901.1,28.9,4.02,87.42
Haryana,Hisar,Wheat,Kharif,4.96,Black,0.523,0.676,965.1,23.7,2.49,87.31
Punjab,Ludhiana,Rice,Rabi,5.59,Alluvial,0.413,0.341,829.9,21.4,2.42,63.37
Haryana,Hisar,Sugarcane,Rabi,14.86,Alluvial,0.459,0.456,836.3,22.8,2.17,69.73
Punjab,Amritsar,Sugarcane,Rabi,5.46,Loamy,0.679,0.715,388.2,15.2,1.03,40.6
Karnataka,Mysuru,Cotton,Rabi,10.26,Black,0.316,0.631,983.0,16.9,3.45,71.03
Uttar Pradesh,Kanpur,Wheat,Rabi,2.34,Alluvial,0.755,0.899,815.0,34.2,2.29,88.7
Maharashtra,Nagpur,Maize,Kharif,11.06,Alluvial,0.542,0.521,236.4,24.0,1.91,45.37
Haryana,Karnal,Maize,Kharif,4.75,Red,0.568,0.671,689.1,17.2,5.01,74.56
Haryana,Hisar,Maize,Kharif,13.22,Red,0.78,0.572,115.0,29.1,2.78,59.05
Haryana,Karnal,Maize,Kharif,8.55,Red,0.713,0.496,88.5,31.2,4.17,56.23
Punjab,Ludhiana,Wheat,Rabi,6.98,Alluvial,0.727,0.471,680.1,32.6,4.23,83.17
Uttar Pradesh,Kanpur,Wheat,Rabi,0.99,Loamy,0.696,0.799,181.3,24.6,1.79,55.55
Haryana,Karnal,Cotton,Rabi,9.05,Red,0.535,0.58,57.7,17.4,4.42,37.01
Haryana,Karnal,Cotton,Rabi,6.45,Loamy,0.219,0.2,802.9,22.9,3.84,61.81
Karnataka,Belagavi,Sugarcane,Rabi,5.85,Loamy,0.347,0.296,774.3,26.3,2.16,65.66
Punjab,Amritsar,Cotton,Rabi,6.55,Alluvial,0.615,0.611,68.6,20.3,1.31,31.38
Karnataka,Belagavi,Rice,Kharif,3.99,Loamy,0.786,0.285,387.3,15.2,3.97,48.25
Uttar Pradesh,Kanpur,Maize,Rabi,12.43,Alluvial,0.72,0.693,114.0,16.1,4.48,46.83
Karnataka,Mysuru,Rice,Kharif,6.62,Red,0.575,0.368,492.5,22.8,3.74,62.25
Karnataka,Mysuru,Cotton,Kharif,1.1,Alluvial,0.255,0.344,986.5,35.0,5.62,80.95
Punjab,Ludhiana,Maize,Kharif,10.0,Black,0.674,0.544,702.7,38.1,4.67,75.48
Karnataka,Belagavi,Sugarcane,Rabi,4.32,Loamy,0.89,0.239,390.7,22.4,2.93,60.11
Punjab,Ludhiana,Sugarcane,Rabi,6.64,Red,0.798,0.565,345.8,26.2,3.12,71.34
Uttar Pradesh,Lucknow,Wheat,Rabi,6.11,Loamy,0.699,0.891,408.2,26.6,1.82,73.45
Karnataka,Belagavi,Sugarcane,Rabi,3.14,Black,0.463,0.773,642.5,38.9,5.52,73.45
Uttar Pradesh,Lucknow,Sugarcane,Rabi,7.47,Black,0.538,0.619,799.1,19.0,1.87,65.61
Haryana,Hisar,Cotton,Kharif,3.7,Red,0.708,0.22,739.4,37.8,1.28,54.05
Karnataka,Mysuru,Wheat,Kharif,1.95,Red,0.759,0.434,408.7,32.7,5.65,76.7
Karnataka,Mysuru,Sugarcane,Rabi,2.13,Black,0.362,0.897,55.3,18.8,5.22,45.56
Maharashtra,Nagpur,Rice,Kharif,12.12,Loamy,0.77,0.364,731.1,19.7,1.47,63.35
Maharashtra,Pune,Sugarcane,Rabi,14.8,Alluvial,0.339,0.321,866.1,22.3,2.66,65.09
Maharashtra,Pune,Rice,Kharif,13.8,Red,0.29,0.483,52.8,35.2,1.84,19.66
Haryana,Karnal,Sugarcane,Rabi,4.61,Red,0.207,0.399,410.6,17.3,3.83,35.5
Maharashtra,Nagpur,Sugarcane,Kharif,12.14,Loamy,0.462,0.309,207.6,39.6,4.63,34.22
Karnataka,Mysuru,Rice,Rabi,10.22,Alluvial,0.87,0.275,766.8,18.8,4.96,82.06
Uttar Pradesh,Lucknow,Cotton,Kharif,11.9,Black,0.348,0.735,602.9,17.7,3.51,57.65
Maharashtra,Nagpur,Cotton,Kharif,7.08,Red,0.707,0.223,765.2,24.0,2.25,71.83
Haryana,Karnal,Cotton,Rabi,2.77,Black,0.548,0.578,947.0,25.3,3.83,94.73
Uttar Pradesh,Lucknow,Maize,Kharif,1.62,Loamy,0.69,0.577,148.5,29.1,1.96,53.6
Haryana,Hisar,Rice,Rabi,7.62,Red,0.34,0.799,52.9,36.1,3.61,36.37
Uttar Pradesh,Lucknow,Sugarcane,Kharif,9.56,Black,0.695,0.461,63.0,25.2,2.17,44.25
Maharashtra,Pune,Wheat,Kharif,9.3,Black,0.538,0.862,331.8,20.2,5.49,68.82
Haryana,Hisar,Rice,Kharif,3.77,Black,0.733,0.569,330.6,26.8,5.57,81.86
Haryana,Hisar,Maize,Kharif,14.24,Alluvial,0.491,0.44,474.4,20.4,1.5,44.2
Haryana,Karnal,Wheat,Rabi,9.62,Black,0.2,0.845,831.7,39.1,2.8,61.51
Maharashtra,Nagpur,Rice,Rabi,9.41,Alluvial,0.303,0.286,229.0,35.4,1.17,20.25
Punjab,Amritsar,Cotton,Rabi,9.07,Loamy,0.601,0.278,240.2,21.3,3.44,43.8
Haryana,Hisar,Maize,Rabi,6.87,Alluvial,0.314,0.726,208.2,27.1,4.47,60.1
Uttar Pradesh,Lucknow,Sugarcane,Kharif,9.02,Black,0.727,0.431,513.9,38.2,3.36,58.31
Maharashtra,Nagpur,Sugarcane,Kharif,9.96,Red,0.811,0.265,316.2,18.3,5.67,59.77
Haryana,Hisar,Wheat,Kharif,13.41,Black,0.52,0.233,742.4,17.5,2.19,51.09
Uttar Pradesh,Lucknow,Cotton,Kharif,11.17,Black,0.392,0.219,397.0,16.1,5.5,42.75
Uttar Pradesh,Lucknow,Sugarcane,Kharif,3.99,Red,0.252,0.761,581.2,32.0,4.9,73.41
Karnataka,Belagavi,Rice,Kharif,13.36,Alluvial,0.299,0.546,74.4,22.0,5.06,41.13
Punjab,Ludhiana,Rice,Rabi,7.64,Red,0.585,0.368,409.3,22.3,2.94,53.44
Punjab,Amritsar,Sugarcane,Kharif,6.09,Black,0.4,0.899,119.9,31.1,1.87,45.62
Uttar Pradesh,Lucknow,Rice,Rabi,10.18,Red,0.577,0.548,827.2,21.0,5.31,87.81
Karnataka,Mysuru,Rice,Rabi,10.8,Red,0.372,0.213,515.2,26.2,1.3,47.01
Uttar Pradesh,Kanpur,Wheat,Rabi,13.23,Red,0.321,0.214,475.2,39.7,4.17,37.79
Punjab,Ludhiana,Wheat,Rabi,11.8,Black,0.701,0.656,461.7,24.2,1.43,63.57
Haryana,Hisar,Sugarcane,Kharif,4.27,Red,0.657,0.283,327.2,31.4,5.13,65.28
Uttar Pradesh,Lucknow,Cotton,Rabi,5.56,Alluvial,0.813,0.556,665.8,27.4,3.26,90.74
Karnataka,Mysuru,Sugarcane,Rabi,8.1,Red,0.25,0.544,769.7,28.5,3.59,77.78
Uttar Pradesh,Kanpur,Wheat,Kharif,10.26,Loamy,0.541,0.323,146.3,22.8,3.33,40.58
Punjab,Amritsar,Cotton,Rabi,10.69,Red,0.374,0.478,932.4,35.6,2.28,67.86
Uttar Pradesh,Kanpur,Rice,Rabi,6.89,Loamy,0.638,0.319,873.1,28.8,5.52,99.96
Karnataka,Belagavi,Maize,Rabi,11.29,Red,0.359,0.343,717.9,28.0,2.17,67.88
Haryana,Hisar,Maize,Rabi,9.01,Alluvial,0.624,0.722,894.8,26.0,2.71,94.18
Haryana,Karnal,Sugarcane,Rabi,1.44,Alluvial,0.867,0.652,428.2,27.7,2.93,82.1
Haryana,Karnal,Wheat,Kharif,9.52,Black,0.381,0.358,70.1,29.4,1.75,31.74
Punjab,Amritsar,Cotton,Rabi,0.66,Alluvial,0.227,0.801,712.4,39.9,1.1,45.29
Haryana,Hisar,Cotton,Kharif,4.77,Black,0.802,0.682,881.5,17.6,3.28,84.8
Haryana,Karnal,Maize,Rabi,7.09,Black,0.747,0.473,776.1,18.0,1.21,62.82
Uttar Pradesh,Kanpur,Wheat,Rabi,1.47,Black,0.834,0.668,687.6,15.7,5.69,84.12
Punjab,Ludhiana,Maize,Rabi,8.58,Loamy,0.472,0.382,909.3,22.7,4.49,83.38
Maharashtra,Pune,Rice,Kharif,3.71,Alluvial,0.536,0.898,362.0,17.9,1.11,44.66
Haryana,Hisar,Maize,Rabi,13.01,Red,0.261,0.835,293.5,30.3,1.8,49.09
Maharashtra,Pune,Sugarcane,Rabi,5.52,Alluvial,0.797,0.327,316.0,19.4,3.82,53.77
Maharashtra,Nagpur,Cotton,Kharif,1.58,Black,0.72,0.273,606.2,39.9,1.87,47.89
Karnataka,Belagavi,Sugarcane,Kharif,11.2,Loamy,0.826,0.683,802.3,22.1,2.44,86.5
Maharashtra,Nagpur,Sugarcane,Rabi,7.92,Black,0.883,0.344,184.9,19.1,5.95,60.7
Haryana,Hisar,Cotton,Kharif,1.32,Black,0.292,0.836,760.0,38.5,3.12,63.72
Haryana,Hisar,Sugarcane,Kharif,14.88,Alluvial,0.853,0.619,108.7,30.4,1.49,53.42
Haryana,Hisar,Sugarcane,Rabi,9.08,Black,0.433,0.517,94.9,30.5,4.29,49.27
Punjab,Amritsar,Cotton,Rabi,7.6,Black,0.587,0.552,101.1,33.4,3.56,46.4
Haryana,Hisar,Sugarcane,Rabi,7.12,Black,0.79,0.217,172.6,36.1,4.66,48.8
Karnataka,Mysuru,Rice,Kharif,9.69,Loamy,0.644,0.329,320.6,37.9,1.92,36.6
Maharashtra,Nagpur,Rice,Kharif,4.74,Red,0.546,0.764,736.8,34.7,2.9,76.15
Punjab,Ludhiana,Rice,Rabi,1.46,Black,0.604,0.893,706.4,33.5,1.16,73.59
Maharashtra,Nagpur,Rice,Kharif,12.36,Alluvial,0.208,0.388,244.9,18.7,4.49,33.08
Punjab,Ludhiana,Rice,Kharif,9.87,Red,0.736,0.717,502.0,23.4,2.41,71.64
Maharashtra,Pune,Maize,Rabi,0.71,Loamy,0.756,0.798,649.4,38.4,3.95,77.83
Uttar Pradesh,Lucknow,Sugarcane,Kharif,4.26,Alluvial,0.462,0.305,611.8,29.7,5.35,77.73
Maharashtra,Nagpur,Cotton,Rabi,2.39,Loamy,0.628,0.682,717.8,28.3,5.76,100.0
Haryana,Karnal,Rice,Kharif,11.1,Alluvial,0.484,0.832,645.5,39.4,2.23,58.36
Karnataka,Belagavi,Sugarcane,Kharif,13.93,Loamy,0.615,0.67,344.5,32.2,3.19,63.05
Karnataka,Mysuru,Maize,Kharif,12.57,Alluvial,0.825,0.865,447.4,28.7,3.88,90.87
Haryana,Karnal,Maize,Rabi,2.08,Loamy,0.458,0.585,446.6,19.7,1.18,42.29
Maharashtra,Pune,Cotton,Rabi,14.48,Black,0.385,0.86,940.6,36.0,1.49,73.46
Maharashtra,Nagpur,Rice,Rabi,14.45,Red,0.353,0.713,543.1,23.2,4.03,67.88
Punjab,Amritsar,Maize,Rabi,10.95,Alluvial,0.322,0.311,577.7,35.9,2.34,43.83
Punjab,Ludhiana,Sugarcane,Rabi,12.24,Loamy,0.329,0.552,260.4,24.5,5.27,57.69
Punjab,Amritsar,Cotton,Rabi,10.23,Red,0.502,0.24,627.8,20.3,5.25,65.81
Karnataka,Mysuru,Sugarcane,Rabi,5.54,Loamy,0.731,0.79,756.9,34.4,2.8,84.38
Punjab,Amritsar,Sugarcane,Kharif,3.91,Alluvial,0.45,0.225,184.6,23.1,2.55,33.56
Maharashtra,Nagpur,Rice,Rabi,13.98,Alluvial,0.639,0.78,563.7,28.3,5.49,96.9
Punjab,Ludhiana,Cotton,Rabi,10.37,Red,0.402,0.252,514.6,19.0,4.69,51.55
Punjab,Ludhiana,Wheat,Rabi,0.69,Alluvial,0.382,0.527,709.3,24.6,3.68,73.61
Karnataka,Mysuru,Rice,Kharif,5.32,Black,0.886,0.581,322.1,37.8,2.68,55.44
Punjab,Ludhiana,Sugarcane,Rabi,8.64,Alluvial,0.368,0.235,930.1,16.4,4.59,65.01
Maharashtra,Pune,Cotton,Rabi,5.78,Black,0.846,0.433,560.3,29.2,3.64,84.25
Uttar Pradesh,Lucknow,Cotton,Rabi,8.74,Loamy,0.438,0.53,335.6,21.5,4.72,55.96
Maharashtra,Nagpur,Rice,Rabi,3.96,Black,0.639,0.232,799.5,28.7,5.14,92.44
Haryana,Hisar,Rice,Kharif,1.61,Black,0.727,0.734,307.4,37.9,4.82,63.47
Maharashtra,Pune,Rice,Rabi,10.95,Alluvial,0.354,0.814,418.4,37.5,2.71,48.21
Karnataka,Mysuru,Maize,Rabi,2.24,Alluvial,0.364,0.748,84.9,27.2,3.65,52.33
Maharashtra,Nagpur,Maize,Rabi,0.54,Black,0.386,0.55,915.7,18.2,1.85,62.7
Uttar Pradesh,Kanpur,Rice,Rabi,2.71,Red,0.268,0.35,52.4,16.8,4.18,19.25
Uttar Pradesh,Lucknow,Maize,Rabi,7.64,Loamy,0.629,0.26,773.5,27.9,3.85,86.24
Haryana,Karnal,Wheat,Rabi,7.74,Black,0.548,0.725,455.8,15.1,4.06,54.59
Haryana,Hisar,Maize,Kharif,7.1,Loamy,0.65,0.824,782.5,37.1,1.05,69.52
Haryana,Karnal,Sugarcane,Kharif,11.49,Black,0.417,0.703,235.5,25.2,5.03,63.5
Maharashtra,Nagpur,Maize,Kharif,11.37,Alluvial,0.342,0.582,461.9,28.9,1.68,56.22
Haryana,Karnal,Maize,Kharif,3.39,Red,0.747,0.231,163.0,27.9,6.0,69.87
Punjab,Ludhiana,Sugarcane,Rabi,3.85,Black,0.356,0.647,415.1,19.3,5.44,59.19
Karnataka,Mysuru,Rice,Rabi,5.97,Alluvial,0.512,0.287,131.4,19.5,2.21,25.72
Maharashtra,Pune,Sugarcane,Rabi,9.04,Red,0.739,0.863,621.3,18.9,1.82,69.4
Haryana,Karnal,Wheat,Kharif,9.54,Loamy,0.477,0.608,510.8,21.8,2.49,57.48
Uttar Pradesh,Kanpur,Cotton,Rabi,10.22,Black,0.662,0.844,995.4,19.9,5.05,100.0
Haryana,Karnal,Sugarcane,Rabi,5.55,Alluvial,0.502,0.493,468.3,37.2,2.25,46.16
Uttar Pradesh,Lucknow,Rice,Kharif,7.6,Red,0.891,0.398,551.6,32.1,1.63,68.67
Karnataka,Mysuru,Wheat,Rabi,7.65,Red,0.641,0.67,741.9,36.6,2.96,73.88
Karnataka,Mysuru,Cotton,Rabi,6.63,Alluvial,0.685,0.881,77.4,22.9,2.65,52.92
Uttar Pradesh,Lucknow,Cotton,Rabi,3.7,Red,0.485,0.504,747.0,30.5,1.43,69.07
Uttar Pradesh,Kanpur,Maize,Rabi,2.47,Loamy,0.375,0.453,692.8,23.1,5.42,76.39
Uttar Pradesh,Kanpur,Rice,Kharif,14.49,Black,0.899,0.867,732.3,33.7,4.8,100.0
Punjab,Ludhiana,Cotton,Kharif,1.56,Red,0.717,0.876,665.9,21.9,2.35,79.84
Uttar Pradesh,Kanpur,Wheat,Rabi,3.72,Alluvial,0.701,0.326,429.4,22.3,1.84,51.96
Karnataka,Mysuru,Maize,Rabi,3.34,Loamy,0.738,0.42,375.6,21.3,3.17,57.56
Punjab,Amritsar,Rice,Rabi,7.64,Red,0.211,0.474,101.8,37.4,4.36,27.33
Karnataka,Mysuru,Sugarcane,Kharif,5.67,Black,0.464,0.556,90.1,39.9,2.8,24.85
Haryana,Hisar,Cotton,Kharif,2.58,Red,0.594,0.67,591.1,31.4,1.58,68.2
Maharashtra,Nagpur,Maize,Rabi,1.22,Black,0.409,0.859,984.3,35.6,1.38,76.7
Maharashtra,Nagpur,Cotton,Kharif,3.36,Black,0.542,0.31,708.1,35.5,4.52,69.72
Haryana,Karnal,Cotton,Kharif,11.76,Black,0.369,0.424,411.3,20.1,2.81,42.33
Maharashtra,Nagpur,Rice,Kharif,2.56,Black,0.325,0.464,249.6,17.1,4.37,35.51
Punjab,Amritsar,Rice,Rabi,2.46,Red,0.726,0.82,314.9,18.0,2.36,53.45
Maharashtra,Nagpur,Rice,Kharif,14.86,Red,0.209,0.516,289.2,29.2,1.48,39.68
Karnataka,Belagavi,Cotton,Rabi,9.95,Alluvial,0.337,0.693,784.5,18.1,4.25,69.8
Haryana,Karnal,Rice,Kharif,9.29,Black,0.614,0.236,760.9,27.0,4.61,86.48
Karnataka,Mysuru,Wheat,Rabi,2.83,Alluvial,0.807,0.287,415.5,23.4,5.33,73.64
Haryana,Karnal,Maize,Kharif,14.89,Alluvial,0.454,0.657,654.1,34.7,4.56,74.42
Haryana,Karnal,Sugarcane,Kharif,3.84,Black,0.536,0.236,696.6,28.5,4.24,79.69
Maharashtra,Nagpur,Maize,Rabi,8.91,Red,0.64,0.266,863.4,34.2,3.95,79.57
Uttar Pradesh,Kanpur,Sugarcane,Kharif,14.46,Red,0.417,0.211,748.1,15.2,5.36,58.48
Uttar Pradesh,Kanpur,Cotton,Kharif,13.52,Alluvial,0.722,0.438,319.9,33.4,5.18,67.31
Karnataka,Mysuru,Cotton,Kharif,3.22,Loamy,0.848,0.287,649.6,34.6,2.16,66.94
Punjab,Ludhiana,Maize,Rabi,6.94,Black,0.634,0.841,65.0,20.3,2.17,41.92
Uttar Pradesh,Kanpur,Maize,Kharif,11.22,Black,0.631,0.896,135.4,35.3,5.67,65.01
Punjab,Ludhiana,Wheat,Kharif,4.94,Black,0.489,0.512,336.9,23.5,1.04,42.96
Uttar Pradesh,Kanpur,Wheat,Rabi,2.79,Red,0.632,0.619,606.9,31.0,5.07,87.29
Punjab,Amritsar,Sugarcane,Kharif,2.24,Red,0.658,0.541,770.4,25.6,1.64,78.47
Karnataka,Mysuru,Maize,Kharif,10.04,Loamy,0.762,0.871,125.0,19.1,5.64,65.09
Haryana,Karnal,Cotton,Kharif,12.05,Black,0.481,0.467,933.0,32.1,4.11,87.51
Karnataka,Mysuru,Sugarcane,Rabi,10.02,Loamy,0.244,0.869,665.2,39.0,2.36,53.33
Punjab,Ludhiana,Rice,Kharif,9.45,Black,0.324,0.764,675.2,23.4,2.88,69.4
Punjab,Ludhiana,Wheat,Kharif,5.15,Red,0.844,0.595,404.5,25.1,5.19,84.79
Maharashtra,Pune,Cotton,Kharif,9.55,Alluvial,0.712,0.333,299.2,21.1,1.75,43.16
Uttar Pradesh,Kanpur,Sugarcane,Kharif,9.51,Alluvial,0.611,0.553,294.6,20.7,3.75,54.09
Punjab,Ludhiana,Rice,Kharif,9.89,Black,0.408,0.643,917.2,30.6,2.52,83.61
Punjab,Ludhiana,Wheat,Rabi,10.33,Red,0.34,0.251,95.1,30.3,1.18,24.23
Punjab,Amritsar,Rice,Rabi,14.84,Black,0.407,0.637,319.4,24.8,3.75,58.49
Karnataka,Mysuru,Wheat,Kharif,3.52,Loamy,0.682,0.892,682.1,16.7,3.94,77.38
Maharashtra,Pune,Sugarcane,Rabi,11.54,Black,0.507,0.866,260.2,20.5,4.02,57.5
Haryana,Karnal,Cotton,Kharif,12.19,Alluvial,0.668,0.732,872.8,15.2,5.43,86.87
Haryana,Hisar,Wheat,Rabi,2.46,Red,0.279,0.8,249.5,31.1,3.58,53.94
Karnataka,Belagavi,Rice,Kharif,1.12,Alluvial,0.895,0.219,97.6,23.1,5.16,57.68
Maharashtra,Pune,Maize,Rabi,8.42,Black,0.651,0.715,227.7,17.6,1.51,38.79
Haryana,Karnal,Maize,Rabi,6.84,Black,0.825,0.702,245.5,16.1,4.55,57.65
Haryana,Hisar,Maize,Kharif,1.18,Red,0.337,0.826,667.7,33.5,4.11,75.38
Punjab,Amritsar,Sugarcane,Kharif,7.31,Black,0.611,0.898,641.4,33.8,1.96,74.1
Karnataka,Mysuru,Wheat,Kharif,5.18,Loamy,0.527,0.603,893.6,34.3,2.5,78.1
Punjab,Amritsar,Cotton,Kharif,3.77,Red,0.331,0.76,446.3,37.9,1.21,39.15
Karnataka,Mysuru,Cotton,Rabi,12.25,Loamy,0.7,0.259,377.9,16.2,2.72,39.87
Karnataka,Belagavi,Sugarcane,Kharif,9.22,Red,0.386,0.737,143.5,29.0,4.12,57.71
Haryana,Hisar,Sugarcane,Kharif,7.32,Red,0.362,0.469,990.4,18.6,3.71,73.67
Maharashtra,Nagpur,Rice,Rabi,12.5,Alluvial,0.583,0.712,379.9,33.3,1.21,52.65
Punjab,Ludhiana,Cotton,Rabi,9.96,Alluvial,0.354,0.711,979.5,28.1,2.3,90.44
Uttar Pradesh,Kanpur,Maize,Rabi,10.93,Red,0.611,0.629,340.7,18.9,4.12,56.55
Punjab,Ludhiana,Sugarcane,Kharif,5.54,Loamy,0.543,0.882,775.4,36.3,3.53,80.88
Uttar Pradesh,Lucknow,Cotton,Rabi,14.02,Red,0.493,0.586,910.7,22.9,4.98,92.14
Uttar Pradesh,Lucknow,Rice,Kharif,7.98,Alluvial,0.307,0.323,744.8,15.0,4.31,51.61
Uttar Pradesh,Kanpur,Rice,Kharif,8.51,Red,0.669,0.774,486.3,38.3,3.4,63.48
Uttar Pradesh,Lucknow,Cotton,Rabi,11.13,Red,0.494,0.203,301.3,38.6,4.82,40.33
Maharashtra,Nagpur,Maize,Kharif,10.64,Black,0.775,0.245,150.1,17.3,1.23,25.51
Haryana,Karnal,Wheat,Kharif,8.43,Red,0.745,0.31,554.4,19.9,4.2,66.34
Uttar Pradesh,Lucknow,Maize,Kharif,6.33,Alluvial,0.549,0.606,495.4,16.1,2.72,48.94
Maharashtra,Pune,Wheat,Kharif,12.09,Alluvial,0.222,0.363,378.3,31.8,2.6,41.16
Karnataka,Mysuru,Cotton,Rabi,3.05,Black,0.343,0.738,441.4,25.1,5.83,75.88
Punjab,Amritsar,Rice,Rabi,8.78,Black,0.467,0.687,223.1,39.2,4.29,43.72
Haryana,Karnal,Maize,Kharif,9.07,Black,0.759,0.375,86.0,35.2,5.88,55.24
Maharashtra,Pune,Sugarcane,Rabi,4.91,Red,0.42,0.833,982.7,20.2,3.15,84.81
Uttar Pradesh,Lucknow,Cotton,Kharif,2.09,Red,0.727,0.513,656.7,27.7,1.87,79.86
Uttar Pradesh,Lucknow,Rice,Rabi,12.26,Red,0.752,0.74,486.5,33.2,2.94,73.44
Karnataka,Mysuru,Rice,Rabi,5.05,Red,0.592,0.659,468.8,18.7,3.6,60.04
Karnataka,Mysuru,Sugarcane,Rabi,10.47,Black,0.671,0.865,403.0,22.6,1.86,63.76
Uttar Pradesh,Kanpur,Maize,Rabi,7.32,Red,0.214,0.555,156.1,22.1,2.62,30.47
Karnataka,Belagavi,Sugarcane,Kharif,13.63,Alluvial,0.201,0.62,920.2,27.7,1.01,73.0
Uttar Pradesh,Lucknow,Rice,Rabi,11.95,Red,0.787,0.534,270.9,30.0,2.32,62.04
Haryana,Karnal,Maize,Rabi,5.38,Alluvial,0.544,0.694,792.1,31.6,4.13,89.45
Punjab,Amritsar,Wheat,Kharif,1.13,Black,0.634,0.239,531.6,24.5,3.38,64.64
Haryana,Hisar,Rice,Rabi,13.61,Alluvial,0.466,0.568,53.0,22.8,5.33,49.41
Karnataka,Belagavi,Rice,Rabi,3.15,Alluvial,0.857,0.874,535.8,26.7,5.5,100.0
Haryana,Karnal,Wheat,Rabi,12.62,Loamy,0.802,0.857,323.8,32.0,1.34,64.39
Maharashtra,Nagpur,Sugarcane,Kharif,9.99,Red,0.295,0.434,430.9,34.4,2.54,42.62
Punjab,Amritsar,Wheat,Kharif,9.67,Black,0.601,0.495,66.1,30.5,5.4,58.71
Maharashtra,Nagpur,Sugarcane,Rabi,3.73,Red,0.577,0.365,82.8,25.1,2.44,39.86
Uttar Pradesh,Lucknow,Sugarcane,Rabi,2.38,Black,0.288,0.764,729.1,18.2,2.1,56.53
Karnataka,Mysuru,Sugarcane,Kharif,2.92,Black,0.582,0.586,925.8,15.7,3.04,71.91
Karnataka,Belagavi,Maize,Kharif,10.81,Black,0.539,0.69,475.4,26.9,5.48,85.08
Maharashtra,Nagpur,Maize,Kharif,10.07,Loamy,0.448,0.564,266.5,18.4,2.19,34.85
Punjab,Ludhiana,Sugarcane,Rabi,7.78,Black,0.343,0.408,702.3,25.7,4.14,73.42
Uttar Pradesh,Lucknow,Maize,Rabi,10.3,Red,0.458,0.322,480.5,34.1,1.38,42.8
Uttar Pradesh,Lucknow,Wheat,Kharif,2.32,Black,0.877,0.745,333.3,16.1,4.56,64.98
Karnataka,Belagavi,Rice,Rabi,8.02,Loamy,0.659,0.896,786.4,28.5,4.85,100.0
Maharashtra,Pune,Sugarcane,Rabi,14.35,Alluvial,0.226,0.404,116.0,37.0,3.97,25.66
Haryana,Karnal,Maize,Kharif,5.08,Loamy,0.741,0.243,664.4,35.6,5.54,77.73
Karnataka,Mysuru,Maize,Rabi,2.55,Red,0.282,0.647,858.6,16.7,1.53,54.02
Haryana,Karnal,Cotton,Rabi,8.41,Red,0.804,0.68,827.8,21.7,5.43,100.0
Karnataka,Belagavi,Wheat,Kharif,3.38,Red,0.799,0.895,713.1,38.9,2.75,77.95
Maharashtra,Pune,Rice,Kharif,9.67,Red,0.417,0.648,689.2,35.9,4.65,72.7
Haryana,Karnal,Cotton,Rabi,11.29,Red,0.606,0.451,125.2,30.1,1.13,40.19
Maharashtra,Pune,Wheat,Rabi,4.75,Black,0.406,0.449,398.2,25.7,1.46,48.04
Karnataka,Mysuru,Wheat,Kharif,14.25,Alluvial,0.733,0.318,93.2,20.4,4.89,47.52
Uttar Pradesh,Kanpur,Rice,Rabi,14.62,Alluvial,0.825,0.662,868.0,17.4,4.65,90.87
Maharashtra,Nagpur,Sugarcane,Rabi,7.29,Red,0.639,0.896,620.0,38.2,2.28,66.76
Punjab,Amritsar,Rice,Kharif,14.66,Alluvial,0.708,0.535,763.7,26.7,1.09,79.19
Haryana,Karnal,Wheat,Rabi,6.84,Red,0.489,0.302,465.9,24.8,2.92,56.16
Haryana,Karnal,Cotton,Rabi,3.66,Loamy,0.546,0.201,869.6,15.3,1.04,47.42
Uttar Pradesh,Kanpur,Wheat,Kharif,4.15,Black,0.338,0.638,831.5,24.1,3.16,77.36
Karnataka,Mysuru,Cotton,Rabi,1.99,Loamy,0.341,0.364,471.7,16.1,3.5,38.32
Uttar Pradesh,Kanpur,Maize,Kharif,12.62,Black,0.419,0.292,91.2,31.1,3.76,39.12
Haryana,Karnal,Wheat,Kharif,7.97,Black,0.532,0.402,723.8,28.1,1.39,71.61
Karnataka,Belagavi,Wheat,Kharif,5.88,Alluvial,0.414,0.31,539.7,39.3,1.8,35.63
Uttar Pradesh,Kanpur,Rice,Rabi,12.98,Black,0.204,0.283,581.1,39.4,4.3,41.97
Karnataka,Mysuru,Wheat,Kharif,5.76,Loamy,0.7,0.222,859.6,38.5,5.44,79.23
Punjab,Amritsar,Sugarcane,Kharif,1.99,Alluvial,0.618,0.69,235.8,31.8,5.5,70.57
Maharashtra,Nagpur,Wheat,Kharif,10.96,Alluvial,0.614,0.367,832.5,26.8,4.5,92.39
Punjab,Ludhiana,Cotton,Rabi,5.79,Alluvial,0.474,0.344,880.7,17.8,3.82,67.92
Uttar Pradesh,Kanpur,Cotton,Rabi,13.79,Alluvial,0.865,0.203,351.2,35.9,3.68,55.51
Haryana,Hisar,Rice,Kharif,5.71,Red,0.519,0.657,398.8,34.4,5.52,69.33
Maharashtra,Pune,Maize,Rabi,4.47,Black,0.791,0.739,511.8,18.0,5.85,81.0
Uttar Pradesh,Kanpur,Maize,Kharif,8.96,Black,0.297,0.582,993.9,29.1,1.01,77.49
Maharashtra,Nagpur,Rice,Kharif,5.22,Black,0.398,0.85,916.3,27.8,2.29,92.04
Haryana,Hisar,Wheat,Kharif,1.56,Red,0.843,0.533,350.3,27.3,3.66,77.25
Karnataka,Belagavi,Cotton,Rabi,7.7,Black,0.711,0.709,453.3,28.6,5.62,92.17
Haryana,Hisar,Sugarcane,Kharif,2.17,Black,0.566,0.872,393.6,22.4,4.01,70.14
Uttar Pradesh,Kanpur,Maize,Kharif,8.91,Black,0.622,0.493,413.6,21.1,2.65,54.23
Maharashtra,Pune,Maize,Rabi,10.78,Red,0.389,0.268,50.2,29.9,2.06,29.33
Karnataka,Belagavi,Rice,Rabi,1.81,Red,0.457,0.845,622.2,31.6,2.51,73.58
Maharashtra,Pune,Sugarcane,Rabi,4.42,Loamy,0.351,0.449,657.4,38.7,4.52,57.58
Uttar Pradesh,Kanpur,Sugarcane,Rabi,4.73,Black,0.482,0.683,942.4,35.2,2.33,78.31
Karnataka,Mysuru,Sugarcane,Kharif,9.78,Alluvial,0.388,0.863,355.6,18.8,5.94,64.24
Haryana,Karnal,Maize,Rabi,1.82,Loamy,0.261,0.678,219.1,37.9,5.2,43.24
Karnataka,Belagavi,Rice,Kharif,14.07,Loamy,0.799,0.449,223.7,20.3,3.57,52.82
Karnataka,Mysuru,Cotton,Rabi,12.54,Loamy,0.511,0.318,957.1,21.7,4.99,86.04
Maharashtra,Pune,Sugarcane,Rabi,7.99,Alluvial,0.357,0.561,507.6,20.2,5.94,66.0
Haryana,Karnal,Cotton,Kharif,11.59,Red,0.321,0.278,93.9,27.6,4.84,46.28
Haryana,Hisar,Maize,Rabi,14.76,Loamy,0.706,0.41,625.1,21.2,4.05,72.87
Uttar Pradesh,Lucknow,Maize,Rabi,6.61,Alluvial,0.494,0.802,994.1,35.6,3.79,90.8
Maharashtra,Nagpur,Cotton,Rabi,12.7,Red,0.474,0.513,163.7,38.4,5.72,45.4
Karnataka,Belagavi,Rice,Rabi,5.59,Red,0.726,0.592,956.9,20.7,5.36,100.0
Karnataka,Mysuru,Wheat,Rabi,11.82,Loamy,0.843,0.297,376.7,16.4,3.03,47.71
Maharashtra,Nagpur,Cotton,Kharif,7.55,Alluvial,0.434,0.307,75.5,31.9,1.15,24.59
Uttar Pradesh,Lucknow,Wheat,Rabi,1.11,Red,0.489,0.807,971.3,17.1,4.89,88.5
Haryana,Karnal,Wheat,Rabi,11.48,Black,0.468,0.295,535.0,23.4,2.76,55.11
Uttar Pradesh,Kanpur,Rice,Kharif,14.93,Loamy,0.739,0.762,772.8,21.4,1.75,79.11
Karnataka,Mysuru,Cotton,Kharif,2.05,Red,0.24,0.812,632.4,22.6,3.81,68.57
Maharashtra,Nagpur,Cotton,Kharif,14.45,Alluvial,0.331,0.791,582.3,23.1,3.4,67.67
Haryana,Hisar,Cotton,Rabi,11.41,Red,0.798,0.367,577.8,35.7,5.36,77.39
Punjab,Ludhiana,Sugarcane,Rabi,4.11,Black,0.318,0.592,844.5,24.4,1.39,67.9
Karnataka,Belagavi,Maize,Kharif,12.28,Loamy,0.322,0.818,165.4,19.2,3.39,39.34
Karnataka,Belagavi,Cotton,Kharif,9.55,Black,0.562,0.43,686.4,35.9,1.77,57.79
Maharashtra,Pune,Maize,Rabi,11.83,Red,0.657,0.535,663.5,18.4,2.04,60.55
Punjab,Ludhiana,Maize,Kharif,5.24,Alluvial,0.654,0.681,539.4,33.7,1.15,61.23
Maharashtra,Pune,Wheat,Kharif,12.46,Loamy,0.472,0.277,990.5,31.4,5.91,95.72
Uttar Pradesh,Lucknow,Sugarcane,Rabi,14.7,Black,0.482,0.415,193.1,18.6,3.59,36.05
Maharashtra,Nagpur,Sugarcane,Kharif,0.83,Alluvial,0.612,0.285,253.1,32.9,2.57,44.25
Punjab,Ludhiana,Cotton,Rabi,3.62,Black,0.552,0.43,468.1,17.1,2.17,42.53
Punjab,Ludhiana,Rice,Rabi,5.34,Black,0.383,0.898,779.5,35.6,1.13,65.28
Punjab,Ludhiana,Wheat,Rabi,1.02,Loamy,0.497,0.892,880.2,30.8,5.31,100.0
Maharashtra,Pune,Sugarcane,Rabi,10.05,Loamy,0.475,0.693,771.3,15.8,2.9,62.62
Haryana,Karnal,Rice,Kharif,5.38,Black,0.811,0.866,582.5,22.7,3.33,85.21
Karnataka,Belagavi,Cotton,Kharif,7.61,Red,0.367,0.558,696.9,26.5,1.41,65.69
Uttar Pradesh,Kanpur,Maize,Kharif,13.64,Black,0.323,0.476,726.5,35.4,3.39,61.68
Uttar Pradesh,Lucknow,Cotton,Rabi,6.6,Alluvial,0.398,0.69,55.2,17.7,5.59,41.29
Punjab,Ludhiana,Rice,Rabi,12.85,Alluvial,0.348,0.7,634.4,33.6,4.94,74.9
Uttar Pradesh,Lucknow,Cotton,Rabi,3.82,Red,0.839,0.452,740.2,36.2,3.18,77.17
Uttar Pradesh,Kanpur,Rice,Rabi,3.09,Alluvial,0.799,0.725,594.5,27.2,2.28,85.62
Haryana,Karnal,Maize,Rabi,8.61,Loamy,0.35,0.577,527.6,26.9,3.3,67.36
Karnataka,Belagavi,Cotton,Rabi,2.8,Alluvial,0.422,0.411,112.8,18.8,5.28,38.69
Uttar Pradesh,Lucknow,Cotton,Rabi,10.85,Alluvial,0.441,0.611,993.0,22.5,5.65,97.61
Maharashtra,Pune,Rice,Rabi,2.77,Alluvial,0.283,0.425,838.7,15.9,2.2,49.27
Uttar Pradesh,Kanpur,Cotton,Kharif,7.0,Black,0.436,0.264,751.7,26.5,5.06,81.75
Uttar Pradesh,Lucknow,Rice,Rabi,3.29,Red,0.604,0.246,284.6,19.3,2.68,37.52
Uttar Pradesh,Lucknow,Sugarcane,Kharif,13.83,Loamy,0.289,0.502,778.6,18.7,5.66,71.3
Uttar Pradesh,Lucknow,Cotton,Kharif,13.08,Loamy,0.864,0.466,565.3,22.9,2.84,74.16
Maharashtra,Nagpur,Sugarcane,Kharif,12.94,Alluvial,0.581,0.856,78.7,15.3,1.41,27.32
Karnataka,Mysuru,Sugarcane,Rabi,10.29,Red,0.662,0.469,557.1,22.6,3.59,69.9
Uttar Pradesh,Lucknow,Maize,Rabi,12.75,Alluvial,0.401,0.537,979.2,39.2,1.03,59.17
Karnataka,Mysuru,Maize,Rabi,6.97,Black,0.713,0.219,930.5,29.2,4.42,96.66
Maharashtra,Nagpur,Rice,Rabi,13.85,Alluvial,0.713,0.527,292.2,33.6,5.66,69.84
Maharashtra,Pune,Rice,Kharif,7.96,Loamy,0.486,0.569,867.2,16.2,4.82,75.09
Maharashtra,Pune,Wheat,Rabi,7.7,Loamy,0.537,0.538,951.8,38.6,5.57,86.48
Karnataka,Belagavi,Rice,Rabi,4.93,Loamy,0.657,0.296,833.2,28.6,5.9,100.0
Haryana,Karnal,Rice,Kharif,14.27,Loamy,0.385,0.731,662.9,32.4,3.14,71.8
Uttar Pradesh,Kanpur,Cotton,Rabi,10.89,Red,0.421,0.661,568.1,39.7,5.45,63.52
Uttar Pradesh,Lucknow,Maize,Rabi,7.09,Red,0.82,0.577,724.4,23.2,3.81,88.79
Maharashtra,Nagpur,Wheat,Kharif,9.51,Alluvial,0.812,0.688,535.6,22.8,5.44,89.2
Karnataka,Belagavi,Cotton,Kharif,12.28,Loamy,0.435,0.775,98.6,15.2,1.57,21.78
Uttar Pradesh,Lucknow,Wheat,Kharif,0.91,Red,0.531,0.829,761.1,38.6,2.13,66.81
Maharashtra,Nagpur,Sugarcane,Rabi,8.58,Black,0.225,0.363,719.5,34.3,3.85,59.58
Maharashtra,Nagpur,Maize,Kharif,13.1,Black,0.246,0.317,602.0,20.8,5.67,60.59
Punjab,Amritsar,Sugarcane,Kharif,8.44,Alluvial,0.552,0.404,53.2,16.5,2.32,20.68
Uttar Pradesh,Kanpur,Wheat,Rabi,5.09,Alluvial,0.568,0.245,857.9,26.5,1.89,75.35
Uttar Pradesh,Kanpur,Maize,Kharif,1.12,Red,0.787,0.253,159.1,20.9,3.23,43.77
Uttar Pradesh,Kanpur,Rice,Rabi,1.81,Alluvial,0.525,0.324,250.6,24.2,4.81,55.45
Karnataka,Belagavi,Sugarcane,Rabi,7.83,Loamy,0.809,0.878,655.6,23.8,4.47,97.0
Maharashtra,Pune,Wheat,Rabi,4.37,Alluvial,0.253,0.494,637.3,34.7,5.05,64.92
Haryana,Hisar,Sugarcane,Rabi,9.03,Loamy,0.757,0.318,671.5,33.3,1.21,63.47
Uttar Pradesh,Kanpur,Maize,Kharif,6.38,Loamy,0.844,0.894,776.2,34.8,2.04,87.3
Uttar Pradesh,Lucknow,Rice,Rabi,5.01,Black,0.816,0.379,385.8,18.6,4.88,62.92
Karnataka,Belagavi,Rice,Rabi,6.18,Black,0.324,0.294,901.7,16.7,1.5,48.68
Uttar Pradesh,Kanpur,Sugarcane,Kharif,1.37,Red,0.393,0.719,636.5,32.1,4.54,78.05
Karnataka,Belagavi,Maize,Kharif,2.46,Alluvial,0.558,0.629,203.6,16.9,1.97,33.09
Maharashtra,Nagpur,Wheat,Kharif,5.61,Loamy,0.852,0.872,364.2,36.7,4.39,74.38
Haryana,Hisar,Rice,Kharif,1.71,Loamy,0.689,0.54,233.3,29.8,3.72,64.28
Punjab,Amritsar,Rice,Kharif,0.91,Alluvial,0.586,0.258,819.7,17.2,3.14,62.04
Haryana,Hisar,Maize,Rabi,4.13,Alluvial,0.201,0.655,90.4,20.3,4.61,35.58
Maharashtra,Nagpur,Sugarcane,Kharif,10.7,Black,0.489,0.285,501.3,26.4,3.1,61.6
Uttar Pradesh,Lucknow,Sugarcane,Rabi,1.06,Black,0.245,0.34,314.2,19.2,2.26,26.48
Karnataka,Mysuru,Rice,Kharif,3.35,Alluvial,0.219,0.562,352.3,16.1,5.9,45.03
Haryana,Karnal,Rice,Rabi,4.19,Red,0.329,0.561,625.8,26.8,2.94,69.13
Maharashtra,Pune,Wheat,Kharif,13.04,Red,0.233,0.466,145.1,34.4,2.56,27.06
Punjab,Amritsar,Sugarcane,Rabi,2.37,Red,0.312,0.574,658.6,28.9,3.8,75.4
Punjab,Ludhiana,Maize,Kharif,14.0,Black,0.203,0.363,467.6,29.1,5.58,65.26
Haryana,Hisar,Sugarcane,Rabi,11.86,Black,0.342,0.876,55.5,29.2,1.44,41.44
Punjab,Ludhiana,Wheat,Kharif,11.89,Alluvial,0.615,0.376,894.8,35.3,1.8,70.06
Punjab,Ludhiana,Cotton,Rabi,1.89,Red,0.749,0.797,754.3,28.5,4.86,100.0
Uttar Pradesh,Lucknow,Cotton,Kharif,11.38,Loamy,0.359,0.783,589.7,15.2,3.6,54.02
Maharashtra,Pune,Sugarcane,Kharif,11.33,Alluvial,0.597,0.497,972.1,27.3,4.29,100.0
Maharashtra,Nagpur,Wheat,Rabi,11.5,Red,0.576,0.83,511.9,29.2,2.91,78.66
Punjab,Ludhiana,Cotton,Kharif,2.09,Alluvial,0.409,0.702,336.0,18.7,1.04,35.26
Maharashtra,Pune,Maize,Kharif,3.58,Alluvial,0.524,0.621,811.3,26.3,1.86,80.33
Karnataka,Belagavi,Rice,Rabi,11.06,Red,0.388,0.704,124.4,20.2,3.04,37.0
Haryana,Karnal,Rice,Kharif,7.53,Black,0.359,0.818,556.0,29.9,5.95,86.77
Karnataka,Belagavi,Wheat,Kharif,8.58,Black,0.556,0.563,806.3,29.7,5.43,97.6
Karnataka,Belagavi,Maize,Kharif,12.68,Red,0.234,0.288,578.5,16.1,3.06,35.82
Maharashtra,Nagpur,Rice,Kharif,2.6,Black,0.273,0.41,999.2,17.4,2.07,58.92
Punjab,Ludhiana,Sugarcane,Rabi,11.4,Black,0.206,0.656,649.2,27.9,2.9,70.37
Haryana,Hisar,Rice,Rabi,12.02,Loamy,0.589,0.396,300.6,20.9,5.9,60.84
Uttar Pradesh,Lucknow,Wheat,Rabi,3.34,Loamy,0.556,0.759,882.6,36.6,5.72,93.96
Haryana,Hisar,Sugarcane,Rabi,13.05,Alluvial,0.449,0.738,692.2,31.0,5.23,88.92
Karnataka,Belagavi,Rice,Rabi,13.88,Black,0.471,0.718,571.4,20.9,1.34,55.51
Karnataka,Belagavi,Sugarcane,Rabi,12.62,Loamy,0.879,0.258,284.4,31.9,5.03,68.79
Uttar Pradesh,Kanpur,Wheat,Kharif,6.07,Black,0.257,0.896,221.3,16.2,3.05,34.11
Maharashtra,Pune,Sugarcane,Kharif,12.47,Alluvial,0.324,0.297,666.8,37.7,1.57,40.55
Haryana,Karnal,Sugarcane,Rabi,2.11,Red,0.744,0.731,342.2,23.2,2.1,62.32
Karnataka,Mysuru,Rice,Kharif,1.63,Black,0.797,0.896,482.3,27.8,1.39,80.96
Haryana,Hisar,Rice,Rabi,9.11,Black,0.661,0.654,297.8,35.2,5.59,67.92
Maharashtra,Pune,Sugarcane,Rabi,1.24,Alluvial,0.203,0.771,336.4,37.9,2.08,33.8
Karnataka,Mysuru,Maize,Kharif,7.45,Black,0.347,0.666,541.2,20.7,4.13,61.9
Uttar Pradesh,Lucknow,Maize,Kharif,7.36,Black,0.474,0.244,519.2,21.1,1.27,41.2
Punjab,Ludhiana,Sugarcane,Rabi,8.18,Loamy,0.642,0.315,100.7,36.7,3.68,36.38
Haryana,Karnal,Rice,Rabi,8.21,Alluvial,0.504,0.622,417.2,22.0,4.53,64.7
Maharashtra,Pune,Rice,Kharif,8.97,Loamy,0.448,0.463,784.1,29.5,3.01,78.51
Maharashtra,Nagpur,Rice,Rabi,1.8,Red,0.266,0.362,455.6,35.1,2.76,40.74
Haryana,Hisar,Maize,Kharif,5.56,Loamy,0.873,0.271,214.4,33.1,3.51,55.4
Karnataka,Mysuru,Wheat,Rabi,10.4,Alluvial,0.625,0.803,458.6,16.3,3.87,60.83
Maharashtra,Pune,Cotton,Kharif,10.11,Alluvial,0.583,0.234,923.7,19.4,3.26,71.54
Punjab,Amritsar,Rice,Kharif,3.75,Alluvial,0.607,0.772,535.7,31.1,4.33,82.78
Haryana,Karnal,Wheat,Rabi,5.58,Black,0.814,0.695,768.4,32.1,1.53,83.73
Haryana,Karnal,Sugarcane,Kharif,11.1,Loamy,0.662,0.821,912.8,24.6,5.64,100.0
Punjab,Ludhiana,Rice,Rabi,10.19,Red,0.814,0.316,898.6,24.8,5.22,100.0
Karnataka,Belagavi,Sugarcane,Kharif,6.39,Black,0.613,0.363,409.8,39.3,5.68,56.82
Uttar Pradesh,Kanpur,Cotton,Rabi,4.55,Loamy,0.841,0.288,954.6,33.6,2.73,86.81
Maharashtra,Nagpur,Rice,Kharif,4.13,Loamy,0.598,0.542,869.0,31.3,1.79,80.28
Maharashtra,Pune,Cotton,Kharif,6.21,Alluvial,0.479,0.337,336.0,23.2,1.06,37.69
Uttar Pradesh,Kanpur,Rice,Rabi,10.08,Alluvial,0.282,0.331,551.6,16.1,1.63,30.08
Punjab,Amritsar,Sugarcane,Kharif,12.64,Red,0.883,0.434,285.1,16.9,5.28,60.21
Karnataka,Belagavi,Maize,Rabi,12.66,Alluvial,0.588,0.42,173.3,25.9,1.13,41.19
Haryana,Hisar,Cotton,Kharif,9.68,Black,0.665,0.273,681.6,26.4,4.26,82.28
Haryana,Karnal,Maize,Rabi,5.68,Loamy,0.874,0.577,65.1,26.8,1.01,50.92
Haryana,Karnal,Cotton,Rabi,12.29,Black,0.576,0.28,202.0,35.6,2.78,35.96
Haryana,Karnal,Wheat,Rabi,11.59,Loamy,0.649,0.415,939.2,20.3,5.25,90.9
Punjab,Ludhiana,Maize,Kharif,8.61,Alluvial,0.457,0.282,256.1,34.2,2.36,35.25
Uttar Pradesh,Kanpur,Rice,Rabi,11.48,Black,0.348,0.541,710.5,34.0,5.44,76.43
Maharashtra,Pune,Maize,Rabi,12.71,Red,0.797,0.792,617.4,26.9,2.56,89.17
Uttar Pradesh,Lucknow,Cotton,Kharif,1.81,Black,0.627,0.616,368.1,18.4,5.0,61.55
Haryana,Hisar,Cotton,Kharif,1.58,Loamy,0.323,0.28,232.1,32.2,1.23,27.66
Punjab,Ludhiana,Maize,Rabi,6.97,Black,0.204,0.412,473.0,30.8,4.19,56.44
Maharashtra,Pune,Cotton,Rabi,11.84,Alluvial,0.331,0.207,913.4,27.6,2.75,75.38
Maharashtra,Nagpur,Rice,Rabi,6.42,Alluvial,0.852,0.263,634.8,23.6,1.35,66.09
Maharashtra,Pune,Maize,Rabi,6.48,Black,0.6,0.223,802.0,22.2,4.47,77.43
Punjab,Ludhiana,Wheat,Kharif,6.45,Red,0.304,0.837,803.9,27.8,2.83,85.51
Uttar Pradesh,Kanpur,Cotton,Rabi,1.21,Red,0.335,0.486,411.0,20.0,1.4,35.42
Uttar Pradesh,Kanpur,Rice,Rabi,9.65,Red,0.397,0.262,529.8,29.1,3.26,61.03
Punjab,Amritsar,Wheat,Kharif,2.42,Black,0.338,0.299,708.6,28.2,3.15,70.09
Karnataka,Mysuru,Sugarcane,Rabi,1.58,Loamy,0.721,0.687,812.3,37.1,4.79,88.77
Uttar Pradesh,Lucknow,Rice,Kharif,14.19,Loamy,0.84,0.584,398.2,36.7,2.62,59.61
Maharashtra,Pune,Wheat,Kharif,6.0,Loamy,0.765,0.407,934.7,38.9,5.08,87.29
Punjab,Ludhiana,Maize,Kharif,12.62,Black,0.545,0.485,634.0,31.4,4.75,79.85
Punjab,Amritsar,Maize,Kharif,7.47,Alluvial,0.294,0.75,79.2,39.8,5.14,35.1
Karnataka,Mysuru,Maize,Kharif,9.85,Black,0.227,0.536,991.4,23.8,3.2,78.51
Karnataka,Mysuru,Sugarcane,Rabi,8.33,Red,0.374,0.383,769.4,23.6,1.26,58.64
Karnataka,Belagavi,Wheat,Kharif,1.49,Black,0.799,0.59,681.8,16.4,4.81,77.65
Maharashtra,Nagpur,Rice,Rabi,5.19,Black,0.404,0.758,212.7,30.2,1.26,45.62
Karnataka,Belagavi,Wheat,Rabi,2.14,Black,0.443,0.441,835.1,20.6,1.43,60.64
Punjab,Ludhiana,Wheat,Kharif,5.54,Red,0.568,0.303,72.5,39.5,2.5,20.58
Uttar Pradesh,Lucknow,Wheat,Rabi,8.99,Red,0.69,0.697,775.2,16.7,3.06,73.03
Punjab,Amritsar,Cotton,Rabi,4.36,Red,0.242,0.581,545.5,22.8,5.93,69.52
Punjab,Amritsar,Cotton,Rabi,0.53,Loamy,0.891,0.537,864.3,36.0,5.06,97.12
Uttar Pradesh,Lucknow,Cotton,Rabi,6.42,Black,0.379,0.514,987.2,29.3,5.16,98.68
Punjab,Amritsar,Cotton,Kharif,13.99,Black,0.829,0.247,624.6,34.6,3.02,68.32
Punjab,Ludhiana,Rice,Rabi,4.8,Black,0.556,0.362,538.8,32.1,1.43,54.4
Punjab,Amritsar,Rice,Kharif,10.2,Loamy,0.871,0.564,996.8,23.1,3.63,100.0
Maharashtra,Pune,Maize,Rabi,13.63,Loamy,0.265,0.531,669.8,30.2,2.32,63.24
Haryana,Hisar,Sugarcane,Rabi,4.21,Black,0.783,0.515,987.9,15.6,2.9,79.38
Uttar Pradesh,Lucknow,Wheat,Rabi,11.19,Alluvial,0.817,0.348,202.6,36.9,2.81,43.67
Punjab,Amritsar,Cotton,Rabi,4.77,Loamy,0.266,0.645,604.6,20.5,2.32,52.27
Uttar Pradesh,Kanpur,Cotton,Rabi,2.66,Black,0.239,0.39,744.6,30.0,4.59,74.3
Maharashtra,Nagpur,Wheat,Rabi,5.08,Black,0.356,0.879,812.4,30.8,4.49,91.91
Uttar Pradesh,Kanpur,Cotton,Kharif,2.68,Red,0.299,0.527,660.5,15.7,3.5,49.56
Haryana,Hisar,Rice,Kharif,3.69,Loamy,0.852,0.716,68.0,21.0,3.06,52.42
Karnataka,Mysuru,Rice,Kharif,12.76,Black,0.644,0.845,822.3,20.5,4.99,94.73
Uttar Pradesh,Kanpur,Maize,Rabi,7.68,Loamy,0.479,0.361,837.1,21.2,1.27,60.4
Haryana,Hisar,Sugarcane,Rabi,1.67,Loamy,0.876,0.331,389.2,27.0,5.45,83.65
Karnataka,Mysuru,Rice,Kharif,8.37,Black,0.691,0.6,484.5,34.1,2.89,65.66
Karnataka,Mysuru,Cotton,Rabi,11.19,Loamy,0.32,0.531,989.4,31.1,1.64,75.94
Maharashtra,Pune,Rice,Rabi,13.78,Red,0.258,0.42,333.5,39.9,3.8,31.41
Maharashtra,Pune,Wheat,Rabi,4.66,Black,0.838,0.519,813.5,21.4,4.47,92.13
Haryana,Hisar,Cotton,Rabi,2.06,Red,0.212,0.29,641.5,23.0,4.24,57.95
Haryana,Karnal,Cotton,Rabi,10.16,Alluvial,0.493,0.878,112.8,35.8,3.46,46.55
Maharashtra,Nagpur,Maize,Rabi,14.38,Loamy,0.602,0.876,796.3,33.1,5.15,98.33
Haryana,Hisar,Cotton,Rabi,3.68,Red,0.504,0.529,171.4,15.6,1.69,23.08
Uttar Pradesh,Lucknow,Rice,Rabi,10.34,Red,0.806,0.812,867.7,18.8,2.26,84.8
Haryana,Hisar,Rice,Rabi,11.67,Alluvial,0.704,0.352,909.9,26.8,2.49,88.98
Maharashtra,Pune,Sugarcane,Kharif,11.77,Red,0.708,0.871,437.1,33.0,2.03,68.56
Maharashtra,Nagpur,Maize,Kharif,3.36,Alluvial,0.807,0.216,555.5,34.4,2.19,59.57
Karnataka,Mysuru,Maize,Kharif,5.78,Loamy,0.75,0.64,610.9,35.5,2.22,68.89
Maharashtra,Pune,Sugarcane,Rabi,5.12,Loamy,0.829,0.431,554.8,15.8,5.92,72.73
Uttar Pradesh,Lucknow,Wheat,Kharif,10.91,Loamy,0.278,0.581,962.8,31.7,5.1,90.5
Punjab,Amritsar,Sugarcane,Rabi,11.77,Alluvial,0.544,0.781,174.7,33.3,5.71,65.25
Maharashtra,Nagpur,Sugarcane,Kharif,6.34,Loamy,0.359,0.25,272.6,37.1,2.46,26.54
Karnataka,Mysuru,Maize,Kharif,6.28,Alluvial,0.659,0.631,403.6,17.2,1.11,42.97
Uttar Pradesh,Kanpur,Rice,Rabi,6.51,Red,0.397,0.523,276.1,17.3,1.57,27.23
Maharashtra,Nagpur,Rice,Kharif,11.92,Red,0.364,0.278,951.6,30.6,1.3,68.57
Karnataka,Belagavi,Maize,Rabi,6.39,Red,0.338,0.462,544.1,15.9,3.38,43.28
Haryana,Karnal,Rice,Rabi,14.87,Alluvial,0.345,0.486,92.8,29.6,3.42,42.77
Uttar Pradesh,Kanpur,Cotton,Rabi,11.2,Loamy,0.218,0.579,158.2,25.9,4.96,50.61
Karnataka,Belagavi,Wheat,Rabi,0.59,Red,0.753,0.817,216.0,37.9,5.57,65.63
Uttar Pradesh,Kanpur,Wheat,Kharif,10.97,Red,0.409,0.356,253.9,18.7,3.13,32.96
Uttar Pradesh,Lucknow,Rice,Kharif,5.33,Red,0.611,0.373,855.1,24.2,3.91,85.41
Maharashtra,Nagpur,Cotton,Rabi,1.17,Red,0.528,0.611,92.4,17.3,3.43,34.12
Karnataka,Mysuru,Maize,Kharif,12.69,Alluvial,0.549,0.247,175.4,25.8,3.65,48.01
Uttar Pradesh,Lucknow,Rice,Kharif,11.83,Alluvial,0.749,0.713,866.6,32.6,4.18,99.07
Karnataka,Mysuru,Maize,Rabi,12.37,Loamy,0.645,0.649,743.1,16.3,2.91,67.1
Maharashtra,Pune,Wheat,Rabi,3.04,Black,0.426,0.702,660.9,25.4,5.69,88.75
Uttar Pradesh,Lucknow,Cotton,Kharif,4.41,Red,0.665,0.46,258.0,25.2,4.82,66.18
Punjab,Amritsar,Cotton,Kharif,7.4,Black,0.708,0.574,858.2,30.4,3.16,93.04
Haryana,Karnal,Sugarcane,Rabi,0.92,Black,0.646,0.388,490.7,24.7,1.87,59.6
Maharashtra,Nagpur,Cotton,Kharif,13.23,Loamy,0.678,0.647,742.1,33.5,3.46,83.31
Maharashtra,Pune,Cotton,Kharif,12.93,Loamy,0.824,0.782,91.2,35.5,5.5,65.45
Haryana,Hisar,Maize,Kharif,6.51,Black,0.368,0.79,970.2,27.7,3.9,100.0
Karnataka,Belagavi,Maize,Rabi,12.76,Red,0.464,0.654,243.3,17.3,1.2,29.36
Punjab,Ludhiana,Rice,Kharif,1.64,Red,0.586,0.262,140.3,36.3,2.45,29.73
Haryana,Karnal,Wheat,Rabi,14.96,Black,0.645,0.687,276.4,18.6,5.43,61.92
Uttar Pradesh,Kanpur,Rice,Kharif,13.18,Red,0.643,0.871,319.9,38.5,4.03,59.43
Haryana,Hisar,Rice,Rabi,13.0,Black,0.579,0.619,472.8,18.6,3.77,59.43
Uttar Pradesh,Kanpur,Wheat,Rabi,9.83,Black,0.444,0.319,263.3,15.2,4.37,32.93
Uttar Pradesh,Kanpur,Wheat,Kharif,14.36,Alluvial,0.39,0.53,764.9,32.3,5.19,82.5
Maharashtra,Nagpur,Maize,Kharif,9.57,Black,0.436,0.772,615.3,15.2,1.34,46.43
Karnataka,Belagavi,Rice,Kharif,2.61,Red,0.31,0.758,837.6,29.0,2.48,82.08
Haryana,Karnal,Rice,Rabi,8.76,Black,0.767,0.365,802.0,22.3,1.56,72.47
Punjab,Ludhiana,Cotton,Kharif,14.39,Red,0.76,0.574,691.1,33.2,1.04,70.31
Uttar Pradesh,Lucknow,Cotton,Rabi,6.49,Loamy,0.799,0.369,640.6,36.8,5.67,79.97
Karnataka,Mysuru,Cotton,Kharif,11.8,Alluvial,0.356,0.572,353.4,17.4,1.53,30.88
Punjab,Ludhiana,Rice,Kharif,8.77,Black,0.612,0.833,645.1,39.6,1.15,57.05
Maharashtra,Pune,Rice,Kharif,5.67,Black,0.499,0.466,776.9,36.7,2.79,64.51
Maharashtra,Nagpur,Rice,Rabi,11.17,Black,0.872,0.303,463.3,23.4,2.94,66.76
Haryana,Karnal,Wheat,Rabi,3.19,Black,0.58,0.514,922.9,15.3,5.95,83.64
Maharashtra,Pune,Wheat,Kharif,12.86,Alluvial,0.593,0.664,666.5,24.1,1.38,69.78
Punjab,Ludhiana,Maize,Rabi,9.79,Red,0.344,0.627,434.4,16.5,2.91,40.98
Uttar Pradesh,Lucknow,Sugarcane,Kharif,10.58,Alluvial,0.828,0.435,626.1,24.3,2.01,73.81
Haryana,Karnal,Wheat,Rabi,5.87,Red,0.307,0.298,822.0,31.3,4.64,75.9
Uttar Pradesh,Lucknow,Sugarcane,Kharif,2.94,Black,0.308,0.894,829.8,30.7,2.07,79.57
Karnataka,Belagavi,Maize,Rabi,4.58,Loamy,0.867,0.887,269.6,37.4,5.42,74.3
Maharashtra,Nagpur,Wheat,Kharif,0.61,Red,0.43,0.507,622.4,27.5,1.35,64.59
Karnataka,Belagavi,Sugarcane,Kharif,11.77,Red,0.708,0.227,176.3,38.4,1.41,25.52
Karnataka,Mysuru,Rice,Kharif,5.6,Alluvial,0.316,0.819,989.1,16.2,3.77,76.24
Punjab,Amritsar,Rice,Rabi,14.08,Alluvial,0.395,0.402,307.2,18.8,3.15,36.59
Uttar Pradesh,Lucknow,Wheat,Kharif,12.22,Loamy,0.595,0.822,538.5,20.6,1.65,61.75
Uttar Pradesh,Kanpur,Rice,Kharif,13.59,Red,0.744,0.355,933.2,21.1,5.54,95.48
Punjab,Ludhiana,Sugarcane,Rabi,1.45,Red,0.878,0.436,852.2,32.6,4.02,95.14
Karnataka,Mysuru,Sugarcane,Kharif,14.97,Loamy,0.808,0.693,329.1,38.8,5.38,67.36
Karnataka,Mysuru,Maize,Kharif,14.32,Alluvial,0.601,0.372,327.8,39.5,4.08,44.12
Maharashtra,Nagpur,Cotton,Rabi,12.23,Black,0.484,0.672,523.0,23.5,3.48,68.29
Karnataka,Mysuru,Sugarcane,Kharif,1.54,Loamy,0.319,0.267,219.7,25.4,4.69,47.08
Punjab,Amritsar,Cotton,Rabi,1.14,Red,0.722,0.676,111.4,30.9,2.49,54.39
Maharashtra,Nagpur,Maize,Rabi,9.26,Loamy,0.246,0.713,495.5,33.1,5.13,66.66
Punjab,Ludhiana,Cotton,Kharif,0.51,Red,0.875,0.509,62.4,15.2,2.44,33.07
Karnataka,Belagavi,Sugarcane,Kharif,10.17,Loamy,0.469,0.815,549.3,17.1,1.05,47.7
Punjab,Amritsar,Rice,Rabi,6.98,Red,0.251,0.474,349.0,35.0,1.87,33.44
Punjab,Ludhiana,Rice,Rabi,14.56,Alluvial,0.714,0.382,602.7,37.5,5.65,73.92
Haryana,Hisar,Sugarcane,Kharif,6.46,Red,0.445,0.287,83.4,22.4,5.7,44.22
Uttar Pradesh,Kanpur,Cotton,Kharif,7.78,Red,0.231,0.345,841.3,27.0,2.15,67.53
Haryana,Hisar,Rice,Rabi,1.25,Loamy,0.357,0.448,931.8,30.6,3.52,82.68
Maharashtra,Nagpur,Cotton,Rabi,8.71,Black,0.315,0.898,523.9,23.0,3.52,67.27
Maharashtra,Nagpur,Wheat,Kharif,10.71,Red,0.658,0.478,312.2,30.4,5.72,74.39
Karnataka,Belagavi,Maize,Rabi,1.5,Loamy,0.35,0.439,793.0,37.6,3.26,59.97
Punjab,Amritsar,Rice,Rabi,2.79,Loamy,0.583,0.612,722.5,30.1,1.48,75.03
Karnataka,Belagavi,Rice,Kharif,12.67,Red,0.853,0.416,866.6,31.7,5.79,100.0
Punjab,Ludhiana,Sugarcane,Kharif,8.17,Alluvial,0.719,0.488,632.5,29.9,5.48,92.59
Maharashtra,Nagpur,Maize,Kharif,1.18,Red,0.662,0.535,963.5,30.2,4.04,100.0
Haryana,Hisar,Cotton,Rabi,10.01,Loamy,0.421,0.442,898.0,29.5,1.51,75.23
Uttar Pradesh,Lucknow,Rice,Rabi,1.53,Black,0.881,0.731,983.0,24.4,1.08,96.46
Uttar Pradesh,Lucknow,Rice,Rabi,7.71,Alluvial,0.727,0.404,837.7,31.3,5.94,100.0
Karnataka,Belagavi,Maize,Rabi,2.49,Alluvial,0.672,0.33,97.3,35.6,2.63,34.59
Maharashtra,Pune,Maize,Kharif,4.4,Loamy,0.702,0.535,865.2,19.0,4.79,87.16
Punjab,Amritsar,Sugarcane,Kharif,0.71,Red,0.511,0.325,399.9,31.9,2.75,51.96
Haryana,Hisar,Maize,Kharif,14.09,Red,0.529,0.575,760.1,20.3,5.9,85.0
Haryana,Hisar,Sugarcane,Rabi,4.81,Red,0.291,0.841,242.8,18.6,4.13,45.2
Uttar Pradesh,Lucknow,Wheat,Kharif,14.36,Loamy,0.553,0.562,984.9,17.8,5.93,91.9
Haryana,Karnal,Rice,Kharif,0.8,Loamy,0.389,0.233,197.0,24.1,1.1,26.99
Uttar Pradesh,Kanpur,Wheat,Rabi,12.51,Loamy,0.613,0.6,314.3,38.9,1.38,37.27
Uttar Pradesh,Lucknow,Wheat,Kharif,7.77,Black,0.827,0.273,555.0,22.9,4.98,78.22
Punjab,Amritsar,Wheat,Rabi,8.36,Red,0.382,0.242,890.7,27.0,4.69,85.41
Punjab,Ludhiana,Wheat,Rabi,0.94,Alluvial,0.743,0.559,366.5,35.1,3.23,60.25
Karnataka,Belagavi,Sugarcane,Rabi,7.95,Loamy,0.553,0.869,196.0,38.5,3.81,48.93
Punjab,Ludhiana,Cotton,Rabi,2.2,Alluvial,0.555,0.576,692.0,34.0,4.48,78.83
Karnataka,Belagavi,Maize,Kharif,5.72,Alluvial,0.873,0.508,961.7,34.2,4.59,100.0
Haryana,Karnal,Maize,Rabi,8.79,Red,0.255,0.781,806.3,26.4,1.6,73.56
Punjab,Ludhiana,Maize,Kharif,11.81,Alluvial,0.302,0.621,707.6,29.2,3.57,76.92
Haryana,Karnal,Cotton,Rabi,8.55,Loamy,0.853,0.572,340.0,20.5,5.46,73.45
Maharashtra,Pune,Cotton,Kharif,8.89,Alluvial,0.764,0.383,448.7,28.9,5.54,84.65
Punjab,Ludhiana,Cotton,Rabi,5.39,Loamy,0.542,0.696,90.6,23.2,3.73,49.95
Punjab,Amritsar,Rice,Rabi,2.87,Loamy,0.713,0.652,440.3,19.1,5.77,74.32
Punjab,Ludhiana,Wheat,Rabi,9.31,Alluvial,0.771,0.897,92.6,33.5,5.95,72.79
Maharashtra,Pune,Wheat,Rabi,5.67,Black,0.688,0.892,137.1,25.6,5.7,76.94
Uttar Pradesh,Lucknow,Cotton,Rabi,14.63,Loamy,0.642,0.514,836.2,20.3,3.07,77.08
Maharashtra,Pune,Cotton,Rabi,5.84,Loamy,0.489,0.214,411.8,34.1,3.58,48.75
Karnataka,Belagavi,Cotton,Rabi,8.96,Loamy,0.88,0.773,210.5,35.1,5.21,72.5
Haryana,Hisar,Sugarcane,Rabi,13.95,Red,0.894,0.654,622.0,36.0,3.58,80.64
Maharashtra,Nagpur,Rice,Rabi,10.89,Alluvial,0.84,0.254,533.7,32.7,2.04,63.23
Maharashtra,Pune,Maize,Kharif,11.76,Alluvial,0.411,0.206,226.1,20.3,2.46,27.74
Uttar Pradesh,Kanpur,Wheat,Kharif,6.8,Red,0.833,0.897,393.7,18.8,2.57,65.72
Haryana,Karnal,Maize,Rabi,11.64,Black,0.691,0.376,795.0,36.2,3.99,76.88
Uttar Pradesh,Kanpur,Wheat,Rabi,13.27,Loamy,0.445,0.342,966.7,15.8,2.83,62.21
Punjab,Ludhiana,Sugarcane,Kharif,10.95,Loamy,0.868,0.564,321.1,36.8,4.02,63.03
Punjab,Amritsar,Cotton,Kharif,10.86,Alluvial,0.468,0.769,52.4,29.9,4.07,54.78
Uttar Pradesh,Kanpur,Maize,Rabi,12.25,Alluvial,0.665,0.676,299.3,15.3,3.25,45.99
Maharashtra,Pune,Maize,Kharif,11.76,Black,0.47,0.781,520.2,35.5,3.33,63.64
Haryana,Hisar,Rice,Kharif,5.61,Red,0.234,0.608,217.1,24.4,2.35,38.8
Punjab,Amritsar,Rice,Kharif,2.38,Black,0.869,0.433,298.4,22.3,5.69,73.21
Uttar Pradesh,Lucknow,Cotton,Kharif,14.06,Alluvial,0.798,0.88,90.4,36.3,5.02,62.95
Haryana,Karnal,Cotton,Rabi,14.94,Loamy,0.495,0.557,121.3,35.8,1.49,29.17
Haryana,Hisar,Sugarcane,Kharif,5.26,Black,0.865,0.886,974.6,32.6,1.56,99.75
Haryana,Karnal,Sugarcane,Rabi,6.12,Red,0.714,0.439,190.4,33.7,3.29,50.53
Haryana,Karnal,Maize,Rabi,0.79,Alluvial,0.893,0.241,233.1,16.3,4.12,46.13
Punjab,Ludhiana,Maize,Rabi,8.2,Red,0.32,0.435,708.5,25.6,3.03,67.85
Karnataka,Belagavi,Cotton,Rabi,5.96,Loamy,0.438,0.321,367.5,24.8,3.19,51.28
Maharashtra,Pune,Rice,Kharif,2.75,Red,0.566,0.372,536.2,33.8,2.33,55.97
Haryana,Karnal,Rice,Rabi,14.43,Loamy,0.723,0.544,279.0,22.0,4.68,64.25
Karnataka,Belagavi,Cotton,Rabi,14.04,Red,0.791,0.298,103.9,28.4,2.42,51.63
Maharashtra,Nagpur,Rice,Rabi,4.7,Red,0.873,0.309,346.2,38.3,2.69,48.44
Uttar Pradesh,Kanpur,Cotton,Rabi,14.6,Black,0.393,0.75,323.2,21.9,1.29,42.92
Haryana,Karnal,Sugarcane,Kharif,11.35,Red,0.322,0.474,771.4,37.7,5.99,72.24
Maharashtra,Nagpur,Maize,Kharif,4.64,Red,0.46,0.883,53.2,22.7,5.65,58.48
Uttar Pradesh,Lucknow,Rice,Rabi,4.04,Red,0.766,0.635,438.4,31.6,5.78,86.31
Maharashtra,Nagpur,Wheat,Rabi,7.5,Red,0.651,0.622,450.6,29.1,4.52,81.27
Maharashtra,Pune,Rice,Kharif,6.67,Black,0.577,0.358,333.1,17.5,3.23,40.95
Haryana,Karnal,Sugarcane,Rabi,10.98,Loamy,0.416,0.822,949.6,38.3,1.19,67.94
Maharashtra,Pune,Maize,Kharif,6.54,Red,0.524,0.301,638.4,20.6,1.61,51.03
Uttar Pradesh,Kanpur,Maize,Kharif,1.68,Loamy,0.73,0.738,500.3,38.9,3.9,66.72
Haryana,Karnal,Sugarcane,Kharif,11.06,Alluvial,0.875,0.529,372.8,28.0,4.64,85.69
Punjab,Ludhiana,Maize,Rabi,3.54,Loamy,0.774,0.866,439.8,32.4,3.59,79.88
Karnataka,Mysuru,Cotton,Kharif,8.94,Red,0.223,0.243,297.8,33.6,1.63,25.72
Haryana,Karnal,Cotton,Kharif,1.13,Black,0.51,0.571,304.6,36.8,1.81,38.81
Uttar Pradesh,Lucknow,Wheat,Rabi,13.25,Black,0.395,0.706,456.6,30.9,5.64,76.7
Uttar Pradesh,Kanpur,Rice,Rabi,14.78,Red,0.675,0.852,705.6,36.4,4.05,83.66
Maharashtra,Pune,Maize,Rabi,8.41,Loamy,0.247,0.556,800.2,28.2,1.83,71.31
Karnataka,Belagavi,Wheat,Kharif,11.08,Loamy,0.75,0.263,602.5,24.4,1.7,64.25
Punjab,Ludhiana,Rice,Kharif,12.23,Red,0.652,0.361,958.6,15.8,2.12,65.97
Maharashtra,Pune,Cotton,Kharif,10.87,Black,0.361,0.763,505.9,30.3,1.46,59.7
Haryana,Hisar,Sugarcane,Kharif,8.45,Alluvial,0.626,0.633,525.2,27.3,5.62,90.7
Punjab,Amritsar,Cotton,Rabi,13.13,Loamy,0.217,0.59,414.7,30.1,2.8,52.88
Karnataka,Mysuru,Maize,Rabi,12.55,Red,0.375,0.237,521.7,39.4,1.32,28.94
Karnataka,Belagavi,Rice,Rabi,6.45,Black,0.781,0.339,733.3,27.6,5.52,99.27
Punjab,Amritsar,Sugarcane,Kharif,14.37,Black,0.384,0.406,708.5,17.0,5.54,64.72
Uttar Pradesh,Kanpur,Cotton,Rabi,5.19,Alluvial,0.299,0.652,805.2,38.8,2.66,58.73
Maharashtra,Pune,Wheat,Rabi,5.35,Alluvial,0.561,0.406,108.1,18.5,2.45,28.44
Haryana,Hisar,Cotton,Rabi,3.87,Red,0.509,0.508,417.6,16.1,3.67,45.95
Uttar Pradesh,Lucknow,Rice,Rabi,1.41,Alluvial,0.629,0.849,582.3,16.8,5.65,78.2
Karnataka,Belagavi,Maize,Kharif,3.41,Alluvial,0.4,0.365,662.8,28.2,4.61,78.91
Punjab,Amritsar,Sugarcane,Kharif,14.75,Red,0.453,0.632,871.2,17.3,5.0,78.81
Karnataka,Mysuru,Maize,Kharif,14.77,Red,0.421,0.292,941.3,37.3,4.08,70.9
Punjab,Ludhiana,Sugarcane,Kharif,4.24,Loamy,0.58,0.537,417.0,33.7,3.82,62.27
Karnataka,Belagavi,Sugarcane,Kharif,10.84,Loamy,0.254,0.625,632.0,24.5,2.61,62.16
Maharashtra,Nagpur,Sugarcane,Rabi,12.2,Red,0.387,0.592,423.3,19.3,1.36,38.91
Maharashtra,Nagpur,Sugarcane,Kharif,9.75,Loamy,0.718,0.225,415.4,30.1,5.24,73.52
Karnataka,Belagavi,Cotton,Rabi,1.54,Alluvial,0.699,0.479,507.5,30.1,5.93,87.27
Uttar Pradesh,Kanpur,Sugarcane,Kharif,0.8,Loamy,0.515,0.742,235.5,19.7,2.55,44.5
Karnataka,Mysuru,Wheat,Rabi,7.02,Red,0.529,0.427,756.2,28.1,5.57,94.65
Maharashtra,Nagpur,Cotton,Kharif,6.15,Alluvial,0.745,0.211,553.1,23.4,2.25,61.05
Uttar Pradesh,Lucknow,Rice,Rabi,4.98,Alluvial,0.467,0.549,620.4,29.6,4.15,78.64
Punjab,Ludhiana,Wheat,Rabi,1.64,Alluvial,0.873,0.863,726.1,27.9,2.25,99.48
Karnataka,Mysuru,Sugarcane,Rabi,7.54,Black,0.571,0.859,419.7,33.9,2.67,64.0
Uttar Pradesh,Lucknow,Maize,Kharif,1.6,Red,0.773,0.299,402.3,32.7,5.08,70.64
Haryana,Karnal,Wheat,Kharif,8.4,Red,0.47,0.251,491.4,21.9,1.38,41.99
Maharashtra,Nagpur,Maize,Rabi,4.81,Red,0.263,0.356,320.7,23.6,4.17,46.19
Punjab,Ludhiana,Rice,Kharif,7.15,Black,0.47,0.467,669.7,25.0,4.08,76.01
Maharashtra,Pune,Wheat,Kharif,10.64,Loamy,0.845,0.546,812.5,37.7,3.79,83.4
Karnataka,Belagavi,Sugarcane,Kharif,6.3,Red,0.36,0.885,574.0,27.9,5.73,91.88
Punjab,Ludhiana,Maize,Kharif,14.53,Black,0.5,0.835,590.4,26.9,2.53,78.34
Maharashtra,Pune,Rice,Kharif,10.71,Black,0.779,0.738,312.8,20.1,2.29,57.01
Karnataka,Mysuru,Maize,Kharif,4.1,Loamy,0.203,0.219,389.9,18.1,1.11,17.83
Maharashtra,Nagpur,Sugarcane,Kharif,3.1,Alluvial,0.233,0.721,168.7,15.6,3.94,29.51
Punjab,Ludhiana,Rice,Rabi,5.13,Black,0.203,0.875,541.1,29.3,4.33,75.09
Karnataka,Belagavi,Cotton,Kharif,0.58,Red,0.678,0.766,906.9,29.2,1.61,93.88
Maharashtra,Pune,Wheat,Rabi,13.98,Loamy,0.564,0.652,219.3,21.6,1.61,42.26
Maharashtra,Nagpur,Sugarcane,Kharif,12.57,Red,0.301,0.713,328.1,21.5,5.11,57.31
Karnataka,Belagavi,Rice,Rabi,0.68,Loamy,0.744,0.336,606.5,26.2,3.86,80.47
Haryana,Karnal,Maize,Rabi,5.71,Alluvial,0.572,0.5,346.3,38.7,4.98,53.33
Uttar Pradesh,Kanpur,Wheat,Kharif,6.28,Loamy,0.79,0.694,625.2,38.7,2.15,65.61
Maharashtra,Nagpur,Sugarcane,Rabi,10.9,Alluvial,0.767,0.49,363.6,29.6,3.6,72.08
Uttar Pradesh,Kanpur,Maize,Kharif,7.38,Red,0.797,0.662,792.8,17.9,1.25,70.14
Maharashtra,Nagpur,Maize,Rabi,11.41,Alluvial,0.334,0.457,894.1,38.4,5.61,75.07
Punjab,Ludhiana,Maize,Rabi,1.37,Red,0.645,0.873,626.6,34.9,1.59,69.88
Karnataka,Belagavi,Sugarcane,Rabi,7.84,Loamy,0.888,0.282,441.9,23.3,3.58,68.72
Punjab,Ludhiana,Cotton,Rabi,1.33,Black,0.413,0.262,107.3,25.5,2.0,31.37
Punjab,Ludhiana,Sugarcane,Kharif,2.22,Black,0.68,0.875,660.6,21.5,3.6,83.7
Karnataka,Mysuru,Rice,Kharif,12.5,Alluvial,0.496,0.788,453.6,35.7,5.66,72.64
Punjab,Ludhiana,Sugarcane,Kharif,6.06,Black,0.398,0.852,237.5,33.6,4.26,57.2
Maharashtra,Pune,Rice,Kharif,5.06,Black,0.547,0.861,72.0,34.9,2.26,41.77
Karnataka,Belagavi,Sugarcane,Kharif,13.11,Red,0.565,0.701,578.8,35.3,5.22,77.74
Haryana,Karnal,Rice,Rabi,4.37,Alluvial,0.474,0.701,161.1,39.0,1.21,26.22
Haryana,Karnal,Sugarcane,Rabi,9.32,Red,0.494,0.859,960.6,27.6,3.7,100.0
Haryana,Hisar,Sugarcane,Kharif,7.22,Loamy,0.689,0.774,145.2,37.5,5.66,60.03
Uttar Pradesh,Lucknow,Wheat,Kharif,9.47,Black,0.737,0.666,645.2,24.3,4.15,88.06
Uttar Pradesh,Lucknow,Wheat,Rabi,4.01,Black,0.456,0.714,337.0,32.1,3.16,58.26
Punjab,Amritsar,Rice,Rabi,4.74,Black,0.449,0.521,695.9,26.5,3.97,80.39
Maharashtra,Pune,Wheat,Rabi,14.36,Alluvial,0.607,0.25,516.6,19.6,3.42,53.62
Maharashtra,Pune,Wheat,Rabi,3.79,Black,0.89,0.489,407.6,36.6,1.33,53.2
Punjab,Ludhiana,Sugarcane,Rabi,8.34,Loamy,0.293,0.823,608.4,20.9,2.54,59.75
Punjab,Amritsar,Sugarcane,Kharif,5.31,Alluvial,0.878,0.235,109.8,32.5,5.44,60.3
Uttar Pradesh,Lucknow,Sugarcane,Kharif,13.39,Black,0.691,0.67,769.5,27.5,2.1,88.91
Uttar Pradesh,Lucknow,Cotton,Kharif,8.99,Loamy,0.304,0.285,796.6,32.3,4.84,73.2
Maharashtra,Pune,Rice,Kharif,13.12,Red,0.447,0.274,322.4,19.5,3.45,38.87
Haryana,Karnal,Cotton,Rabi,14.3,Red,0.421,0.74,489.9,34.5,3.41,61.78
Haryana,Hisar,Maize,Kharif,1.96,Alluvial,0.832,0.249,67.3,27.4,4.02,57.61
Karnataka,Mysuru,Wheat,Rabi,9.58,Alluvial,0.519,0.301,210.5,27.1,3.32,51.01
Punjab,Amritsar,Rice,Rabi,14.55,Black,0.757,0.224,880.9,26.8,2.82,87.84
Haryana,Karnal,Rice,Kharif,2.59,Loamy,0.38,0.789,680.1,26.2,1.91,72.98
Haryana,Hisar,Sugarcane,Rabi,7.26,Red,0.531,0.375,621.5,18.0,4.17,59.89
Karnataka,Belagavi,Wheat,Kharif,12.66,Black,0.711,0.571,545.0,17.7,3.17,61.66
Haryana,Karnal,Rice,Kharif,2.83,Black,0.756,0.719,905.8,24.3,1.88,91.72
Maharashtra,Pune,Maize,Kharif,3.41,Red,0.484,0.34,598.6,32.8,5.28,72.17
Karnataka,Mysuru,Rice,Kharif,11.68,Alluvial,0.64,0.472,200.8,23.0,4.72,57.84
Uttar Pradesh,Lucknow,Maize,Kharif,14.39,Alluvial,0.875,0.721,419.8,36.6,5.38,79.34
Punjab,Amritsar,Maize,Kharif,1.82,Black,0.84,0.239,331.1,27.2,1.11,55.88
Punjab,Amritsar,Sugarcane,Rabi,14.87,Red,0.371,0.811,915.7,35.4,1.57,72.1
Haryana,Hisar,Maize,Kharif,1.38,Loamy,0.392,0.825,506.0,30.0,4.26,76.94
Karnataka,Belagavi,Wheat,Rabi,1.1,Red,0.628,0.661,523.4,34.1,3.82,71.58
Uttar Pradesh,Kanpur,Sugarcane,Rabi,12.56,Black,0.428,0.488,804.0,30.9,3.21,77.63
Haryana,Karnal,Maize,Kharif,14.12,Alluvial,0.396,0.427,998.9,39.5,5.43,78.63
Uttar Pradesh,Kanpur,Rice,Rabi,4.19,Black,0.583,0.802,142.6,29.1,4.05,65.63
Uttar Pradesh,Kanpur,Maize,Rabi,2.06,Black,0.447,0.712,378.7,22.8,1.58,49.88
Punjab,Ludhiana,Wheat,Kharif,3.61,Loamy,0.644,0.772,830.3,38.4,4.28,83.96
Uttar Pradesh,Kanpur,Sugarcane,Rabi,14.59,Loamy,0.656,0.338,475.5,27.4,4.79,77.93
Punjab,Ludhiana,Sugarcane,Kharif,2.79,Red,0.418,0.472,639.0,23.8,5.77,78.83
Maharashtra,Pune,Maize,Rabi,9.27,Loamy,0.453,0.751,644.8,30.5,3.44,79.07
Haryana,Karnal,Rice,Kharif,6.12,Red,0.784,0.809,660.7,21.4,2.2,78.5
Haryana,Karnal,Rice,Kharif,2.08,Loamy,0.55,0.678,283.4,39.2,2.75,41.72
Uttar Pradesh,Kanpur,Wheat,Kharif,5.01,Red,0.215,0.467,935.9,34.5,4.1,73.5
Maharashtra,Pune,Wheat,Rabi,5.37,Loamy,0.489,0.616,858.0,21.4,3.35,78.96
Uttar Pradesh,Kanpur,Rice,Kharif,10.4,Red,0.729,0.881,553.9,19.1,5.69,85.89
Maharashtra,Pune,Wheat,Rabi,1.62,Red,0.798,0.867,574.7,34.3,4.3,87.24
Uttar Pradesh,Lucknow,Rice,Rabi,7.7,Black,0.613,0.572,318.3,31.1,3.55,63.22
Karnataka,Belagavi,Cotton,Kharif,14.39,Loamy,0.89,0.313,582.9,29.0,3.26,82.42
Maharashtra,Pune,Rice,Rabi,4.41,Loamy,0.504,0.541,334.0,17.4,1.63,34.81
Karnataka,Mysuru,Sugarcane,Rabi,13.87,Alluvial,0.579,0.273,936.4,18.3,6.0,84.51
Karnataka,Belagavi,Rice,Kharif,0.63,Black,0.771,0.278,995.7,34.3,3.9,90.62
Karnataka,Belagavi,Cotton,Kharif,14.4,Alluvial,0.877,0.313,771.7,36.2,5.44,87.91
Maharashtra,Nagpur,Wheat,Kharif,12.53,Alluvial,0.86,0.526,483.3,27.6,4.62,89.71
Punjab,Amritsar,Maize,Rabi,14.26,Red,0.383,0.647,837.0,22.5,4.18,81.33
Haryana,Karnal,Rice,Rabi,6.85,Red,0.576,0.753,165.1,26.0,2.5,55.74
Punjab,Ludhiana,Cotton,Rabi,12.25,Red,0.831,0.639,366.8,25.7,5.85,88.05
Uttar Pradesh,Kanpur,Sugarcane,Kharif,9.54,Alluvial,0.869,0.69,167.3,24.9,5.58,77.73
Uttar Pradesh,Kanpur,Maize,Kharif,11.98,Red,0.665,0.825,430.5,24.3,1.16,63.82
Maharashtra,Pune,Rice,Rabi,3.43,Loamy,0.445,0.21,553.7,22.0,1.06,41.81
Uttar Pradesh,Lucknow,Maize,Kharif,7.57,Loamy,0.62,0.712,672.3,33.3,4.81,86.56
Haryana,Hisar,Sugarcane,Rabi,0.9,Black,0.885,0.466,891.8,26.0,3.11,98.76
Punjab,Ludhiana,Rice,Kharif,14.47,Red,0.207,0.871,753.2,17.1,3.08,60.28
Punjab,Amritsar,Cotton,Kharif,13.86,Black,0.823,0.421,997.0,22.5,4.61,100.0
Maharashtra,Nagpur,Sugarcane,Kharif,14.6,Loamy,0.825,0.351,771.7,16.2,5.09,78.09
Punjab,Ludhiana,Cotton,Rabi,2.83,Loamy,0.539,0.816,823.7,39.1,4.09,78.7
Haryana,Karnal,Wheat,Kharif,13.93,Alluvial,0.425,0.813,425.2,22.7,3.54,63.56
Karnataka,Belagavi,Sugarcane,Kharif,4.52,Loamy,0.79,0.899,665.8,21.3,2.19,80.97
Maharashtra,Nagpur,Cotton,Rabi,1.9,Alluvial,0.539,0.689,857.8,19.3,3.19,77.53
Punjab,Amritsar,Rice,Kharif,9.01,Red,0.212,0.486,227.5,39.2,3.91,28.09
Haryana,Karnal,Wheat,Kharif,12.21,Black,0.599,0.491,539.7,20.8,2.01,55.88
Uttar Pradesh,Lucknow,Wheat,Rabi,7.05,Black,0.289,0.752,550.4,38.6,3.95,54.98
Karnataka,Belagavi,Sugarcane,Rabi,14.86,Red,0.491,0.767,646.2,39.0,2.19,57.62
Karnataka,Belagavi,Rice,Rabi,4.4,Alluvial,0.548,0.637,127.2,33.6,4.53,52.92
Uttar Pradesh,Kanpur,Maize,Kharif,9.89,Alluvial,0.233,0.462,128.7,15.1,5.8,29.34
Haryana,Karnal,Sugarcane,Rabi,13.88,Alluvial,0.798,0.581,121.0,17.2,5.48,54.3
Maharashtra,Pune,Sugarcane,Rabi,9.84,Red,0.765,0.712,634.8,20.8,2.31,73.47
Punjab,Ludhiana,Sugarcane,Rabi,3.22,Black,0.676,0.472,585.1,30.4,4.88,84.32
Karnataka,Belagavi,Rice,Rabi,2.38,Red,0.477,0.819,454.1,18.2,2.56,53.07
Haryana,Hisar,Rice,Kharif,11.14,Alluvial,0.791,0.764,63.9,18.1,3.12,45.78
Uttar Pradesh,Lucknow,Maize,Kharif,8.38,Red,0.641,0.863,307.6,31.6,1.18,58.09
Haryana,Karnal,Wheat,Kharif,3.4,Red,0.262,0.418,789.5,21.4,1.65,54.14
Maharashtra,Pune,Wheat,Rabi,10.48,Loamy,0.425,0.831,479.2,27.8,5.74,87.91
Uttar Pradesh,Kanpur,Rice,Rabi,1.8,Loamy,0.765,0.366,107.9,26.8,2.57,51.77
Uttar Pradesh,Kanpur,Rice,Kharif,6.02,Loamy,0.217,0.834,360.6,27.7,3.78,64.78
Karnataka,Mysuru,Wheat,Rabi,14.5,Alluvial,0.89,0.752,481.4,27.4,3.18,88.72
Karnataka,Mysuru,Wheat,Rabi,12.12,Alluvial,0.82,0.69,936.0,37.6,3.76,92.35
Maharashtra,Nagpur,Cotton,Rabi,12.53,Red,0.292,0.421,410.8,35.2,1.42,33.98
Haryana,Karnal,Maize,Rabi,10.35,Red,0.825,0.333,331.8,17.6,2.52,45.59
Maharashtra,Nagpur,Maize,Kharif,13.7,Alluvial,0.206,0.664,116.1,28.1,4.75,53.16
Punjab,Amritsar,Wheat,Kharif,4.47,Alluvial,0.637,0.302,734.3,25.6,2.77,75.61
Maharashtra,Nagpur,Maize,Kharif,13.23,Red,0.458,0.801,529.0,20.2,4.06,67.21
Uttar Pradesh,Kanpur,Wheat,Rabi,9.7,Red,0.392,0.618,708.4,17.9,3.6,62.39
Haryana,Karnal,Maize,Kharif,13.36,Alluvial,0.229,0.89,835.7,34.0,4.46,82.35
Haryana,Karnal,Wheat,Kharif,5.6,Red,0.63,0.436,971.6,37.5,3.84,81.73
Karnataka,Belagavi,Rice,Kharif,4.19,Red,0.837,0.614,751.0,26.0,5.03,100.0
Haryana,Karnal,Maize,Rabi,3.06,Black,0.489,0.316,665.9,21.0,2.9,58.81
Punjab,Amritsar,Rice,Rabi,11.14,Red,0.525,0.641,853.9,36.1,2.62,73.99
Haryana,Karnal,Sugarcane,Kharif,11.88,Red,0.704,0.656,967.1,29.5,2.24,97.59
Punjab,Ludhiana,Sugarcane,Kharif,11.58,Red,0.248,0.469,273.6,33.5,2.14,33.79
Uttar Pradesh,Lucknow,Cotton,Kharif,13.05,Loamy,0.332,0.589,744.7,22.3,2.97,67.03
Punjab,Amritsar,Cotton,Rabi,9.57,Black,0.549,0.488,391.4,19.2,5.87,62.74
Haryana,Karnal,Maize,Kharif,13.57,Alluvial,0.758,0.24,431.9,32.4,1.15,51.08
Punjab,Amritsar,Wheat,Kharif,1.24,Alluvial,0.606,0.863,842.9,39.4,4.77,85.98
Maharashtra,Pune,Wheat,Rabi,5.19,Loamy,0.894,0.747,818.0,21.5,1.73,86.52
Maharashtra,Nagpur,Cotton,Rabi,7.09,Red,0.464,0.513,447.8,33.9,5.64,67.86
Uttar Pradesh,Lucknow,Sugarcane,Rabi,9.28,Red,0.711,0.766,900.6,22.6,3.37,95.11
Haryana,Hisar,Cotton,Kharif,10.53,Red,0.467,0.826,251.6,37.1,4.22,52.47
Haryana,Hisar,Wheat,Rabi,4.38,Red,0.333,0.577,482.9,23.1,5.17,66.28
Punjab,Amritsar,Maize,Rabi,14.61,Black,0.884,0.378,208.9,27.4,3.41,66.68
Punjab,Ludhiana,Cotton,Kharif,8.77,Red,0.853,0.296,719.6,25.9,2.47,81.39
Punjab,Ludhiana,Maize,Kharif,3.53,Black,0.377,0.517,109.8,28.9,2.55,42.56
Uttar Pradesh,Lucknow,Wheat,Kharif,9.88,Black,0.865,0.32,446.3,29.4,3.25,74.04
Haryana,Hisar,Cotton,Rabi,12.04,Loamy,0.667,0.233,383.7,29.3,3.54,63.46
Uttar Pradesh,Kanpur,Sugarcane,Kharif,11.72,Loamy,0.239,0.501,439.3,29.0,1.28,47.25
Punjab,Amritsar,Sugarcane,Rabi,9.13,Loamy,0.858,0.899,463.0,31.7,2.07,78.6
Punjab,Amritsar,Maize,Kharif,12.95,Red,0.418,0.52,518.9,28.0,1.67,61.92
Karnataka,Mysuru,Maize,Rabi,6.66,Red,0.231,0.429,892.7,17.3,5.74,70.75
Haryana,Hisar,Rice,Kharif,1.92,Black,0.71,0.284,808.9,17.4,2.63,64.34
Karnataka,Belagavi,Rice,Kharif,10.3,Red,0.268,0.452,330.7,36.2,3.57,38.66
Haryana,Karnal,Maize,Rabi,5.18,Black,0.695,0.868,533.2,27.7,1.59,80.03
Haryana,Karnal,Maize,Kharif,6.6,Red,0.784,0.53,658.8,17.3,4.81,76.28
Uttar Pradesh,Kanpur,Sugarcane,Rabi,6.5,Red,0.768,0.383,918.4,30.1,3.7,96.67
Haryana,Karnal,Sugarcane,Rabi,13.87,Black,0.595,0.779,439.0,17.2,5.97,70.5
Punjab,Amritsar,Maize,Kharif,4.69,Red,0.621,0.898,99.9,34.5,1.64,44.38
Karnataka,Belagavi,Cotton,Kharif,3.06,Black,0.439,0.318,911.2,21.8,3.22,72.58
Uttar Pradesh,Lucknow,Cotton,Kharif,12.45,Black,0.731,0.293,152.4,28.6,1.51,46.88
Uttar Pradesh,Kanpur,Wheat,Kharif,2.01,Loamy,0.592,0.371,191.0,20.7,2.26,36.24
Uttar Pradesh,Kanpur,Maize,Rabi,8.27,Alluvial,0.751,0.602,975.8,17.5,5.11,94.68
Karnataka,Belagavi,Wheat,Kharif,14.38,Alluvial,0.636,0.292,101.2,22.0,5.64,50.82
Haryana,Hisar,Maize,Kharif,1.69,Red,0.263,0.317,68.2,21.7,2.53,20.59
Karnataka,Belagavi,Cotton,Kharif,3.59,Black,0.544,0.304,528.8,25.0,2.62,60.18
Punjab,Amritsar,Cotton,Kharif,11.72,Black,0.771,0.55,710.1,16.9,5.25,80.29
Karnataka,Mysuru,Maize,Kharif,7.6,Alluvial,0.631,0.78,675.1,24.1,3.09,82.99
Haryana,Hisar,Rice,Kharif,8.91,Alluvial,0.81,0.495,810.1,35.1,1.3,73.53
Karnataka,Mysuru,Wheat,Rabi,6.3,Loamy,0.501,0.444,384.1,26.7,5.73,73.89
Punjab,Amritsar,Maize,Rabi,2.62,Alluvial,0.729,0.461,924.6,24.7,1.75,85.42
Haryana,Karnal,Cotton,Kharif,5.66,Black,0.306,0.439,77.9,27.6,5.48,52.18
Maharashtra,Pune,Sugarcane,Rabi,11.64,Black,0.795,0.748,191.6,23.4,2.07,57.26
Haryana,Hisar,Maize,Rabi,4.96,Black,0.295,0.779,186.7,23.5,1.04,35.34
Uttar Pradesh,Lucknow,Maize,Kharif,7.18,Red,0.327,0.409,335.2,39.8,2.63,27.98
Punjab,Ludhiana,Rice,Kharif,6.94,Loamy,0.584,0.617,611.0,15.9,5.09,67.66
Haryana,Hisar,Wheat,Kharif,3.06,Black,0.689,0.613,482.8,21.6,5.54,78.48
Punjab,Ludhiana,Maize,Kharif,4.49,Loamy,0.846,0.331,243.8,30.0,3.83,65.22
Karnataka,Mysuru,Maize,Rabi,12.99,Loamy,0.658,0.867,207.5,26.5,4.72,75.68
Haryana,Hisar,Cotton,Kharif,6.75,Red,0.651,0.527,829.0,38.3,3.94,76.51
Punjab,Amritsar,Sugarcane,Rabi,1.88,Red,0.563,0.653,843.2,38.9,5.37,83.24
Maharashtra,Nagpur,Sugarcane,Rabi,7.17,Black,0.651,0.555,652.4,37.2,1.83,60.03
Haryana,Karnal,Wheat,Rabi,2.92,Alluvial,0.609,0.212,236.4,15.1,1.9,22.13
Punjab,Amritsar,Cotton,Rabi,12.55,Alluvial,0.672,0.856,473.1,21.8,1.61,64.22
Maharashtra,Nagpur,Sugarcane,Kharif,12.71,Black,0.264,0.266,888.7,25.2,4.44,76.93
Uttar Pradesh,Kanpur,Maize,Kharif,2.96,Loamy,0.625,0.377,652.6,22.9,2.74,67.43
Maharashtra,Nagpur,Wheat,Kharif,3.0,Black,0.752,0.724,271.0,23.1,4.55,70.92
Haryana,Hisar,Rice,Kharif,13.27,Loamy,0.253,0.512,626.8,31.9,5.98,75.1
Karnataka,Belagavi,Maize,Rabi,1.68,Red,0.778,0.656,618.5,29.5,1.83,80.7
Maharashtra,Pune,Sugarcane,Kharif,5.32,Alluvial,0.531,0.363,753.8,32.2,1.59,64.9
Karnataka,Belagavi,Sugarcane,Kharif,13.71,Alluvial,0.479,0.768,316.5,15.2,5.28,52.59
Punjab,Ludhiana,Maize,Kharif,6.0,Black,0.254,0.77,435.3,27.2,2.32,59.91
Karnataka,Belagavi,Cotton,Kharif,14.57,Black,0.499,0.893,330.2,15.2,4.84,54.9
Haryana,Karnal,Cotton,Rabi,1.99,Alluvial,0.744,0.791,910.0,28.6,4.52,100.0
Maharashtra,Pune,Maize,Kharif,13.72,Alluvial,0.797,0.291,933.4,15.3,5.11,81.99
Karnataka,Belagavi,Wheat,Kharif,9.48,Alluvial,0.861,0.706,253.8,39.3,2.54,50.58
Haryana,Karnal,Maize,Kharif,1.5,Red,0.688,0.453,124.4,38.4,3.95,40.58
Karnataka,Mysuru,Maize,Kharif,4.32,Loamy,0.795,0.401,566.7,33.5,3.49,72.64
Uttar Pradesh,Kanpur,Wheat,Kharif,9.03,Red,0.889,0.863,840.8,17.7,5.97,100.0
Uttar Pradesh,Kanpur,Rice,Rabi,8.93,Black,0.537,0.797,472.6,38.7,1.07,46.3
Haryana,Hisar,Sugarcane,Kharif,4.77,Red,0.461,0.444,771.1,24.0,5.78,86.69
Punjab,Ludhiana,Wheat,Kharif,1.95,Red,0.744,0.504,998.2,32.4,5.75,100.0
Maharashtra,Nagpur,Cotton,Kharif,1.61,Loamy,0.636,0.253,116.6,30.5,3.96,49.22
Maharashtra,Nagpur,Rice,Kharif,13.71,Alluvial,0.656,0.803,416.5,39.6,4.4,62.66
Punjab,Ludhiana,Cotton,Rabi,8.17,Red,0.808,0.788,346.0,19.1,2.89,61.93
Maharashtra,Nagpur,Sugarcane,Kharif,13.54,Black,0.261,0.382,467.2,29.9,2.64,51.45
Punjab,Amritsar,Cotton,Rabi,10.16,Alluvial,0.513,0.695,843.7,16.0,4.24,74.72
Uttar Pradesh,Lucknow,Sugarcane,Rabi,10.43,Red,0.268,0.775,988.8,24.3,3.53,88.44
Haryana,Hisar,Cotton,Rabi,9.98,Alluvial,0.657,0.468,258.4,21.0,5.0,58.61
Uttar Pradesh,Kanpur,Wheat,Kharif,6.76,Alluvial,0.502,0.248,747.3,17.5,4.82,64.23
Karnataka,Belagavi,Sugarcane,Kharif,8.11,Alluvial,0.421,0.362,120.1,33.0,2.45,32.04
Uttar Pradesh,Kanpur,Rice,Kharif,4.21,Black,0.587,0.557,276.2,17.9,2.06,38.38
Punjab,Amritsar,Cotton,Kharif,0.95,Loamy,0.401,0.291,150.6,25.8,2.39,36.39
Haryana,Hisar,Sugarcane,Rabi,1.12,Red,0.555,0.236,484.0,30.7,4.72,67.72
Punjab,Amritsar,Sugarcane,Rabi,14.97,Alluvial,0.449,0.499,460.8,17.0,4.87,53.58
Punjab,Ludhiana,Cotton,Kharif,13.4,Red,0.371,0.669,808.1,28.5,2.69,82.56
Uttar Pradesh,Kanpur,Sugarcane,Kharif,2.77,Loamy,0.472,0.297,52.1,21.5,1.44,20.75
Punjab,Ludhiana,Sugarcane,Rabi,5.5,Red,0.543,0.3,162.6,36.6,4.15,38.19
Punjab,Ludhiana,Maize,Kharif,5.95,Loamy,0.492,0.403,896.7,23.6,1.87,72.68
Haryana,Karnal,Wheat,Kharif,11.6,Black,0.861,0.88,783.4,22.2,2.1,90.21
Maharashtra,Pune,Maize,Rabi,11.86,Red,0.556,0.303,925.3,17.7,3.62,70.8
Maharashtra,Nagpur,Wheat,Rabi,9.4,Black,0.534,0.38,945.1,34.8,4.89,86.3
Haryana,Hisar,Wheat,Rabi,10.71,Black,0.622,0.58,609.6,31.4,5.84,89.15
Karnataka,Belagavi,Maize,Rabi,13.06,Alluvial,0.745,0.867,111.1,15.7,1.88,38.1
Haryana,Karnal,Sugarcane,Rabi,7.93,Red,0.781,0.85,743.2,34.0,2.6,86.75
Karnataka,Belagavi,Sugarcane,Kharif,9.37,Alluvial,0.209,0.25,273.0,27.3,3.07,41.16
Haryana,Karnal,Wheat,Rabi,9.73,Alluvial,0.37,0.852,296.5,36.8,4.19,52.43
Karnataka,Belagavi,Rice,Rabi,12.87,Black,0.585,0.889,676.9,24.4,4.82,93.45
Haryana,Hisar,Rice,Kharif,8.02,Loamy,0.837,0.877,602.6,17.6,3.87,79.9
Punjab,Ludhiana,Wheat,Rabi,9.77,Loamy,0.281,0.578,153.3,23.0,5.02,47.05
Uttar Pradesh,Lucknow,Sugarcane,Kharif,14.41,Alluvial,0.687,0.479,316.9,20.9,4.4,59.67
Punjab,Ludhiana,Maize,Rabi,9.0,Black,0.892,0.322,568.5,17.7,3.62,65.19
Punjab,Ludhiana,Maize,Kharif,4.75,Alluvial,0.367,0.661,153.8,38.8,2.47,27.81
Karnataka,Mysuru,Cotton,Rabi,4.81,Black,0.338,0.865,576.2,23.6,1.22,59.57
Haryana,Hisar,Cotton,Rabi,11.49,Black,0.784,0.478,145.9,34.8,3.77,51.94
Punjab,Amritsar,Sugarcane,Kharif,6.71,Loamy,0.365,0.558,725.2,30.3,2.71,71.94
Haryana,Karnal,Maize,Rabi,0.64,Loamy,0.761,0.247,548.1,33.5,2.21,60.27
Maharashtra,Nagpur,Maize,Kharif,1.76,Alluvial,0.455,0.777,844.5,36.6,1.18,66.27
Haryana,Karnal,Sugarcane,Rabi,13.62,Black,0.56,0.236,617.6,23.4,2.03,57.33
Karnataka,Mysuru,Wheat,Kharif,9.11,Red,0.395,0.301,944.1,18.0,4.37,70.41
Karnataka,Belagavi,Wheat,Rabi,8.82,Black,0.556,0.565,576.9,38.7,1.27,47.38
Haryana,Karnal,Rice,Rabi,6.96,Red,0.763,0.269,311.8,24.3,1.52,49.22
Karnataka,Belagavi,Sugarcane,Rabi,7.0,Red,0.898,0.262,726.4,36.3,5.98,87.6
Maharashtra,Nagpur,Cotton,Kharif,5.72,Red,0.458,0.797,742.7,32.6,2.4,75.89
Karnataka,Mysuru,Sugarcane,Kharif,1.89,Alluvial,0.381,0.795,762.0,39.8,4.22,68.81
Uttar Pradesh,Lucknow,Sugarcane,Rabi,7.64,Loamy,0.793,0.418,889.9,25.1,4.47,99.25
Maharashtra,Nagpur,Cotton,Rabi,9.87,Black,0.314,0.657,992.2,21.8,3.31,81.18
Karnataka,Belagavi,Cotton,Rabi,4.22,Loamy,0.43,0.627,913.1,20.9,4.39,84.13
Uttar Pradesh,Lucknow,Sugarcane,Kharif,10.78,Red,0.619,0.273,861.8,16.0,2.18,58.48
Haryana,Hisar,Rice,Kharif,7.92,Black,0.706,0.488,713.5,36.5,5.79,84.53
Karnataka,Belagavi,Wheat,Kharif,13.13,Loamy,0.823,0.426,663.1,37.2,3.54,71.91
Punjab,Ludhiana,Sugarcane,Kharif,1.4,Black,0.698,0.706,218.3,31.7,2.39,57.55
Maharashtra,Nagpur,Sugarcane,Rabi,13.11,Red,0.428,0.518,984.3,38.1,5.88,86.34
Punjab,Ludhiana,Maize,Kharif,13.18,Black,0.591,0.232,896.3,23.7,2.71,76.25
Uttar Pradesh,Kanpur,Wheat,Rabi,2.58,Alluvial,0.587,0.638,867.2,27.1,4.23,99.2
Maharashtra,Nagpur,Wheat,Kharif,0.71,Red,0.832,0.68,299.7,37.2,1.43,49.85
Karnataka,Mysuru,Rice,Rabi,10.0,Loamy,0.408,0.73,435.2,18.1,4.7,57.99
Uttar Pradesh,Lucknow,Sugarcane,Kharif,10.47,Black,0.782,0.339,591.5,33.5,2.0,64.42
Uttar Pradesh,Lucknow,Rice,Rabi,4.35,Black,0.52,0.752,861.1,25.3,4.98,99.56
Karnataka,Belagavi,Sugarcane,Rabi,9.85,Black,0.74,0.657,427.6,39.8,1.21,46.16
Punjab,Ludhiana,Wheat,Kharif,8.6,Red,0.354,0.51,460.1,34.3,5.71,64.09
Punjab,Ludhiana,Sugarcane,Kharif,8.88,Loamy,0.487,0.898,70.1,22.6,2.39,44.15
Maharashtra,Pune,Cotton,Kharif,5.81,Alluvial,0.375,0.509,815.7,36.1,5.79,79.39
Uttar Pradesh,Kanpur,Wheat,Kharif,2.92,Red,0.758,0.692,531.2,22.7,3.3,76.29
Karnataka,Mysuru,Wheat,Rabi,4.51,Black,0.23,0.323,667.7,19.0,3.41,48.56
Punjab,Ludhiana,Rice,Rabi,6.86,Loamy,0.828,0.684,392.6,35.1,4.69,74.96
Uttar Pradesh,Lucknow,Sugarcane,Rabi,5.55,Loamy,0.658,0.292,828.9,24.3,4.15,85.12
Punjab,Amritsar,Sugarcane,Kharif,4.13,Alluvial,0.252,0.788,890.6,19.1,2.55,68.0
Punjab,Ludhiana,Maize,Rabi,2.91,Alluvial,0.327,0.711,893.6,24.8,1.68,75.9
Maharashtra,Pune,Cotton,Rabi,13.35,Alluvial,0.81,0.883,500.3,22.4,4.85,88.49
Haryana,Karnal,Sugarcane,Rabi,14.3,Alluvial,0.711,0.294,138.2,36.1,5.01,47.99
Karnataka,Mysuru,Wheat,Rabi,14.02,Alluvial,0.319,0.561,199.9,26.1,2.0,41.39
Haryana,Karnal,Rice,Kharif,5.61,Red,0.357,0.418,50.5,23.1,1.39,22.62
Punjab,Ludhiana,Maize,Kharif,7.63,Alluvial,0.559,0.752,710.6,20.9,1.13,65.34
Maharashtra,Nagpur,Maize,Rabi,14.17,Alluvial,0.585,0.4,219.9,15.7,4.12,37.47
Karnataka,Mysuru,Maize,Rabi,14.43,Red,0.559,0.205,411.2,15.2,2.19,30.6
Uttar Pradesh,Kanpur,Rice,Rabi,9.21,Alluvial,0.443,0.643,859.5,22.2,1.39,69.91
Karnataka,Belagavi,Wheat,Kharif,6.77,Alluvial,0.863,0.497,53.3,38.4,1.07,29.84
Karnataka,Belagavi,Sugarcane,Rabi,9.46,Red,0.743,0.808,287.2,33.5,2.54,62.27
Maharashtra,Nagpur,Rice,Kharif,14.06,Alluvial,0.583,0.203,803.8,32.3,2.63,70.22
Uttar Pradesh,Lucknow,Maize,Rabi,14.72,Red,0.581,0.828,606.1,32.3,1.15,68.49
Uttar Pradesh,Kanpur,Rice,Kharif,5.1,Black,0.783,0.531,528.4,20.7,4.24,73.7
Uttar Pradesh,Lucknow,Rice,Kharif,1.16,Alluvial,0.743,0.293,801.1,37.2,5.31,81.53
Haryana,Karnal,Rice,Kharif,3.71,Red,0.665,0.517,289.7,16.0,5.45,53.94
Karnataka,Mysuru,Rice,Rabi,5.86,Loamy,0.418,0.462,805.4,23.9,5.61,86.3
Uttar Pradesh,Lucknow,Maize,Kharif,9.93,Red,0.798,0.545,222.6,34.2,5.6,68.28
Karnataka,Belagavi,Maize,Rabi,8.11,Red,0.623,0.71,98.5,21.9,2.78,46.18
Punjab,Ludhiana,Maize,Kharif,14.22,Red,0.415,0.206,356.6,24.6,4.81,54.75
Punjab,Amritsar,Rice,Kharif,8.37,Black,0.623,0.786,127.7,27.1,5.47,73.39
Uttar Pradesh,Kanpur,Wheat,Rabi,8.67,Black,0.232,0.761,101.8,38.4,2.06,21.73
Maharashtra,Nagpur,Rice,Rabi,4.54,Alluvial,0.556,0.387,147.5,35.0,4.51,45.06
Punjab,Amritsar,Cotton,Kharif,14.02,Black,0.399,0.66,626.4,30.9,5.39,82.94
Haryana,Karnal,Rice,Rabi,6.51,Alluvial,0.787,0.421,508.2,27.2,4.09,82.33
Maharashtra,Nagpur,Maize,Rabi,7.73,Loamy,0.624,0.314,202.9,26.5,5.22,62.93
Punjab,Ludhiana,Wheat,Kharif,4.19,Black,0.334,0.302,240.1,21.7,5.34,45.34
Maharashtra,Pune,Rice,Rabi,4.18,Black,0.763,0.497,277.4,34.9,5.11,64.75
Maharashtra,Nagpur,Sugarcane,Kharif,1.47,Alluvial,0.718,0.774,89.3,24.4,3.79,60.7
Uttar Pradesh,Kanpur,Sugarcane,Kharif,1.69,Black,0.517,0.556,373.0,25.3,3.75,64.0
Uttar Pradesh,Lucknow,Cotton,Kharif,3.47,Red,0.554,0.819,875.2,33.8,4.49,94.48
Maharashtra,Pune,Sugarcane,Rabi,14.42,Red,0.843,0.886,140.3,26.1,3.16,70.67
Uttar Pradesh,Kanpur,Cotton,Kharif,2.39,Alluvial,0.327,0.854,206.2,33.1,1.92,42.5
Karnataka,Belagavi,Sugarcane,Rabi,1.28,Alluvial,0.683,0.392,966.8,30.1,4.23,98.99
Punjab,Ludhiana,Wheat,Rabi,13.39,Red,0.291,0.631,707.6,31.4,2.58,67.44
Punjab,Amritsar,Maize,Rabi,14.23,Loamy,0.827,0.365,299.6,39.5,2.18,40.95
Punjab,Amritsar,Maize,Rabi,1.36,Alluvial,0.858,0.697,148.3,30.6,3.1,65.17
Maharashtra,Pune,Sugarcane,Kharif,1.33,Red,0.261,0.467,177.5,27.0,4.04,47.89
Uttar Pradesh,Kanpur,Cotton,Kharif,11.31,Red,0.236,0.262,584.9,24.4,4.5,59.36
Haryana,Hisar,Rice,Kharif,14.5,Red,0.334,0.212,356.2,18.7,3.74,34.9
Uttar Pradesh,Kanpur,Maize,Kharif,14.48,Red,0.422,0.287,940.8,25.0,1.47,70.34
Maharashtra,Pune,Rice,Kharif,7.33,Black,0.363,0.369,427.5,17.8,1.89,32.35
Maharashtra,Nagpur,Wheat,Rabi,6.42,Black,0.37,0.337,675.5,36.2,2.99,53.7
Punjab,Amritsar,Rice,Kharif,7.3,Loamy,0.806,0.399,396.8,28.2,3.3,74.12
Haryana,Karnal,Sugarcane,Rabi,13.92,Loamy,0.757,0.819,468.5,35.6,5.27,81.54
Haryana,Karnal,Maize,Kharif,12.09,Red,0.898,0.369,107.4,22.1,1.89,43.68
Karnataka,Belagavi,Maize,Kharif,5.27,Black,0.446,0.8,599.1,39.3,4.14,63.67
Uttar Pradesh,Lucknow,Cotton,Rabi,9.61,Alluvial,0.564,0.471,123.2,18.3,1.06,23.57
Karnataka,Mysuru,Rice,Rabi,11.09,Red,0.539,0.262,118.7,37.9,1.0,16.55
Karnataka,Mysuru,Wheat,Kharif,14.64,Black,0.339,0.75,691.1,39.4,5.67,70.72
Karnataka,Belagavi,Wheat,Rabi,3.64,Red,0.533,0.235,993.3,26.2,6.0,100.0
Uttar Pradesh,Lucknow,Maize,Rabi,14.88,Black,0.45,0.231,381.4,37.8,1.42,28.1
Punjab,Amritsar,Rice,Rabi,14.07,Red,0.72,0.681,466.6,21.0,4.4,73.55
Haryana,Karnal,Sugarcane,Kharif,11.41,Alluvial,0.792,0.542,958.7,18.0,1.53,76.86
Maharashtra,Nagpur,Sugarcane,Rabi,13.9,Loamy,0.341,0.792,344.5,33.4,5.87,67.51
Karnataka,Belagavi,Wheat,Rabi,9.31,Loamy,0.785,0.48,744.6,18.5,1.88,67.11
Punjab,Amritsar,Wheat,Kharif,9.82,Alluvial,0.307,0.894,876.2,30.2,5.17,98.35
Maharashtra,Pune,Cotton,Rabi,14.26,Red,0.803,0.867,744.8,25.3,2.03,91.77
Haryana,Hisar,Rice,Rabi,8.48,Alluvial,0.679,0.42,571.3,23.5,4.48,76.23
Karnataka,Belagavi,Maize,Kharif,11.67,Alluvial,0.58,0.866,102.0,22.3,2.1,46.15
Uttar Pradesh,Kanpur,Rice,Rabi,11.08,Alluvial,0.868,0.795,675.9,28.5,3.38,99.95
Uttar Pradesh,Kanpur,Sugarcane,Rabi,10.5,Black,0.84,0.34,830.1,38.7,2.87,72.35
Uttar Pradesh,Kanpur,Cotton,Kharif,3.58,Loamy,0.512,0.605,211.4,32.9,4.45,56.07
Maharashtra,Pune,Maize,Rabi,2.54,Red,0.669,0.415,815.7,31.2,2.55,80.93
Punjab,Amritsar,Wheat,Kharif,6.57,Red,0.675,0.886,994.3,16.8,3.77,91.94
Karnataka,Belagavi,Wheat,Kharif,9.15,Loamy,0.529,0.839,682.7,18.3,3.6,72.22
Punjab,Amritsar,Sugarcane,Rabi,9.67,Black,0.744,0.847,653.9,25.5,3.11,90.46
Uttar Pradesh,Lucknow,Cotton,Kharif,1.36,Red,0.551,0.216,221.6,24.7,3.76,47.96
Punjab,Ludhiana,Wheat,Kharif,7.44,Loamy,0.622,0.594,774.9,23.0,2.87,79.72
Uttar Pradesh,Kanpur,Cotton,Kharif,8.38,Red,0.606,0.772,534.1,33.2,2.25,68.06
Punjab,Ludhiana,Cotton,Rabi,6.11,Red,0.594,0.51,613.6,27.5,2.59,76.17
Maharashtra,Pune,Maize,Rabi,9.91,Black,0.897,0.825,886.4,31.1,2.35,100.0
Karnataka,Mysuru,Maize,Rabi,6.82,Loamy,0.828,0.721,985.6,19.9,3.5,97.58
Uttar Pradesh,Lucknow,Sugarcane,Kharif,1.78,Loamy,0.542,0.828,482.9,16.7,2.0,51.21
Uttar Pradesh,Kanpur,Wheat,Kharif,5.33,Alluvial,0.423,0.264,888.6,32.3,4.12,77.84
Karnataka,Belagavi,Maize,Kharif,3.13,Red,0.854,0.478,641.1,35.5,1.9,68.4
Karnataka,Belagavi,Cotton,Rabi,2.95,Black,0.607,0.518,545.9,37.6,3.42,59.39
Haryana,Karnal,Wheat,Kharif,6.93,Black,0.412,0.549,529.3,34.6,1.62,49.51
Maharashtra,Nagpur,Rice,Rabi,11.49,Loamy,0.886,0.682,926.2,36.4,3.4,94.57
Maharashtra,Pune,Sugarcane,Kharif,9.18,Alluvial,0.333,0.754,461.9,26.8,5.98,81.1
Karnataka,Belagavi,Rice,Kharif,12.69,Alluvial,0.39,0.669,158.9,36.6,4.65,44.37
Punjab,Ludhiana,Rice,Kharif,13.51,Red,0.613,0.266,363.2,30.7,3.41,57.91
Karnataka,Mysuru,Sugarcane,Rabi,14.81,Alluvial,0.84,0.242,303.1,22.5,1.92,49.2
Maharashtra,Pune,Cotton,Kharif,2.35,Alluvial,0.267,0.232,507.4,23.3,5.68,59.51
Punjab,Amritsar,Cotton,Rabi,6.29,Black,0.228,0.459,633.8,29.2,1.3,55.24
Punjab,Ludhiana,Cotton,Kharif,14.29,Loamy,0.5,0.73,740.8,29.3,4.45,92.44
Karnataka,Belagavi,Maize,Kharif,7.38,Loamy,0.811,0.784,870.3,18.2,2.22,83.0
Maharashtra,Nagpur,Rice,Rabi,5.11,Alluvial,0.28,0.653,498.1,20.4,1.22,41.93
Maharashtra,Nagpur,Wheat,Kharif,7.07,Alluvial,0.768,0.836,963.5,17.5,5.4,100.0
Karnataka,Belagavi,Rice,Kharif,2.68,Black,0.259,0.414,434.8,34.0,5.78,58.06
Karnataka,Mysuru,Rice,Rabi,2.69,Red,0.896,0.81,176.7,29.5,2.9,71.94
Maharashtra,Pune,Wheat,Rabi,7.84,Alluvial,0.436,0.488,745.5,37.1,3.54,64.23
Maharashtra,Nagpur,Cotton,Kharif,13.05,Alluvial,0.77,0.497,499.6,21.6,2.44,63.76
Uttar Pradesh,Kanpur,Sugarcane,Rabi,4.43,Loamy,0.746,0.744,959.6,26.2,1.79,98.04
Karnataka,Mysuru,Cotton,Rabi,4.51,Red,0.419,0.516,837.6,18.6,4.5,73.14
Uttar Pradesh,Kanpur,Sugarcane,Rabi,7.93,Black,0.378,0.518,328.3,38.4,5.54,49.49
Punjab,Amritsar,Rice,Rabi,14.64,Alluvial,0.524,0.706,542.0,16.7,1.23,46.64
Karnataka,Belagavi,Maize,Kharif,11.06,Red,0.701,0.88,344.9,38.5,4.06,63.08
Uttar Pradesh,Kanpur,Wheat,Kharif,2.99,Black,0.726,0.708,997.7,37.8,4.42,95.5
Haryana,Karnal,Maize,Kharif,2.11,Alluvial,0.781,0.377,585.6,25.1,2.73,73.89
Uttar Pradesh,Kanpur,Maize,Kharif,8.09,Red,0.665,0.889,427.7,28.8,3.67,83.63
Punjab,Ludhiana,Rice,Kharif,12.15,Red,0.495,0.791,469.6,18.3,2.71,54.73
Haryana,Karnal,Sugarcane,Rabi,7.44,Red,0.313,0.272,542.6,33.2,2.62,47.59
Karnataka,Mysuru,Cotton,Rabi,3.54,Loamy,0.614,0.49,298.5,23.9,2.47,52.81
Punjab,Ludhiana,Cotton,Rabi,11.83,Black,0.412,0.852,874.9,30.6,1.09,79.71
Haryana,Karnal,Sugarcane,Kharif,5.51,Red,0.447,0.529,843.5,17.5,4.16,70.84
Uttar Pradesh,Kanpur,Wheat,Kharif,2.37,Black,0.413,0.74,327.3,28.6,1.59,56.07
Haryana,Karnal,Sugarcane,Kharif,9.42,Loamy,0.346,0.228,181.9,21.8,5.41,41.55
Punjab,Ludhiana,Maize,Kharif,9.81,Loamy,0.276,0.372,560.8,16.1,4.59,46.15
Karnataka,Mysuru,Rice,Kharif,7.59,Black,0.333,0.616,914.9,35.2,2.21,69.45
Haryana,Hisar,Maize,Rabi,14.49,Loamy,0.753,0.313,309.1,17.0,1.68,36.03
Karnataka,Belagavi,Maize,Rabi,0.89,Red,0.538,0.484,809.6,22.2,2.93,74.46
Karnataka,Belagavi,Sugarcane,Kharif,14.16,Black,0.725,0.835,250.6,30.5,3.5,71.28
Uttar Pradesh,Lucknow,Rice,Kharif,7.53,Alluvial,0.707,0.694,179.3,16.2,5.2,53.46
Karnataka,Belagavi,Cotton,Rabi,6.47,Alluvial,0.446,0.224,703.3,21.8,5.42,71.07
Karnataka,Mysuru,Rice,Rabi,12.34,Alluvial,0.825,0.446,385.3,24.8,5.14,78.59
Punjab,Amritsar,Maize,Kharif,0.64,Loamy,0.697,0.735,824.2,30.6,1.9,88.28
Maharashtra,Pune,Cotton,Kharif,4.49,Red,0.326,0.362,66.1,15.3,2.49,10.82
Maharashtra,Nagpur,Sugarcane,Kharif,0.66,Black,0.893,0.519,991.9,33.0,1.26,90.12
Uttar Pradesh,Kanpur,Maize,Rabi,7.51,Red,0.783,0.566,637.2,25.3,1.75,76.77
Maharashtra,Nagpur,Rice,Rabi,10.85,Black,0.635,0.363,883.1,16.8,4.03,73.21
Punjab,Amritsar,Cotton,Kharif,4.55,Loamy,0.795,0.822,366.4,37.5,3.93,67.34
Punjab,Ludhiana,Rice,Rabi,10.06,Red,0.341,0.26,267.9,23.5,2.67,36.18
Uttar Pradesh,Kanpur,Wheat,Rabi,1.02,Loamy,0.517,0.536,682.5,27.9,5.31,91.97
Haryana,Karnal,Rice,Rabi,3.44,Loamy,0.475,0.68,441.2,37.7,4.08,56.68
Uttar Pradesh,Lucknow,Rice,Rabi,9.83,Red,0.82,0.725,108.5,17.8,4.25,53.1
Uttar Pradesh,Lucknow,Sugarcane,Kharif,6.52,Loamy,0.652,0.301,737.0,32.4,3.57,76.24
Punjab,Amritsar,Maize,Kharif,12.89,Red,0.634,0.797,282.4,26.6,3.9,72.94
Maharashtra,Pune,Sugarcane,Rabi,1.3,Loamy,0.318,0.66,278.5,19.0,4.33,45.2
Punjab,Ludhiana,Cotton,Rabi,7.94,Alluvial,0.422,0.501,752.1,30.6,4.74,83.4
Maharashtra,Pune,Wheat,Rabi,7.4,Red,0.703,0.674,587.8,39.9,2.09,57.5
Karnataka,Mysuru,Maize,Kharif,10.84,Black,0.203,0.823,651.5,26.0,2.66,69.56
Haryana,Hisar,Maize,Kharif,5.38,Red,0.25,0.428,225.4,34.7,4.6,40.32
Uttar Pradesh,Kanpur,Wheat,Rabi,7.05,Black,0.697,0.247,404.0,29.3,2.83,62.32
Maharashtra,Pune,Rice,Rabi,4.15,Black,0.891,0.631,468.5,20.8,4.87,80.34
Karnataka,Mysuru,Maize,Rabi,4.46,Red,0.639,0.368,107.6,24.0,3.92,48.55
Punjab,Ludhiana,Rice,Rabi,0.94,Red,0.421,0.778,429.2,25.4,3.35,67.2
Uttar Pradesh,Kanpur,Maize,Rabi,9.94,Loamy,0.313,0.686,744.2,35.0,5.09,76.77
Karnataka,Belagavi,Maize,Kharif,14.5,Loamy,0.76,0.868,244.5,33.8,2.61,61.97
Haryana,Hisar,Rice,Rabi,14.4,Black,0.347,0.731,690.9,22.6,3.29,70.61
Punjab,Ludhiana,Wheat,Kharif,3.3,Red,0.876,0.666,862.6,28.1,2.18,100.0
Punjab,Ludhiana,Rice,Kharif,1.01,Loamy,0.733,0.432,264.1,34.5,1.72,45.26
Punjab,Amritsar,Sugarcane,Rabi,13.83,Red,0.6,0.361,668.3,33.6,3.75,70.99
Maharashtra,Nagpur,Rice,Rabi,13.21,Alluvial,0.65,0.515,606.0,24.5,3.33,75.58
Haryana,Karnal,Maize,Rabi,1.63,Loamy,0.226,0.322,289.1,37.3,4.06,32.12
Punjab,Ludhiana,Maize,Rabi,2.26,Alluvial,0.849,0.807,93.1,39.4,3.29,48.2
Haryana,Hisar,Cotton,Kharif,6.62,Red,0.225,0.208,167.0,16.9,2.87,13.57
Haryana,Karnal,Wheat,Rabi,5.27,Red,0.207,0.631,861.0,32.8,2.12,67.07
Karnataka,Mysuru,Rice,Rabi,5.28,Loamy,0.259,0.32,869.7,30.2,2.19,67.1
Punjab,Ludhiana,Sugarcane,Rabi,1.97,Alluvial,0.827,0.846,317.0,28.8,3.43,81.5
Punjab,Amritsar,Sugarcane,Kharif,9.43,Black,0.809,0.393,232.4,32.4,1.94,50.66
Karnataka,Mysuru,Wheat,Rabi,0.92,Alluvial,0.403,0.29,767.2,27.6,2.03,69.06
Punjab,Amritsar,Wheat,Rabi,4.5,Black,0.61,0.853,99.1,21.7,2.42,47.13
Uttar Pradesh,Kanpur,Rice,Kharif,8.63,Alluvial,0.366,0.632,996.0,21.9,2.38,78.11
Maharashtra,Nagpur,Sugarcane,Rabi,5.6,Loamy,0.498,0.498,939.7,16.7,1.97,64.12
Punjab,Amritsar,Wheat,Rabi,4.4,Black,0.874,0.82,379.0,26.7,2.43,79.59
Karnataka,Mysuru,Rice,Rabi,12.78,Black,0.588,0.626,833.0,15.5,5.76,81.68
Karnataka,Mysuru,Cotton,Kharif,5.33,Red,0.731,0.795,445.9,28.1,2.93,82.2
Maharashtra,Pune,Maize,Rabi,6.66,Red,0.796,0.252,819.6,19.3,4.4,79.74
Uttar Pradesh,Lucknow,Maize,Rabi,6.58,Loamy,0.595,0.679,858.4,20.9,2.47,78.87
Punjab,Ludhiana,Cotton,Kharif,6.08,Red,0.742,0.843,145.9,35.6,5.66,67.44
Maharashtra,Nagpur,Cotton,Kharif,3.36,Black,0.827,0.568,988.1,29.8,2.89,100.0
Haryana,Karnal,Rice,Kharif,8.2,Loamy,0.551,0.326,457.8,36.8,5.27,59.08
Karnataka,Mysuru,Rice,Rabi,7.57,Alluvial,0.33,0.51,393.4,34.9,4.47,52.52
Punjab,Ludhiana,Cotton,Kharif,7.85,Alluvial,0.72,0.789,222.2,20.6,5.31,67.78
Punjab,Ludhiana,Wheat,Rabi,10.45,Black,0.573,0.495,468.3,38.6,5.31,61.19
Punjab,Ludhiana,Wheat,Rabi,2.61,Black,0.561,0.385,535.2,22.6,5.48,72.62
Uttar Pradesh,Lucknow,Cotton,Kharif,10.12,Red,0.464,0.89,134.9,18.0,4.5,47.73
Haryana,Hisar,Maize,Kharif,4.99,Black,0.437,0.358,858.1,16.6,3.04,59.55
Uttar Pradesh,Kanpur,Sugarcane,Kharif,10.74,Black,0.251,0.826,512.9,31.3,5.41,75.53
Karnataka,Mysuru,Wheat,Kharif,9.92,Alluvial,0.774,0.554,418.8,36.6,4.89,69.13
Punjab,Amritsar,Sugarcane,Rabi,3.23,Black,0.443,0.88,978.2,23.3,5.82,100.0
Uttar Pradesh,Lucknow,Rice,Rabi,4.55,Black,0.432,0.399,204.8,23.9,3.36,43.93
Uttar Pradesh,Lucknow,Rice,Kharif,13.13,Black,0.611,0.495,127.9,29.4,2.97,52.21
Karnataka,Mysuru,Maize,Rabi,9.47,Red,0.685,0.809,590.6,20.4,5.95,88.28
Punjab,Ludhiana,Sugarcane,Rabi,12.97,Black,0.639,0.608,455.7,30.9,5.03,79.7
Haryana,Karnal,Cotton,Kharif,4.64,Loamy,0.317,0.85,917.5,21.1,1.84,73.62
Haryana,Hisar,Rice,Kharif,7.06,Black,0.566,0.8,730.4,39.8,1.39,59.68
Maharashtra,Nagpur,Maize,Rabi,10.41,Loamy,0.293,0.272,487.2,24.4,5.15,59.96
Haryana,Karnal,Sugarcane,Rabi,8.68,Red,0.552,0.266,752.6,16.5,2.39,52.55
Uttar Pradesh,Kanpur,Sugarcane,Rabi,13.42,Alluvial,0.714,0.873,772.9,22.5,3.74,93.16
Karnataka,Belagavi,Rice,Kharif,5.56,Red,0.563,0.288,613.9,19.6,5.62,68.9
Haryana,Karnal,Wheat,Rabi,1.99,Loamy,0.776,0.466,284.0,39.9,4.34,50.91
Maharashtra,Nagpur,Rice,Rabi,12.19,Black,0.747,0.312,95.7,30.1,3.05,49.78
Karnataka,Mysuru,Rice,Kharif,13.62,Loamy,0.77,0.843,492.7,34.7,1.24,65.46
Haryana,Hisar,Sugarcane,Rabi,1.25,Red,0.759,0.567,476.9,17.8,4.71,67.74
Haryana,Karnal,Cotton,Rabi,2.64,Black,0.289,0.685,365.0,25.9,4.13,61.94
Karnataka,Belagavi,Maize,Rabi,14.03,Alluvial,0.582,0.448,462.0,23.3,3.21,61.32
Karnataka,Mysuru,Maize,Kharif,5.35,Loamy,0.756,0.536,815.6,31.6,2.01,83.49
Karnataka,Belagavi,Cotton,Kharif,5.04,Black,0.711,0.562,487.7,16.4,5.83,69.27
Uttar Pradesh,Kanpur,Maize,Rabi,4.55,Alluvial,0.623,0.291,789.5,20.0,5.32,79.16
Punjab,Amritsar,Wheat,Rabi,6.41,Black,0.331,0.689,870.6,36.9,4.35,76.29
Maharashtra,Nagpur,Sugarcane,Kharif,7.85,Loamy,0.26,0.295,439.2,28.4,1.27,43.99
Uttar Pradesh,Kanpur,Maize,Rabi,11.13,Black,0.306,0.741,244.5,23.7,3.4,49.86
Maharashtra,Pune,Wheat,Rabi,6.55,Black,0.712,0.351,986.8,33.7,4.95,96.38
Uttar Pradesh,Kanpur,Wheat,Kharif,9.15,Loamy,0.573,0.799,594.7,38.9,4.11,68.52
Uttar Pradesh,Lucknow,Sugarcane,Kharif,5.92,Loamy,0.619,0.813,57.3,34.0,3.18,48.75
Maharashtra,Pune,Rice,Kharif,14.16,Red,0.309,0.472,294.2,28.7,4.68,59.33
Uttar Pradesh,Lucknow,Sugarcane,Kharif,8.39,Black,0.883,0.489,450.4,19.1,3.99,67.8
Uttar Pradesh,Kanpur,Rice,Kharif,10.61,Alluvial,0.224,0.213,479.0,31.4,1.71,38.87
Maharashtra,Pune,Maize,Rabi,11.41,Alluvial,0.763,0.246,233.0,37.3,3.08,41.31
Karnataka,Belagavi,Rice,Rabi,3.19,Loamy,0.778,0.717,845.3,25.9,3.28,99.62
Uttar Pradesh,Lucknow,Maize,Kharif,4.21,Red,0.749,0.756,575.3,37.6,1.58,62.58
Karnataka,Belagavi,Wheat,Rabi,14.68,Black,0.65,0.517,773.7,17.3,4.04,73.16
Karnataka,Mysuru,Rice,Kharif,4.87,Loamy,0.287,0.641,595.6,33.9,4.77,67.9
Uttar Pradesh,Lucknow,Sugarcane,Kharif,12.65,Black,0.664,0.492,873.2,19.7,2.32,74.2
Uttar Pradesh,Lucknow,Rice,Rabi,2.83,Loamy,0.782,0.656,65.0,38.6,5.86,55.12
Uttar Pradesh,Kanpur,Rice,Kharif,6.17,Loamy,0.63,0.465,722.8,34.9,2.05,66.27
Uttar Pradesh,Kanpur,Sugarcane,Rabi,1.02,Red,0.433,0.46,144.8,15.0,3.88,27.3
Punjab,Ludhiana,Sugarcane,Rabi,10.43,Black,0.254,0.276,896.3,35.2,2.65,59.45
Punjab,Ludhiana,Maize,Rabi,12.14,Red,0.417,0.224,128.4,17.7,5.45,33.27
Maharashtra,Pune,Rice,Rabi,5.11,Loamy,0.363,0.36,401.9,20.4,1.53,34.25
Uttar Pradesh,Kanpur,Cotton,Rabi,0.91,Red,0.523,0.599,285.3,34.1,2.86,49.64
Karnataka,Mysuru,Sugarcane,Kharif,8.43,Black,0.33,0.776,793.9,39.3,1.47,55.4
Punjab,Amritsar,Sugarcane,Kharif,14.71,Loamy,0.573,0.68,379.9,22.5,2.68,58.45
Karnataka,Belagavi,Rice,Kharif,3.07,Red,0.772,0.442,784.8,31.6,2.51,82.66
Karnataka,Belagavi,Sugarcane,Kharif,7.4,Black,0.33,0.448,64.6,19.2,2.68,21.78
Punjab,Amritsar,Cotton,Rabi,4.71,Loamy,0.314,0.681,167.2,36.5,3.4,36.38
Karnataka,Mysuru,Cotton,Kharif,3.5,Loamy,0.771,0.536,964.7,40.0,5.0,89.62
Maharashtra,Pune,Rice,Rabi,3.84,Red,0.412,0.251,890.7,18.1,4.48,67.83
Karnataka,Belagavi,Cotton,Rabi,11.52,Black,0.493,0.784,140.0,26.1,5.97,69.91
Uttar Pradesh,Lucknow,Wheat,Rabi,14.34,Red,0.866,0.592,653.5,20.5,4.71,86.33
Uttar Pradesh,Kanpur,Rice,Rabi,3.26,Alluvial,0.645,0.407,147.8,36.9,1.9,31.84
Punjab,Amritsar,Sugarcane,Kharif,1.78,Loamy,0.719,0.354,142.8,27.0,1.37,46.01
Punjab,Amritsar,Cotton,Kharif,14.49,Loamy,0.777,0.277,761.1,23.8,4.75,87.53
Uttar Pradesh,Lucknow,Wheat,Rabi,13.01,Alluvial,0.426,0.256,75.9,17.8,1.02,9.81
Maharashtra,Nagpur,Rice,Rabi,9.94,Red,0.894,0.831,290.2,34.2,5.68,82.58
Haryana,Hisar,Maize,Kharif,4.75,Alluvial,0.258,0.541,102.1,40.0,2.79,17.61
Uttar Pradesh,Kanpur,Wheat,Rabi,5.59,Loamy,0.208,0.678,860.8,24.6,3.62,78.57
Punjab,Ludhiana,Wheat,Rabi,2.99,Loamy,0.81,0.888,885.3,39.2,4.65,95.66
Maharashtra,Pune,Cotton,Kharif,7.95,Red,0.588,0.61,493.5,22.3,4.19,70.06
Haryana,Karnal,Rice,Rabi,12.37,Red,0.407,0.856,596.0,23.8,3.1,72.54
Haryana,Hisar,Cotton,Rabi,7.15,Black,0.453,0.21,600.1,18.6,2.06,42.61
Haryana,Karnal,Cotton,Rabi,0.88,Loamy,0.579,0.758,556.5,32.7,5.4,84.64
Maharashtra,Nagpur,Rice,Rabi,9.13,Black,0.868,0.327,433.4,38.9,4.75,62.17
Uttar Pradesh,Kanpur,Maize,Kharif,1.45,Loamy,0.761,0.369,237.7,32.3,1.22,45.25
Punjab,Amritsar,Sugarcane,Rabi,14.15,Red,0.615,0.545,367.3,17.6,5.42,59.82
Maharashtra,Pune,Rice,Kharif,10.37,Black,0.719,0.579,197.2,40.0,5.46,52.8
Uttar Pradesh,Lucknow,Sugarcane,Rabi,4.12,Red,0.89,0.5,443.6,26.6,1.58,70.93
Uttar Pradesh,Lucknow,Rice,Rabi,1.84,Alluvial,0.739,0.655,538.6,31.9,5.4,88.37
Uttar Pradesh,Kanpur,Sugarcane,Rabi,5.72,Loamy,0.214,0.23,743.8,21.8,2.54,50.73
Punjab,Amritsar,Cotton,Kharif,6.33,Loamy,0.448,0.651,223.5,38.8,4.64,44.73
Uttar Pradesh,Lucknow,Cotton,Rabi,12.19,Red,0.849,0.877,440.1,39.8,2.36,61.84
Punjab,Amritsar,Sugarcane,Rabi,10.61,Red,0.356,0.224,327.2,16.0,1.71,18.97
Punjab,Ludhiana,Rice,Rabi,14.77,Loamy,0.305,0.478,78.8,22.7,3.84,35.16
Maharashtra,Nagpur,Sugarcane,Rabi,6.71,Red,0.312,0.549,943.1,19.1,2.33,65.65
Maharashtra,Pune,Cotton,Kharif,2.64,Black,0.696,0.545,652.6,16.1,1.71,55.36
Karnataka,Belagavi,Wheat,Rabi,6.15,Red,0.722,0.609,412.3,23.2,5.57,79.36
Uttar Pradesh,Kanpur,Wheat,Rabi,13.05,Loamy,0.706,0.512,928.2,32.6,5.66,100.0
Haryana,Hisar,Rice,Kharif,1.45,Alluvial,0.836,0.667,636.7,38.2,5.97,87.22
Maharashtra,Nagpur,Wheat,Kharif,4.37,Alluvial,0.38,0.592,856.6,33.0,3.44,78.13
Maharashtra,Nagpur,Cotton,Kharif,3.58,Loamy,0.55,0.704,84.8,34.1,1.1,34.39
Haryana,Karnal,Sugarcane,Kharif,9.36,Loamy,0.538,0.63,879.6,38.8,2.72,70.56
Haryana,Hisar,Wheat,Kharif,7.15,Loamy,0.534,0.608,394.3,38.0,3.48,51.0
Karnataka,Mysuru,Cotton,Rabi,9.24,Black,0.608,0.821,774.8,36.7,1.3,69.64
Uttar Pradesh,Kanpur,Rice,Kharif,11.77,Black,0.469,0.355,326.4,19.6,1.99,34.76
Uttar Pradesh,Lucknow,Wheat,Rabi,1.57,Red,0.538,0.659,963.0,15.6,4.38,80.56
Karnataka,Mysuru,Sugarcane,Rabi,5.27,Red,0.782,0.799,406.2,25.8,2.09,73.71
Uttar Pradesh,Lucknow,Cotton,Kharif,11.75,Black,0.282,0.631,209.1,35.9,2.37,32.15
Karnataka,Mysuru,Sugarcane,Rabi,14.17,Red,0.494,0.28,494.3,19.6,2.08,42.61
Maharashtra,Pune,Wheat,Rabi,11.36,Loamy,0.575,0.483,289.1,18.1,3.97,46.71
Punjab,Amritsar,Sugarcane,Kharif,13.97,Loamy,0.476,0.296,146.9,38.9,3.94,29.3
Haryana,Hisar,Maize,Kharif,3.4,Alluvial,0.799,0.244,905.2,20.1,1.05,68.78
Maharashtra,Pune,Rice,Kharif,4.13,Red,0.226,0.572,998.4,36.3,1.84,64.73
Punjab,Amritsar,Sugarcane,Kharif,8.54,Black,0.54,0.862,282.5,17.7,5.65,62.23
Karnataka,Belagavi,Rice,Kharif,7.38,Loamy,0.61,0.713,922.0,16.1,3.85,80.73
Haryana,Karnal,Wheat,Kharif,4.05,Alluvial,0.783,0.663,581.6,36.7,5.85,84.91
Haryana,Karnal,Cotton,Kharif,5.19,Alluvial,0.853,0.723,480.2,26.4,5.98,98.64
Maharashtra,Nagpur,Wheat,Rabi,9.62,Black,0.395,0.658,710.8,22.0,2.28,65.22
Karnataka,Belagavi,Wheat,Kharif,14.21,Loamy,0.293,0.207,180.5,19.3,2.25,18.3
Maharashtra,Pune,Sugarcane,Rabi,4.44,Red,0.802,0.206,937.8,33.7,3.06,84.01
Uttar Pradesh,Kanpur,Cotton,Rabi,3.81,Loamy,0.601,0.81,988.1,29.6,1.78,96.39
Haryana,Karnal,Wheat,Rabi,6.33,Black,0.305,0.489,344.8,17.8,5.12,45.34
Maharashtra,Nagpur,Wheat,Rabi,11.44,Loamy,0.213,0.583,505.2,37.3,3.78,47.59
Karnataka,Belagavi,Rice,Kharif,3.71,Loamy,0.851,0.738,692.7,34.4,2.0,80.07
Karnataka,Belagavi,Sugarcane,Rabi,5.23,Loamy,0.324,0.849,770.2,33.1,1.22,66.98
Punjab,Amritsar,Maize,Rabi,5.17,Red,0.796,0.216,644.1,24.9,4.33,80.92
Uttar Pradesh,Kanpur,Maize,Kharif,14.71,Red,0.882,0.374,147.2,29.8,3.1,59.48
Haryana,Karnal,Wheat,Kharif,9.87,Loamy,0.288,0.674,514.1,35.5,1.69,46.08
Punjab,Amritsar,Wheat,Kharif,13.93,Alluvial,0.422,0.263,812.1,35.1,4.09,68.2
Punjab,Amritsar,Cotton,Rabi,3.97,Black,0.72,0.414,778.1,18.1,2.68,68.05
Haryana,Hisar,Wheat,Rabi,6.03,Black,0.311,0.226,301.2,21.1,3.1,33.3
Haryana,Karnal,Cotton,Kharif,12.71,Alluvial,0.763,0.473,723.5,33.9,2.03,73.05
Maharashtra,Pune,Maize,Rabi,1.48,Red,0.403,0.614,863.2,16.8,1.48,57.62
Maharashtra,Pune,Wheat,Kharif,0.75,Black,0.211,0.805,178.8,23.5,2.38,39.35
Uttar Pradesh,Kanpur,Sugarcane,Kharif,11.65,Red,0.551,0.752,714.0,36.4,1.04,62.19
Punjab,Amritsar,Maize,Rabi,10.36,Red,0.52,0.291,518.6,26.0,4.89,71.85
Karnataka,Belagavi,Wheat,Rabi,6.87,Alluvial,0.443,0.589,726.3,16.0,3.48,59.94
Maharashtra,Pune,Cotton,Kharif,4.73,Black,0.809,0.837,344.0,19.7,1.68,58.24
Karnataka,Belagavi,Sugarcane,Kharif,10.43,Red,0.704,0.233,590.0,38.5,1.2,44.97
Punjab,Ludhiana,Maize,Rabi,2.18,Loamy,0.535,0.704,206.2,33.9,1.3,41.34
Haryana,Hisar,Maize,Rabi,12.83,Red,0.354,0.267,855.6,31.2,1.79,64.4
Haryana,Karnal,Wheat,Kharif,14.99,Alluvial,0.481,0.694,408.3,23.8,5.25,72.45
Punjab,Amritsar,Rice,Rabi,12.05,Black,0.858,0.63,424.5,21.3,3.11,69.16
Karnataka,Mysuru,Maize,Rabi,11.56,Black,0.36,0.63,292.3,34.7,1.77,38.41
Uttar Pradesh,Lucknow,Maize,Rabi,4.69,Alluvial,0.477,0.685,996.2,31.1,2.38,89.33
Karnataka,Mysuru,Rice,Kharif,9.71,Loamy,0.718,0.312,681.1,19.5,2.11,60.53
Punjab,Amritsar,Rice,Kharif,14.36,Red,0.304,0.599,927.1,19.4,2.83,68.92
Punjab,Ludhiana,Wheat,Rabi,7.21,Loamy,0.825,0.703,212.6,20.2,5.07,66.83
Maharashtra,Nagpur,Maize,Kharif,12.54,Black,0.735,0.273,817.2,30.2,4.66,92.31
Punjab,Ludhiana,Maize,Kharif,11.42,Alluvial,0.504,0.238,155.9,30.1,2.43,39.34
Haryana,Karnal,Wheat,Rabi,1.52,Loamy,0.769,0.637,583.2,32.7,3.8,81.6
Punjab,Ludhiana,Sugarcane,Rabi,2.46,Black,0.53,0.577,643.3,26.4,1.73,70.59
Karnataka,Mysuru,Sugarcane,Kharif,14.07,Black,0.444,0.449,751.4,28.3,3.14,79.44
Punjab,Ludhiana,Rice,Kharif,3.18,Red,0.526,0.553,460.6,21.6,3.36,59.27
Maharashtra,Nagpur,Cotton,Kharif,8.65,Loamy,0.85,0.325,711.7,26.5,1.72,79.06
Haryana,Hisar,Sugarcane,Rabi,4.13,Alluvial,0.424,0.703,205.9,32.9,4.91,57.46
Haryana,Karnal,Sugarcane,Rabi,12.94,Alluvial,0.219,0.307,810.3,36.5,5.91,68.41
Punjab,Amritsar,Cotton,Kharif,11.23,Alluvial,0.339,0.311,138.1,32.5,3.74,36.25
Haryana,Hisar,Sugarcane,Kharif,14.98,Loamy,0.443,0.834,950.9,38.7,4.76,86.3
Uttar Pradesh,Lucknow,Sugarcane,Rabi,2.92,Alluvial,0.232,0.371,597.6,15.2,5.92,51.27
Maharashtra,Nagpur,Sugarcane,Rabi,10.24,Loamy,0.319,0.617,626.6,26.9,5.77,84.57
Uttar Pradesh,Lucknow,Sugarcane,Kharif,1.31,Red,0.703,0.578,918.3,26.6,5.14,100.0
Maharashtra,Nagpur,Cotton,Rabi,8.56,Alluvial,0.656,0.658,292.1,21.2,2.85,54.66
Uttar Pradesh,Kanpur,Cotton,Rabi,7.51,Loamy,0.48,0.726,590.9,39.1,2.88,56.69
Uttar Pradesh,Lucknow,Wheat,Rabi,7.67,Loamy,0.841,0.271,685.2,37.1,2.46,64.57
Punjab,Ludhiana,Rice,Kharif,6.53,Loamy,0.855,0.713,519.6,35.4,5.99,88.88
Uttar Pradesh,Kanpur,Cotton,Kharif,3.0,Black,0.478,0.767,254.9,18.8,3.14,45.95
Uttar Pradesh,Lucknow,Maize,Kharif,1.97,Loamy,0.574,0.747,288.5,27.5,1.37,59.04
Uttar Pradesh,Lucknow,Cotton,Rabi,3.4,Black,0.504,0.5,438.3,37.9,2.7,45.76
Uttar Pradesh,Lucknow,Wheat,Kharif,14.3,Black,0.686,0.336,164.6,28.0,4.33,62.29
Haryana,Hisar,Cotton,Rabi,9.37,Red,0.544,0.784,787.4,33.3,5.47,94.76
Karnataka,Mysuru,Cotton,Kharif,3.72,Black,0.663,0.684,663.1,28.8,3.43,89.01
Maharashtra,Pune,Wheat,Rabi,13.55,Loamy,0.254,0.292,297.8,32.6,1.92,31.48
Karnataka,Mysuru,Wheat,Rabi,11.64,Red,0.765,0.585,901.1,39.2,3.36,80.85
Haryana,Karnal,Maize,Rabi,4.75,Red,0.632,0.686,253.2,29.7,2.57,61.38
Punjab,Amritsar,Sugarcane,Kharif,3.4,Loamy,0.224,0.795,417.4,19.5,1.46,38.88
Uttar Pradesh,Kanpur,Rice,Kharif,8.26,Loamy,0.833,0.309,519.3,19.1,5.38,71.94
Uttar Pradesh,Kanpur,Sugarcane,Kharif,4.55,Loamy,0.802,0.678,886.6,17.9,3.38,86.05
Haryana,Hisar,Sugarcane,Rabi,5.04,Red,0.839,0.233,505.6,26.5,1.73,66.12
Uttar Pradesh,Lucknow,Wheat,Kharif,4.99,Alluvial,0.747,0.892,790.4,36.2,5.7,100.0
Punjab,Amritsar,Cotton,Rabi,10.09,Black,0.685,0.83,698.9,34.0,2.08,78.07
Punjab,Amritsar,Sugarcane,Rabi,12.1,Loamy,0.449,0.329,293.4,15.9,1.45,21.66
Maharashtra,Nagpur,Rice,Rabi,9.99,Loamy,0.445,0.65,256.7,39.4,1.38,28.76
Uttar Pradesh,Lucknow,Sugarcane,Kharif,6.71,Alluvial,0.415,0.375,223.4,34.6,2.11,32.42
Uttar Pradesh,Lucknow,Cotton,Kharif,2.9,Black,0.825,0.622,225.1,32.6,5.12,72.08
Karnataka,Mysuru,Maize,Rabi,12.86,Alluvial,0.71,0.446,915.3,27.1,2.59,92.92
Maharashtra,Nagpur,Rice,Rabi,5.57,Black,0.378,0.348,282.3,17.8,3.42,32.75
Maharashtra,Pune,Wheat,Kharif,2.3,Black,0.851,0.315,266.7,18.3,3.35,48.34
Punjab,Ludhiana,Rice,Kharif,5.37,Alluvial,0.601,0.591,391.4,36.3,1.27,45.13
Haryana,Karnal,Wheat,Rabi,12.16,Red,0.622,0.494,647.8,17.3,4.79,69.06
Haryana,Karnal,Maize,Rabi,2.7,Alluvial,0.534,0.24,758.2,27.5,2.85,75.85
Haryana,Karnal,Cotton,Kharif,11.06,Red,0.862,0.6,253.5,35.4,5.4,70.05
Karnataka,Belagavi,Maize,Kharif,12.4,Loamy,0.463,0.561,806.6,22.9,1.13,66.01
Punjab,Ludhiana,Rice,Kharif,5.83,Red,0.679,0.738,227.8,38.0,4.94,58.31
Maharashtra,Nagpur,Cotton,Kharif,6.07,Alluvial,0.753,0.678,371.8,39.8,3.31,54.85
Haryana,Karnal,Rice,Kharif,12.54,Red,0.676,0.809,362.6,36.4,3.5,62.72
Karnataka,Belagavi,Wheat,Rabi,3.45,Loamy,0.593,0.657,785.2,34.6,4.59,86.19
Karnataka,Belagavi,Sugarcane,Rabi,11.74,Alluvial,0.724,0.361,659.3,16.5,4.84,68.53
Uttar Pradesh,Lucknow,Sugarcane,Rabi,1.83,Black,0.693,0.574,279.8,27.3,5.15,76.94
Maharashtra,Pune,Maize,Kharif,6.92,Red,0.263,0.47,501.7,30.9,1.59,48.19
Karnataka,Mysuru,Wheat,Kharif,2.01,Loamy,0.618,0.636,777.1,38.3,3.22,71.89
Karnataka,Belagavi,Sugarcane,Kharif,14.58,Alluvial,0.361,0.548,296.5,24.2,1.16,39.36
Punjab,Amritsar,Sugarcane,Kharif,2.36,Loamy,0.554,0.321,397.5,27.3,5.74,74.59
Maharashtra,Pune,Sugarcane,Kharif,13.77,Black,0.3,0.252,937.9,17.9,2.25,54.74
Uttar Pradesh,Kanpur,Maize,Kharif,14.34,Red,0.598,0.251,717.9,28.4,3.86,81.6
Karnataka,Belagavi,Wheat,Kharif,7.15,Red,0.39,0.685,684.8,36.4,5.39,75.16
Maharashtra,Pune,Maize,Rabi,5.71,Black,0.394,0.586,675.0,29.8,5.77,87.44
Karnataka,Mysuru,Maize,Kharif,9.21,Alluvial,0.201,0.419,291.1,36.0,5.33,42.71
Maharashtra,Nagpur,Cotton,Rabi,5.42,Loamy,0.529,0.671,299.0,37.4,3.42,48.54
Punjab,Ludhiana,Sugarcane,Rabi,2.05,Red,0.443,0.228,408.7,31.8,5.06,59.34
Uttar Pradesh,Lucknow,Cotton,Rabi,11.71,Red,0.424,0.601,301.6,29.4,3.13,57.8
Punjab,Ludhiana,Rice,Rabi,11.08,Loamy,0.6,0.248,928.1,15.1,5.43,74.95
Karnataka,Belagavi,Sugarcane,Kharif,12.87,Alluvial,0.431,0.772,994.7,36.0,2.73,81.77
Maharashtra,Pune,Rice,Kharif,7.35,Loamy,0.328,0.583,354.7,38.2,5.09,48.84
Maharashtra,Nagpur,Cotton,Rabi,10.41,Alluvial,0.498,0.402,54.2,18.8,1.03,16.94
Karnataka,Mysuru,Maize,Rabi,9.73,Loamy,0.305,0.88,903.8,38.7,1.53,64.11
Punjab,Ludhiana,Cotton,Kharif,3.87,Loamy,0.739,0.651,593.0,35.6,3.5,74.09
Uttar Pradesh,Lucknow,Maize,Kharif,1.19,Loamy,0.84,0.868,700.9,21.5,4.94,97.84
Uttar Pradesh,Lucknow,Maize,Rabi,3.73,Loamy,0.348,0.424,177.9,35.2,2.1,27.77
Haryana,Hisar,Sugarcane,Rabi,7.0,Loamy,0.301,0.572,993.1,16.7,2.32,63.49
Karnataka,Mysuru,Wheat,Kharif,13.55,Loamy,0.402,0.425,145.8,34.4,2.38,31.09
Uttar Pradesh,Lucknow,Rice,Kharif,4.71,Alluvial,0.634,0.299,829.8,28.2,5.12,96.35
Uttar Pradesh,Kanpur,Wheat,Kharif,1.35,Red,0.371,0.836,176.1,24.4,5.73,64.14
Punjab,Ludhiana,Wheat,Kharif,13.68,Loamy,0.715,0.822,82.6,17.5,4.69,52.16
Punjab,Amritsar,Rice,Rabi,0.98,Alluvial,0.422,0.322,509.2,18.7,1.69,38.13
Karnataka,Mysuru,Wheat,Rabi,12.35,Alluvial,0.747,0.567,948.4,32.6,2.0,88.54
Uttar Pradesh,Lucknow,Sugarcane,Kharif,12.28,Loamy,0.656,0.748,498.6,28.8,5.4,91.99
Uttar Pradesh,Lucknow,Sugarcane,Rabi,0.94,Black,0.537,0.431,535.1,30.2,2.0,61.93
Maharashtra,Nagpur,Sugarcane,Rabi,9.56,Alluvial,0.75,0.895,173.8,33.7,4.79,69.86
Uttar Pradesh,Lucknow,Cotton,Rabi,5.63,Loamy,0.703,0.634,341.1,22.4,2.98,61.21
Haryana,Hisar,Rice,Rabi,7.6,Red,0.655,0.34,332.5,27.1,5.28,72.65
Karnataka,Mysuru,Rice,Rabi,13.21,Red,0.283,0.894,861.9,23.1,3.26,81.85
Punjab,Ludhiana,Wheat,Kharif,13.94,Loamy,0.472,0.599,753.6,30.2,1.78,73.67
Karnataka,Mysuru,Wheat,Rabi,5.26,Red,0.718,0.243,829.4,21.6,4.07,80.23
Uttar Pradesh,Lucknow,Wheat,Kharif,4.79,Black,0.637,0.752,996.5,17.4,5.69,98.17
Punjab,Ludhiana,Rice,Kharif,3.53,Red,0.59,0.862,223.0,25.9,2.02,59.25
Punjab,Ludhiana,Cotton,Kharif,7.69,Black,0.387,0.332,958.7,29.0,4.02,87.88
Punjab,Amritsar,Cotton,Kharif,2.89,Red,0.718,0.299,840.9,32.0,2.93,81.3
Maharashtra,Pune,Maize,Rabi,6.32,Loamy,0.692,0.57,650.4,26.8,3.79,87.54
Uttar Pradesh,Lucknow,Cotton,Kharif,9.27,Black,0.52,0.405,137.5,20.7,3.77,39.45
Karnataka,Mysuru,Cotton,Rabi,2.32,Loamy,0.741,0.607,495.7,29.3,1.04,68.5
Uttar Pradesh,Kanpur,Rice,Rabi,13.66,Alluvial,0.865,0.886,904.0,39.6,4.53,97.08
Maharashtra,Pune,Wheat,Rabi,8.1,Loamy,0.747,0.699,989.5,27.4,3.65,100.0
Punjab,Ludhiana,Cotton,Rabi,5.58,Black,0.736,0.884,170.5,23.3,3.37,63.84
Karnataka,Belagavi,Maize,Rabi,6.28,Alluvial,0.206,0.331,913.8,37.5,3.27,58.53
Punjab,Ludhiana,Cotton,Rabi,14.74,Loamy,0.344,0.306,385.8,26.6,5.04,61.38
Punjab,Amritsar,Maize,Rabi,8.43,Red,0.293,0.512,171.3,17.2,3.95,29.77
Karnataka,Mysuru,Sugarcane,Rabi,4.27,Black,0.807,0.697,574.7,15.5,5.11,74.95
Karnataka,Mysuru,Rice,Kharif,8.95,Loamy,0.329,0.654,492.2,38.3,1.8,40.88
Uttar Pradesh,Lucknow,Cotton,Rabi,13.36,Black,0.582,0.735,311.3,18.4,2.87,49.46
Uttar Pradesh,Lucknow,Wheat,Kharif,9.55,Alluvial,0.505,0.381,543.8,32.5,2.24,56.59
Uttar Pradesh,Kanpur,Rice,Rabi,14.91,Black,0.313,0.217,258.4,29.7,1.87,35.25
Maharashtra,Nagpur,Wheat,Rabi,5.26,Loamy,0.577,0.395,157.4,26.5,1.01,39.99
Punjab,Amritsar,Sugarcane,Kharif,11.34,Loamy,0.637,0.688,111.4,37.0,4.22,48.16
Punjab,Amritsar,Maize,Kharif,12.02,Loamy,0.427,0.215,592.9,21.2,5.21,62.41
Punjab,Amritsar,Maize,Rabi,8.45,Alluvial,0.754,0.521,54.6,20.4,6.0,56.94
Uttar Pradesh,Kanpur,Maize,Rabi,0.8,Alluvial,0.662,0.402,315.3,20.6,5.11,59.73
Haryana,Hisar,Sugarcane,Rabi,6.7,Loamy,0.841,0.772,846.0,22.2,2.36,91.23
Maharashtra,Pune,Wheat,Rabi,14.97,Red,0.265,0.213,267.3,26.7,3.86,44.67
Punjab,Amritsar,Wheat,Kharif,1.4,Black,0.376,0.39,523.7,26.0,3.37,61.95
Uttar Pradesh,Kanpur,Cotton,Rabi,6.7,Black,0.724,0.398,510.7,38.5,4.61,62.88
Haryana,Hisar,Sugarcane,Kharif,2.13,Loamy,0.434,0.802,488.1,29.6,1.91,65.99
Maharashtra,Pune,Sugarcane,Rabi,4.13,Loamy,0.239,0.268,605.5,31.5,4.21,59.39
Maharashtra,Pune,Rice,Kharif,1.34,Black,0.414,0.716,245.3,22.5,5.53,61.31
Maharashtra,Pune,Wheat,Kharif,11.15,Loamy,0.767,0.472,177.3,32.2,3.04,54.31
Maharashtra,Nagpur,Maize,Rabi,6.67,Loamy,0.278,0.752,171.9,33.2,3.64,44.92
Maharashtra,Nagpur,Wheat,Rabi,1.66,Loamy,0.423,0.356,262.7,26.5,1.42,40.94
Punjab,Amritsar,Cotton,Rabi,8.84,Red,0.723,0.859,591.9,34.9,4.53,85.23
Punjab,Amritsar,Maize,Kharif,3.89,Black,0.371,0.651,799.6,29.6,5.42,93.14
Maharashtra,Pune,Maize,Rabi,12.53,Black,0.578,0.207,693.1,35.3,2.38,57.36
Punjab,Ludhiana,Rice,Kharif,3.08,Alluvial,0.622,0.497,133.3,33.1,1.36,37.46
Uttar Pradesh,Lucknow,Wheat,Rabi,12.31,Black,0.292,0.337,659.4,22.9,3.38,58.31
Karnataka,Mysuru,Rice,Rabi,14.16,Loamy,0.24,0.242,577.0,39.0,2.1,31.8
